#pragma once
#include <Arduino.h>
#include <stdint.h>

static constexpr int SPLASH_W = 240;
static constexpr int SPLASH_H = 135;
static const uint16_t SPLASH_RGB565[32400] PROGMEM = {
  0xED03, 0xECE3, 0xECE3, 0xECE3, 0xECE3, 0xECE3, 0xECE3, 0xECE3, 0xECE3, 0xECE3, 0xECE3, 0xECE3,
  0xECE3, 0xECE3, 0xECE3, 0xECE3, 0xECE3, 0xECE3, 0xECE3, 0xECE3, 0xECE3, 0xECE3, 0xECE3, 0xECE3,
  0xECE3, 0xECE3, 0xECE3, 0xECE3, 0xECE3, 0xECE3, 0xECE3, 0xECE3, 0xECE3, 0xECE3, 0xECE3, 0xECE3,
  0xECE3, 0xECE3, 0xECE3, 0xECE3, 0xECE3, 0xECE3, 0xECE3, 0xECE3, 0xECE3, 0xECE3, 0xECE3, 0xECE3,
  0xECE3, 0xECE3, 0xECE3, 0xED03, 0xECE3, 0xECE3, 0xECE3, 0xECE3, 0xECE3, 0xECE3, 0xECE3, 0xECE3,
  0xECE3, 0xECE3, 0xECE3, 0xECE3, 0xECE3, 0xECE3, 0xECE3, 0xECE3, 0xECE3, 0xECE3, 0xECE3, 0xECE3,
  0xECE3, 0xECE3, 0xECE3, 0xECE3, 0xECE3, 0xECE3, 0xECC2, 0xED48, 0xFFDF, 0xF7DF, 0xF7DF, 0xF7DF,
  0xF7DF, 0xF7DF, 0xF7DF, 0xF7DF, 0xFFDF, 0xFFDF, 0xF7DF, 0xF7DF, 0xFFDF, 0xFFDF, 0xF7DF, 0xFFDF,
  0xFFDF, 0xFFDF, 0xF7DF, 0xF7DF, 0xFFDF, 0xFFDF, 0xFFDF, 0xFFDF, 0xFFDF, 0xF7DF, 0xFFDF, 0xFFDF,
  0xFFDF, 0xF7DF, 0xFFDF, 0xFFDF, 0xFFDF, 0xF7DF, 0xF7DF, 0xF7DF, 0xFFDF, 0xF7DF, 0xF7DF, 0xFFDF,
  0xFFDF, 0xFFDF, 0xFFDF, 0xFFDF, 0xFFDF, 0xFFDF, 0xFFDF, 0xFFDF, 0xFFDF, 0xFFDF, 0xF7DF, 0xF7DF,
  0xF7DF, 0xF7DF, 0xF7DF, 0xF7DF, 0xFFDF, 0xF7DF, 0xF7DF, 0xF7DF, 0xFFDF, 0xFFDF, 0xFFDF, 0xFFDF,
  0xFFDF, 0xFFDF, 0xF7DF, 0xF7DF, 0xF7DF, 0xFFDF, 0xFFDF, 0xFFDF, 0xFFDF, 0xF7DF, 0xF7DF, 0xF7DF,
  0xF7DF, 0xF7DF, 0xF7DF, 0xFFDF, 0xF7DF, 0xF7DF, 0xF7DF, 0xFFDF, 0xFFDF, 0xFFDF, 0xFFDF, 0xFFDF,
  0xFFDF, 0xFFDF, 0xFFDF, 0xFFDF, 0xF7DF, 0xF7DF, 0xFFDF, 0xF7DF, 0xFFDF, 0xF7DF, 0xF7DF, 0xF7DF,
  0xF7DF, 0xF7DF, 0xF7DF, 0xF7DF, 0xF7DF, 0xF7DF, 0xF7DF, 0xFFDF, 0xFFDF, 0xF7DF, 0xF7DF, 0xF7DF,
  0xF7DF, 0xF7DF, 0xFFDF, 0xF7DF, 0xF7DF, 0xFFDF, 0xF7DF, 0xF7DF, 0xF7DF, 0xFFDF, 0xF7DF, 0xF7DF,
  0xFFDF, 0xFFDF, 0xFFDF, 0xFFDF, 0xFFDF, 0xFFDF, 0xFFDF, 0xFFDF, 0xF7DF, 0xFFDF, 0xFFDF, 0xF7DF,
  0xF7DF, 0xF7DF, 0xFFDF, 0xFFDF, 0xFFDF, 0xFFDF, 0xFFDF, 0xFFDF, 0xFFDF, 0xFFDF, 0xFFDF, 0xFFDF,
  0xFFDF, 0xF7DF, 0xF7DF, 0xF7DF, 0xFFDF, 0xF7DF, 0xF7DF, 0xF7DF, 0xF7DF, 0xF7DF, 0xF7DF, 0xFFDF,
  0xECE3, 0xECE3, 0xECE3, 0xECE3, 0xECE3, 0xECE3, 0xECE3, 0xECE3, 0xECE3, 0xECE3, 0xECE3, 0xECE3,
  0xECE3, 0xECE3, 0xECE3, 0xECE3, 0xECE3, 0xECE3, 0xECE3, 0xECE3, 0xECE3, 0xECE3, 0xECE3, 0xECE3,
  0xECE3, 0xECE3, 0xECE3, 0xECE3, 0xECE3, 0xECE3, 0xECE3, 0xECE3, 0xECE3, 0xECE3, 0xECE3, 0xECE3,
  0xECE3, 0xECE3, 0xECE3, 0xECE3, 0xECE3, 0xECE3, 0xECE3, 0xECE3, 0xECE3, 0xECE3, 0xECE3, 0xECE3,
  0xECE3, 0xECE3, 0xECE3, 0xECE3, 0xED03, 0xECE3, 0xECE3, 0xECE3, 0xECE3, 0xECE3, 0xECE3, 0xECE3,
  0xECE3, 0xECE3, 0xECE3, 0xECE3, 0xECE3, 0xECE3, 0xECE3, 0xECE3, 0xECE3, 0xECE3, 0xECE3, 0xECE3,
  0xECE3, 0xECE3, 0xECE3, 0xECE3, 0xECE3, 0xECE3, 0xECC2, 0xED48, 0xFFDF, 0xF7DF, 0xF7DF, 0xF7DF,
  0xF7DF, 0xF7DF, 0xF7DF, 0xF7DF, 0xFFDF, 0xF7DF, 0xF7DF, 0xF7DF, 0xF7DF, 0xF7DF, 0xFFDF, 0xFFDF,
  0xFFDF, 0xFFDF, 0xFFDF, 0xF7DF, 0xFFDF, 0xFFDF, 0xFFDF, 0xF7DF, 0xFFDF, 0xFFDF, 0xFFDF, 0xF7DF,
  0xFFDF, 0xFFDF, 0xFFDF, 0xFFDF, 0xFFDF, 0xF7DF, 0xFFDF, 0xF7DF, 0xFFDF, 0xFFDF, 0xF7DF, 0xFFDF,
  0xFFDF, 0xFFDF, 0xFFDF, 0xF7DF, 0xF7DF, 0xFFDF, 0xF7DF, 0xF7DF, 0xFFDF, 0xFFDF, 0xF7DF, 0xF7DF,
  0xF7DF, 0xFFDF, 0xFFDF, 0xFFDF, 0xFFDF, 0xFFDF, 0xF7DF, 0xFFDF, 0xFFDF, 0xF7DF, 0xFFDF, 0xFFDF,
  0xF7DF, 0xF7DF, 0xF7DF, 0xF7DF, 0xF7DF, 0xF7DF, 0xF7DF, 0xF7DF, 0xFFDF, 0xF7DF, 0xF7DF, 0xF7DF,
  0xF7DF, 0xF7DF, 0xF7DF, 0xF7DF, 0xF7DF, 0xF7DF, 0xF7DF, 0xF7DF, 0xFFDF, 0xF7DF, 0xFFDF, 0xF7DF,
  0xF7DF, 0xFFDF, 0xFFDF, 0xF7DF, 0xFFDF, 0xFFDF, 0xF7DF, 0xFFDF, 0xF7DF, 0xF7DF, 0xFFDF, 0xF7DF,
  0xF7DF, 0xFFDF, 0xF7DF, 0xF7DF, 0xF7DF, 0xF7DF, 0xF7DF, 0xFFDF, 0xF7DF, 0xF7DF, 0xF7DF, 0xF7DF,
  0xF7DF, 0xF7DF, 0xF7DF, 0xFFDF, 0xF7DF, 0xF7DF, 0xFFDF, 0xF7DF, 0xF7DF, 0xFFDF, 0xFFDF, 0xF7DF,
  0xF7DF, 0xFFDF, 0xF7DF, 0xF7DF, 0xF7DF, 0xFFDF, 0xF7DF, 0xF7DF, 0xFFDF, 0xFFDF, 0xF7DF, 0xFFDF,
  0xF7DF, 0xF7DF, 0xF7DF, 0xF7DF, 0xFFDF, 0xF7DF, 0xF7DF, 0xFFDF, 0xF7DF, 0xF7DF, 0xFFDF, 0xFFDF,
  0xFFDF, 0xF7DF, 0xF7DF, 0xF7DF, 0xFFDF, 0xF7DF, 0xF7DF, 0xF7DF, 0xF7DF, 0xF7DF, 0xFFDF, 0xFFDF,
  0xECE3, 0xECE3, 0xECE3, 0xECE3, 0xECE3, 0xECE3, 0xECE3, 0xECE3, 0xECE3, 0xECE3, 0xECE3, 0xECE3,
  0xECE3, 0xECE3, 0xECE3, 0xECE3, 0xECE3, 0xECE3, 0xECE3, 0xECE3, 0xECE3, 0xECE3, 0xECE3, 0xECE3,
  0xECE3, 0xECE3, 0xECE3, 0xECE3, 0xECE3, 0xECE3, 0xECE3, 0xECE3, 0xECE3, 0xECE3, 0xECE3, 0xECE3,
  0xECE3, 0xECE3, 0xECE3, 0xECE3, 0xECE3, 0xECE3, 0xECE3, 0xECE3, 0xECE3, 0xECE3, 0xECE3, 0xECE3,
  0xECE3, 0xECE3, 0xECE3, 0xECE3, 0xECE3, 0xECE3, 0xECE3, 0xECE3, 0xECE3, 0xECE3, 0xECE3, 0xECE3,
  0xECE3, 0xECE3, 0xECE3, 0xECE3, 0xECE3, 0xECE3, 0xECE3, 0xECE3, 0xECE3, 0xECE3, 0xECE3, 0xECE3,
  0xECE3, 0xECE3, 0xECE3, 0xECE3, 0xECE3, 0xECE3, 0xECC2, 0xED68, 0xFFDF, 0xF7DF, 0xF7DF, 0xFFDF,
  0xF7DF, 0xFFDF, 0xFFDF, 0xFFDF, 0xFFDF, 0xF7DF, 0xF7DF, 0xFFDF, 0xF7DF, 0xFFDF, 0xF7DF, 0xFFDF,
  0xFFDF, 0xFFDF, 0xFFDF, 0xFFDF, 0xFFDF, 0xFFDF, 0xF7DF, 0xFFDF, 0xF7DF, 0xF7DF, 0xFFDF, 0xFFDF,
  0xFFDF, 0xFFDF, 0xFFDF, 0xFFDF, 0xFFDF, 0xF7DF, 0xF7DF, 0xF7DF, 0xFFDF, 0xFFDF, 0xFFDF, 0xF7DF,
  0xFFDF, 0xF7DF, 0xF7DF, 0xFFDF, 0xF7DF, 0xF7DF, 0xF7DF, 0xF7DF, 0xF7DF, 0xF7DF, 0xFFDF, 0xF7DF,
  0xFFDF, 0xF7DF, 0xF7DF, 0xFFDF, 0xFFDF, 0xFFDF, 0xFFDF, 0xFFDF, 0xF7DF, 0xFFDF, 0xFFDF, 0xF7DF,
  0xFFDF, 0xF7DF, 0xF7DF, 0xFFDF, 0xFFDF, 0xFFDF, 0xF7DF, 0xF7DF, 0xF7DF, 0xF7DF, 0xFFDF, 0xFFDF,
  0xF7DF, 0xFFDF, 0xFFDF, 0xF7DF, 0xF7DF, 0xFFDF, 0xF7DF, 0xFFDF, 0xFFDF, 0xFFDF, 0xF7DF, 0xFFDF,
  0xFFDF, 0xFFDF, 0xFFDF, 0xF7DF, 0xF7DF, 0xF7DF, 0xFFDF, 0xF7DF, 0xFFDF, 0xFFDF, 0xFFDF, 0xFFDF,
  0xFFDF, 0xF7DF, 0xF7DF, 0xF7DF, 0xF7DF, 0xF7DF, 0xF7DF, 0xFFDF, 0xFFDF, 0xF7DF, 0xFFDF, 0xF7DF,
  0xFFDF, 0xFFDF, 0xF7DF, 0xF7DF, 0xFFDF, 0xF7DF, 0xF7DF, 0xFFDF, 0xFFDF, 0xFFDF, 0xFFDF, 0xF7DF,
  0xF7DF, 0xF7DF, 0xF7DF, 0xF7DF, 0xF7DF, 0xFFDF, 0xFFDF, 0xFFDF, 0xFFDF, 0xFFDF, 0xF7DF, 0xF7DF,
  0xFFDF, 0xF7DF, 0xF7DF, 0xFFDF, 0xFFDF, 0xFFDF, 0xFFDF, 0xFFDF, 0xF7DF, 0xFFDF, 0xF7DF, 0xFFDF,
  0xFFDF, 0xFFDF, 0xFFDF, 0xF7DF, 0xF7DF, 0xF7DF, 0xF7DF, 0xFFDF, 0xF7DF, 0xFFDF, 0xFFDF, 0xFFDF,
  0xECE3, 0xED03, 0xED03, 0xECE3, 0xECE3, 0xECE3, 0xECE3, 0xECE3, 0xECE3, 0xECE3, 0xECE3, 0xECE3,
  0xECE3, 0xECE3, 0xECE3, 0xECE3, 0xECE3, 0xECE3, 0xECE3, 0xECE3, 0xECE3, 0xECE3, 0xECE3, 0xECE3,
  0xECE3, 0xECE3, 0xECE3, 0xECE3, 0xECE3, 0xECE3, 0xECE3, 0xECE3, 0xECE3, 0xECE3, 0xECE3, 0xECE3,
  0xECE3, 0xECE3, 0xECE3, 0xECE3, 0xECE3, 0xECE3, 0xECE3, 0xECE3, 0xECE3, 0xECE3, 0xECE3, 0xECE3,
  0xECE3, 0xECE3, 0xECE3, 0xECE3, 0xECE3, 0xECE3, 0xECE3, 0xECE3, 0xECE3, 0xECE3, 0xECE3, 0xECE3,
  0xECE3, 0xECE3, 0xECE3, 0xECE3, 0xECE3, 0xECE3, 0xECE3, 0xECE3, 0xECE3, 0xECE3, 0xECE3, 0xECE3,
  0xECE3, 0xECE3, 0xECE3, 0xECE3, 0xECE3, 0xECE4, 0xECC2, 0xED48, 0xF7DF, 0xFFDF, 0xF7DF, 0xF7DF,
  0xF7DF, 0xFFDF, 0xFFDF, 0xFFDF, 0xFFDF, 0xFFDF, 0xF7DF, 0xF7DF, 0xFFDF, 0xF7DF, 0xFFDF, 0xFFDF,
  0xFFDF, 0xF7DF, 0xFFDF, 0xFFDF, 0xFFDF, 0xFFDF, 0xF7DF, 0xFFDF, 0xF7DF, 0xF7DF, 0xFFDF, 0xFFDF,
  0xFFDF, 0xF7DF, 0xFFDF, 0xFFDF, 0xFFDF, 0xFFDF, 0xF7DF, 0xFFDF, 0xF7DF, 0xF7DF, 0xF7DF, 0xFFDF,
  0xFFDF, 0xFFDF, 0xF7DF, 0xFFDF, 0xFFDF, 0xFFDF, 0xF7DF, 0xF7DF, 0xF7DF, 0xFFDF, 0xFFDF, 0xF7DF,
  0xF7DF, 0xF7DF, 0xFFDF, 0xFFDF, 0xFFDF, 0xFFDF, 0xFFDF, 0xF7DF, 0xF7DF, 0xFFDF, 0xFFDF, 0xFFDF,
  0xFFDF, 0xFFDF, 0xF7DF, 0xFFDF, 0xFFDF, 0xF7DF, 0xF7DF, 0xF7DF, 0xFFDF, 0xF7DF, 0xFFDF, 0xF7DF,
  0xFFDF, 0xFFDF, 0xF7DF, 0xFFDF, 0xFFDF, 0xF7DF, 0xF7DF, 0xFFDF, 0xF7DF, 0xFFDF, 0xF7DF, 0xFFDF,
  0xFFDF, 0xF7DF, 0xF7DF, 0xFFDF, 0xF7DF, 0xFFDF, 0xF7DF, 0xF7DF, 0xFFDF, 0xFFDF, 0xFFDF, 0xFFDF,
  0xF7DF, 0xF7DF, 0xFFDF, 0xFFDF, 0xF7DF, 0xFFDF, 0xFFDF, 0xF7DF, 0xF7DF, 0xF7DF, 0xFFDF, 0xF7DF,
  0xF7DF, 0xFFDF, 0xFFDF, 0xFFDF, 0xFFDF, 0xF7DF, 0xFFDF, 0xF7DF, 0xFFDF, 0xFFDF, 0xF7DF, 0xFFDF,
  0xFFDF, 0xF7DF, 0xF7DF, 0xFFDF, 0xFFDF, 0xFFDF, 0xFFDF, 0xF7DF, 0xF7DF, 0xF7DF, 0xF7DF, 0xF7DF,
  0xFFDF, 0xF7DF, 0xF7DF, 0xF7DF, 0xF7DF, 0xFFDF, 0xF7DF, 0xF7DF, 0xF7DF, 0xFFDF, 0xF7DF, 0xFFDF,
  0xFFDF, 0xF7DF, 0xFFDF, 0xF7DF, 0xF7DF, 0xF7DF, 0xF7DF, 0xFFDF, 0xF7DF, 0xF7DF, 0xF7DF, 0xFFDF,
  0xECE3, 0xED03, 0xED03, 0xECE3, 0xECE3, 0xECE3, 0xECE3, 0xECE3, 0xECE3, 0xECE3, 0xECE3, 0xECE3,
  0xECE3, 0xECE3, 0xECE3, 0xECE3, 0xECE3, 0xECE3, 0xECE3, 0xECE3, 0xECE3, 0xECE3, 0xECE3, 0xECE3,
  0xECE3, 0xECE3, 0xECE3, 0xECE3, 0xECE3, 0xECE3, 0xECE3, 0xECE3, 0xECE3, 0xECE3, 0xECE3, 0xECE3,
  0xECE3, 0xECE3, 0xECE3, 0xECE3, 0xECE3, 0xECE3, 0xECE3, 0xECE3, 0xECE3, 0xECE3, 0xECE3, 0xECE3,
  0xECE3, 0xED03, 0xECE3, 0xECE3, 0xECE3, 0xECE3, 0xECE3, 0xECE3, 0xECE3, 0xECE3, 0xECE3, 0xECE3,
  0xECE3, 0xECE3, 0xECE3, 0xECE3, 0xECE3, 0xECE3, 0xECE3, 0xECE3, 0xECE3, 0xECE3, 0xECE3, 0xECE3,
  0xECE3, 0xECE3, 0xECE3, 0xECE3, 0xECE3, 0xECE3, 0xECC2, 0xED68, 0xFFDF, 0xF7DF, 0xF7DF, 0xF7DF,
  0xF7DF, 0xF7DF, 0xFFDF, 0xF7DF, 0xF7DF, 0xFFDF, 0xFFDF, 0xFFDF, 0xF7DF, 0xFFDF, 0xF7DF, 0xFFDF,
  0xFFDF, 0xFFDF, 0xFFDF, 0xFFDF, 0xF7DF, 0xF7DF, 0xF7DF, 0xF7DF, 0xFFDF, 0xFFDF, 0xFFDF, 0xF7DF,
  0xFFDF, 0xFFDF, 0xF7DF, 0xFFDF, 0xF7DF, 0xF7DF, 0xF7DF, 0xF7DF, 0xF7DF, 0xF7DF, 0xF7DF, 0xF7DF,
  0xFFDF, 0xF7DF, 0xF7DF, 0xF7DF, 0xFFDF, 0xF7DF, 0xF7DF, 0xF7DF, 0xFFDF, 0xFFDF, 0xF7DF, 0xF7DF,
  0xF7DF, 0xF7DF, 0xF7DF, 0xF7DF, 0xFFDF, 0xFFDF, 0xFFDF, 0xFFDF, 0xF7DF, 0xFFDF, 0xFFDF, 0xFFDF,
  0xFFDF, 0xF7DF, 0xF7DF, 0xF7DF, 0xF7DF, 0xFFDF, 0xF7DF, 0xF7DF, 0xFFDF, 0xF7DF, 0xF7DF, 0xFFDF,
  0xF7DF, 0xF7DF, 0xFFDF, 0xF7DF, 0xF7DF, 0xF7DF, 0xF7DF, 0xF7DF, 0xFFDF, 0xFFDF, 0xF7DF, 0xF7DF,
  0xFFDF, 0xFFDF, 0xFFDF, 0xF7DF, 0xFFDF, 0xF7DF, 0xFFDF, 0xFFDF, 0xFFDF, 0xF7DF, 0xFFDF, 0xFFDF,
  0xF7DF, 0xF7DF, 0xF7DF, 0xF7DF, 0xFFDF, 0xFFDF, 0xFFDF, 0xFFDF, 0xFFDF, 0xFFDF, 0xFFDF, 0xFFDF,
  0xF7DF, 0xF7DF, 0xFFDF, 0xF7DF, 0xF7DF, 0xFFDF, 0xFFDF, 0xF7DF, 0xFFDF, 0xFFDF, 0xF7DF, 0xF7DF,
  0xF7DF, 0xF7DF, 0xF7DF, 0xF7DF, 0xF7DF, 0xF7DF, 0xF7DF, 0xF7DF, 0xF7DF, 0xFFDF, 0xFFDF, 0xFFDF,
  0xF7DF, 0xF7DF, 0xFFDF, 0xFFDF, 0xFFDF, 0xFFDF, 0xFFDF, 0xFFDF, 0xFFDF, 0xFFDF, 0xFFDF, 0xF7DF,
  0xFFDF, 0xF7DF, 0xFFDF, 0xF7DF, 0xF7DF, 0xFFDF, 0xFFDF, 0xFFDF, 0xFFDF, 0xF7DF, 0xF7DF, 0xF7DF,
  0xECE3, 0xED03, 0xECE3, 0xECE3, 0xECE3, 0xECE3, 0xECE3, 0xECE3, 0xECE3, 0xECE3, 0xECE3, 0xECE3,
  0xECE3, 0xECE3, 0xECE3, 0xECE3, 0xECE3, 0xECE3, 0xECE3, 0xECE3, 0xECE3, 0xECE3, 0xECE3, 0xECE3,
  0xECE3, 0xECE3, 0xECE3, 0xECE3, 0xECE3, 0xECE3, 0xECE3, 0xECE3, 0xECE3, 0xECE3, 0xECE3, 0xECE3,
  0xECE3, 0xECE3, 0xECE3, 0xECE3, 0xECE3, 0xECE3, 0xECE3, 0xECE3, 0xECE3, 0xECE3, 0xECE3, 0xECE3,
  0xECE3, 0xECE3, 0xECE3, 0xECE3, 0xECE3, 0xECE3, 0xECE3, 0xECE3, 0xECE3, 0xECE3, 0xECE3, 0xECE3,
  0xECE3, 0xECE3, 0xECE3, 0xECE3, 0xECE3, 0xECE3, 0xECE3, 0xECE3, 0xECE3, 0xECE3, 0xECE3, 0xECE3,
  0xECE3, 0xECE3, 0xECE3, 0xECE3, 0xECE3, 0xECE3, 0xECC2, 0xED68, 0xFFDF, 0xF7DF, 0xF7DF, 0xF7DF,
  0xF7DF, 0xF7DF, 0xFFDF, 0xF7DF, 0xFFDF, 0xFFDF, 0xF7DF, 0xF7DF, 0xFFDF, 0xFFDF, 0xF7DF, 0xFFDF,
  0xFFDF, 0xFFDF, 0xFFDF, 0xF7DF, 0xF7DF, 0xFFDF, 0xF7DF, 0xFFDF, 0xFFDF, 0xF7DF, 0xF7DF, 0xFFDF,
  0xF7DF, 0xFFDF, 0xF7DF, 0xF7DF, 0xFFDF, 0xFFDF, 0xFFDF, 0xF7DF, 0xF7DF, 0xF7DF, 0xFFDF, 0xFFDF,
  0xFFDF, 0xF7DF, 0xFFDF, 0xFFDF, 0xFFDF, 0xFFDF, 0xFFDF, 0xFFDF, 0xF7DF, 0xFFDF, 0xFFDF, 0xF7DF,
  0xF7DF, 0xFFDF, 0xF7DF, 0xF7DF, 0xFFDF, 0xF7DF, 0xF7DF, 0xFFDF, 0xF7DF, 0xFFDF, 0xF7DF, 0xF7DF,
  0xF7DF, 0xF7DF, 0xF7DF, 0xF7DF, 0xF7DF, 0xF7DF, 0xF7DF, 0xF7DF, 0xFFDF, 0xFFDF, 0xFFDF, 0xF7DF,
  0xF7DF, 0xF7DF, 0xF7DF, 0xF7DF, 0xFFDF, 0xFFDF, 0xFFDF, 0xFFDF, 0xFFDF, 0xFFDF, 0xFFDF, 0xFFDF,
  0xF7DF, 0xFFDF, 0xFFDF, 0xFFDF, 0xF7DF, 0xFFDF, 0xF7DF, 0xF7DF, 0xF7DF, 0xF7DF, 0xF7DF, 0xFFDF,
  0xFFDF, 0xFFDF, 0xFFDF, 0xF7DF, 0xFFDF, 0xF7DF, 0xFFDF, 0xFFDF, 0xF7DF, 0xFFDF, 0xF7DF, 0xF7DF,
  0xF7DF, 0xFFDF, 0xFFDF, 0xF7DF, 0xFFDF, 0xFFDF, 0xF7DF, 0xFFDF, 0xF7DF, 0xF7DF, 0xF7DF, 0xF7DF,
  0xFFDF, 0xFFDF, 0xF7DF, 0xF7DF, 0xF7DF, 0xFFDF, 0xFFDF, 0xF7DF, 0xF7DF, 0xFFDF, 0xFFDF, 0xFFDF,
  0xFFDF, 0xFFDF, 0xFFDF, 0xFFDF, 0xFFDF, 0xFFDF, 0xF7DF, 0xFFDF, 0xFFDF, 0xF7DF, 0xFFDF, 0xFFDF,
  0xF7DF, 0xFFDF, 0xF7DF, 0xF7DF, 0xF7DF, 0xF7DF, 0xF7DF, 0xF7DF, 0xFFDF, 0xFFDF, 0xF7DF, 0xFFDF,
  0xECE3, 0xED03, 0xECE3, 0xECE3, 0xECE3, 0xECE3, 0xECE3, 0xECE3, 0xECE3, 0xECE3, 0xECE3, 0xECE3,
  0xECE3, 0xECE3, 0xECE3, 0xECE3, 0xECE3, 0xECE3, 0xECE3, 0xECE3, 0xECE3, 0xECE3, 0xECE3, 0xECE3,
  0xECE3, 0xECE3, 0xECE3, 0xECE3, 0xECE3, 0xECE3, 0xECE3, 0xECE3, 0xECE3, 0xECE3, 0xECE3, 0xECE3,
  0xECE3, 0xECE3, 0xECE3, 0xECE3, 0xECE3, 0xECE3, 0xECE3, 0xECE3, 0xECE3, 0xECE3, 0xECE3, 0xECE3,
  0xECE3, 0xECE3, 0xECE3, 0xECE3, 0xECE3, 0xECE3, 0xECE3, 0xECE3, 0xECE3, 0xECE3, 0xECE3, 0xECE3,
  0xECE3, 0xECE3, 0xECE3, 0xECE3, 0xECE3, 0xECE3, 0xECE3, 0xECE3, 0xECE3, 0xECE3, 0xECE3, 0xECE3,
  0xECE3, 0xECE3, 0xECE3, 0xECE3, 0xECE3, 0xED04, 0xECC2, 0xED68, 0xFFDF, 0xF7DF, 0xF7DF, 0xF7DF,
  0xF7DF, 0xFFDF, 0xF7DF, 0xF7DF, 0xFFDF, 0xF7DF, 0xF7DF, 0xF7DF, 0xFFDF, 0xFFDF, 0xFFDF, 0xF7DF,
  0xFFDF, 0xFFDF, 0xFFDF, 0xF7DF, 0xFFDF, 0xFFDF, 0xF7DF, 0xFFDF, 0xFFDF, 0xF7DF, 0xF7DF, 0xF7DF,
  0xFFDF, 0xFFDF, 0xF7DF, 0xFFDF, 0xF7DF, 0xF7DF, 0xF7DF, 0xF7DF, 0xF7DF, 0xFFDF, 0xFFDF, 0xFFDF,
  0xF7DF, 0xF7DF, 0xF7DF, 0xFFDF, 0xFFDF, 0xFFDF, 0xFFDF, 0xFFDF, 0xF7DF, 0xFFDF, 0xFFDF, 0xFFDF,
  0xF7DF, 0xFFDF, 0xFFDF, 0xF7DF, 0xF7DF, 0xFFDF, 0xF7DF, 0xF7DF, 0xF7DF, 0xFFDF, 0xFFDF, 0xFFDF,
  0xFFDF, 0xFFDF, 0xF7DF, 0xFFDF, 0xF7DF, 0xF7DF, 0xFFDF, 0xF7DF, 0xF7DF, 0xFFDF, 0xF7DF, 0xF7DF,
  0xFFDF, 0xFFDF, 0xFFDF, 0xFFDF, 0xFFDF, 0xFFDF, 0xFFDF, 0xFFDF, 0xFFDF, 0xFFDF, 0xFFDF, 0xFFDF,
  0xFFDF, 0xFFDF, 0xFFDF, 0xF7DF, 0xFFDF, 0xFFDF, 0xFFDF, 0xF7DF, 0xF7DF, 0xF7DF, 0xF7DF, 0xFFDF,
  0xFFDF, 0xF7DF, 0xF7DF, 0xFFDF, 0xF7DF, 0xFFDF, 0xFFDF, 0xF7DF, 0xF7DF, 0xF7DF, 0xF7DF, 0xF7DF,
  0xF7DF, 0xF7DF, 0xFFDF, 0xFFDF, 0xFFDF, 0xFFDF, 0xFFDF, 0xFFDF, 0xFFDF, 0xF7DF, 0xFFDF, 0xFFDF,
  0xFFDF, 0xF7DF, 0xF7DF, 0xFFDF, 0xF7DF, 0xFFDF, 0xFFDF, 0xF7DF, 0xFFDF, 0xFFDF, 0xF7DF, 0xFFDF,
  0xF7DF, 0xF7DF, 0xF7DF, 0xFFDF, 0xFFDF, 0xFFDF, 0xFFDF, 0xFFDF, 0xFFDF, 0xFFDF, 0xF7DF, 0xF7DF,
  0xF7DF, 0xF7DF, 0xF7DF, 0xF7DF, 0xF7DF, 0xF7DF, 0xF7DF, 0xFFDF, 0xFFDF, 0xFFDF, 0xF7DF, 0xFFDF,
  0xECE3, 0xECE3, 0xECE3, 0xECE3, 0xECE3, 0xECE3, 0xECE3, 0xECE3, 0xECE3, 0xECE3, 0xECE3, 0xECE3,
  0xECE3, 0xECE3, 0xECE3, 0xECE3, 0xECE3, 0xECE3, 0xECE3, 0xECE3, 0xECE3, 0xECE3, 0xECE3, 0xECE3,
  0xECE3, 0xECE3, 0xECE3, 0xECE3, 0xECE3, 0xECE3, 0xECE3, 0xECE3, 0xECE3, 0xECE3, 0xECE3, 0xECE3,
  0xECE3, 0xECE3, 0xECE3, 0xECE3, 0xECE3, 0xECE3, 0xECE3, 0xECE3, 0xECE3, 0xECE3, 0xECE3, 0xECE3,
  0xECE3, 0xECE3, 0xECE3, 0xECE3, 0xECE3, 0xECE3, 0xECE3, 0xECE3, 0xECE3, 0xECE3, 0xECE3, 0xECE3,
  0xECE3, 0xECE3, 0xECE3, 0xECE3, 0xECE3, 0xECE3, 0xECE3, 0xECE3, 0xECE3, 0xECE3, 0xECE3, 0xECE3,
  0xECE3, 0xECE3, 0xECE3, 0xECE3, 0xECE3, 0xED04, 0xECC2, 0xED68, 0xFFDF, 0xF7DF, 0xF7DF, 0xF7DF,
  0xF7DF, 0xF7DF, 0xF7DF, 0xF7DF, 0xF7DF, 0xFFDF, 0xF7DF, 0xF7DF, 0xF7DF, 0xFFDF, 0xFFDF, 0xFFDF,
  0xFFDF, 0xF7DF, 0xF7DF, 0xFFDF, 0xF7DF, 0xFFDF, 0xFFDF, 0xF7DF, 0xFFDF, 0xF7DF, 0xF7DF, 0xFFDF,
  0xF7DF, 0xFFDF, 0xFFDF, 0xFFDF, 0xF7DF, 0xFFDF, 0xFFDF, 0xF7DF, 0xFFDF, 0xFFDF, 0xFFDF, 0xF7DF,
  0xF7DF, 0xF7DF, 0xF7DF, 0xFFDF, 0xFFDF, 0xFFDF, 0xFFDF, 0xFFDF, 0xFFDF, 0xF7DF, 0xF7DF, 0xF7DF,
  0xFFDF, 0xFFDF, 0xFFDF, 0xF7DF, 0xFFDF, 0xFFDF, 0xFFDF, 0xFFDF, 0xF7DF, 0xF7DF, 0xFFDF, 0xFFDF,
  0xFFDF, 0xFFDF, 0xF7DF, 0xF7DF, 0xF7DF, 0xFFDF, 0xF7DF, 0xFFDF, 0xF7DF, 0xFFDF, 0xFFDF, 0xFFDF,
  0xFFDF, 0xFFDF, 0xFFDF, 0xF7DF, 0xF7DF, 0xFFDF, 0xF7DF, 0xF7DF, 0xFFDF, 0xF7DF, 0xF7DF, 0xFFDF,
  0xFFDF, 0xFFDF, 0xFFDF, 0xF7DF, 0xFFDF, 0xFFDF, 0xFFDF, 0xFFDF, 0xFFDF, 0xFFDF, 0xF7DF, 0xF7DF,
  0xF7DF, 0xFFDF, 0xFFDF, 0xFFDF, 0xFFDF, 0xFFDF, 0xFFDF, 0xFFDF, 0xF7DF, 0xF7DF, 0xFFDF, 0xF7DF,
  0xF7DF, 0xFFDF, 0xFFDF, 0xFFDF, 0xFFDF, 0xF7DF, 0xF7DF, 0xFFDF, 0xFFDF, 0xFFDF, 0xFFDF, 0xFFDF,
  0xF7DF, 0xFFDF, 0xF7DF, 0xF7DF, 0xF7DF, 0xFFDF, 0xF7DF, 0xFFDF, 0xFFDF, 0xF7DF, 0xFFDF, 0xF7DF,
  0xFFDF, 0xF7DF, 0xFFDF, 0xFFDF, 0xF7DF, 0xFFDF, 0xFFDF, 0xF7DF, 0xF7DF, 0xF7DF, 0xF7DF, 0xF7DF,
  0xF7DF, 0xFFDF, 0xF7DF, 0xF7DF, 0xFFDF, 0xF7DF, 0xFFDF, 0xFFDF, 0xFFDF, 0xF7DF, 0xFFDF, 0xFFDF,
  0xECE3, 0xECE3, 0xECE3, 0xECE3, 0xECE3, 0xECE3, 0xECE3, 0xECE3, 0xECE3, 0xECE3, 0xECE3, 0xECE3,
  0xECE3, 0xECE3, 0xECE3, 0xECE3, 0xECE3, 0xECE3, 0xECE3, 0xECE3, 0xECE3, 0xECE3, 0xECE3, 0xECE3,
  0xECE3, 0xECE3, 0xECE3, 0xECE3, 0xECE3, 0xECE3, 0xECE3, 0xECE3, 0xECE3, 0xECE3, 0xECE3, 0xECE3,
  0xECE3, 0xECE3, 0xECE3, 0xECE3, 0xECE3, 0xECE3, 0xECE3, 0xECE3, 0xECE3, 0xECE3, 0xECE3, 0xECE3,
  0xECE3, 0xECE3, 0xECE3, 0xECE3, 0xECE3, 0xECE3, 0xECE3, 0xECE3, 0xECE3, 0xECE3, 0xECE3, 0xECE3,
  0xECE3, 0xECE3, 0xECE3, 0xECE3, 0xECE3, 0xECE3, 0xECE3, 0xECE3, 0xECE3, 0xECE3, 0xECE3, 0xECE3,
  0xECE3, 0xECE3, 0xECE3, 0xECE3, 0xECE3, 0xED04, 0xECC2, 0xED68, 0xFFDF, 0xF7DF, 0xF7DF, 0xF7DF,
  0xF7DF, 0xF7DF, 0xF7DF, 0xFFDF, 0xF7DF, 0xF7DF, 0xFFDF, 0xF7DF, 0xF7DF, 0xFFDF, 0xFFDF, 0xFFDF,
  0xF7DF, 0xF7DF, 0xF7DF, 0xF7DF, 0xF7DF, 0xF7DF, 0xF7DF, 0xF7DF, 0xFFDF, 0xFFDF, 0xF7DF, 0xFFDF,
  0xF7DF, 0xFFDF, 0xFFDF, 0xFFDF, 0xF7DF, 0xFFDF, 0xFFDF, 0xF7DF, 0xFFDF, 0xF7DF, 0xF7DF, 0xF7DF,
  0xF7DF, 0xF7DF, 0xFFDF, 0xFFDF, 0xFFDF, 0xFFDF, 0xF7DF, 0xF7DF, 0xF7DF, 0xF7DF, 0xF7DF, 0xFFDF,
  0xFFDF, 0xF7DF, 0xF7DF, 0xF7DF, 0xF7DF, 0xFFDF, 0xFFDF, 0xFFDF, 0xFFDF, 0xF7DF, 0xFFDF, 0xF7DF,
  0xF7DF, 0xFFDF, 0xF7DF, 0xFFDF, 0xFFDF, 0xF7DF, 0xFFDF, 0xFFDF, 0xFFDF, 0xFFDF, 0xF7DF, 0xF7DF,
  0xFFDF, 0xF7DF, 0xFFDF, 0xF7DF, 0xF7DF, 0xF7DF, 0xF7DF, 0xFFDF, 0xFFDF, 0xF7DF, 0xFFDF, 0xFFDF,
  0xFFDF, 0xF7DF, 0xFFDF, 0xFFDF, 0xFFDF, 0xFFDF, 0xF7DF, 0xFFDF, 0xF7DF, 0xF7DF, 0xFFDF, 0xF7DF,
  0xFFDF, 0xFFDF, 0xF7DF, 0xF7DF, 0xFFDF, 0xFFDF, 0xFFDF, 0xFFDF, 0xF7DF, 0xF7DF, 0xFFDF, 0xFFDF,
  0xF7DF, 0xF7DF, 0xF7DF, 0xF7DF, 0xFFDF, 0xFFDF, 0xF7DF, 0xFFDF, 0xFFDF, 0xF7DF, 0xF7DF, 0xF7DF,
  0xFFDF, 0xFFDF, 0xFFDF, 0xFFDF, 0xF7DF, 0xFFDF, 0xF7DF, 0xFFDF, 0xFFDF, 0xFFDF, 0xF7DF, 0xF7DF,
  0xFFDF, 0xF7DF, 0xF7DF, 0xFFDF, 0xFFDF, 0xF7DF, 0xFFDF, 0xFFDF, 0xF7DF, 0xF7DF, 0xF7DF, 0xF7DF,
  0xF7DF, 0xFFDF, 0xF7DF, 0xF7DF, 0xF7DF, 0xF7DF, 0xF7DF, 0xFFDF, 0xFFDF, 0xFFDF, 0xFFDF, 0xFFDF,
  0xECE3, 0xECE3, 0xECE3, 0xECE3, 0xECE3, 0xECE3, 0xECE3, 0xECE3, 0xECE3, 0xECE3, 0xECE3, 0xECE3,
  0xECE3, 0xECE3, 0xECE3, 0xECE3, 0xECE3, 0xECE3, 0xECE3, 0xECE3, 0xECE3, 0xECE3, 0xECE3, 0xECE3,
  0xECE3, 0xECE3, 0xECE3, 0xECE3, 0xECE3, 0xECE3, 0xECE3, 0xECE3, 0xECE3, 0xECE3, 0xECE3, 0xECE3,
  0xECE3, 0xECE3, 0xECE3, 0xECE3, 0xECE3, 0xECE3, 0xECE3, 0xECE3, 0xECE3, 0xECE3, 0xECE3, 0xECE3,
  0xECE3, 0xECE3, 0xECE3, 0xECE3, 0xECE3, 0xECE3, 0xECE3, 0xECE3, 0xECE3, 0xECE3, 0xECE3, 0xECE3,
  0xECE3, 0xECE3, 0xECE3, 0xECE3, 0xECE3, 0xECE3, 0xECE3, 0xECE3, 0xECE3, 0xECE3, 0xECE3, 0xECE3,
  0xECE3, 0xECE3, 0xECE3, 0xECE3, 0xECE3, 0xECE3, 0xECC2, 0xED68, 0xF7DF, 0xF7DF, 0xF7DF, 0xFFDF,
  0xFFDF, 0xF7DF, 0xF7DF, 0xF7DF, 0xFFDF, 0xFFDF, 0xF7DF, 0xF7DF, 0xFFDF, 0xFFDF, 0xFFDF, 0xFFDF,
  0xFFDF, 0xFFDF, 0xF7DF, 0xF7DF, 0xFFDF, 0xF7DF, 0xF7DF, 0xF7DF, 0xFFDF, 0xF7DF, 0xF7DF, 0xFFDF,
  0xF7DF, 0xF7DF, 0xF7DF, 0xFFDF, 0xFFDF, 0xF7DF, 0xFFDF, 0xFFDF, 0xFFDF, 0xFFDF, 0xFFDF, 0xF7DF,
  0xFFDF, 0xF7DF, 0xFFDF, 0xFFDF, 0xF7DF, 0xF7DF, 0xF7DF, 0xF7DF, 0xF7DF, 0xF7DF, 0xF7DF, 0xF7DF,
  0xFFDF, 0xF7DF, 0xF7DF, 0xFFDF, 0xF7DF, 0xFFDF, 0xFFDF, 0xF7DF, 0xF7DF, 0xFFDF, 0xFFDF, 0xF7DF,
  0xFFDF, 0xFFDF, 0xF7DF, 0xFFDF, 0xFFDF, 0xF7DF, 0xF7DF, 0xF7DF, 0xFFDF, 0xFFDF, 0xF7DF, 0xFFDF,
  0xFFDF, 0xF7DF, 0xFFDF, 0xF7DF, 0xF7DF, 0xF7DF, 0xF7DF, 0xF7DF, 0xFFDF, 0xF7DF, 0xFFDF, 0xFFDF,
  0xFFDF, 0xF7DF, 0xF7DF, 0xFFDF, 0xFFDF, 0xF7DF, 0xF7DF, 0xF7DF, 0xF7DF, 0xFFDF, 0xF7DF, 0xF7DF,
  0xF7DF, 0xFFDF, 0xF7DF, 0xF7DF, 0xFFDF, 0xFFDF, 0xF7DF, 0xF7DF, 0xFFDF, 0xF7DF, 0xF7DF, 0xFFDF,
  0xF7DF, 0xF7DF, 0xF7DF, 0xF7DF, 0xF7DF, 0xF7DF, 0xFFDF, 0xF7DF, 0xF7DF, 0xFFDF, 0xF7DF, 0xF7DF,
  0xFFDF, 0xFFDF, 0xFFDF, 0xFFDF, 0xFFDF, 0xFFDF, 0xF7DF, 0xF7DF, 0xF7DF, 0xF7DF, 0xFFDF, 0xFFDF,
  0xFFDF, 0xFFDF, 0xFFDF, 0xFFDF, 0xF7DF, 0xFFDF, 0xF7DF, 0xFFDF, 0xF7DF, 0xF7DF, 0xF7DF, 0xFFDF,
  0xFFDF, 0xFFDF, 0xF7DF, 0xF7DF, 0xFFDF, 0xF7DF, 0xFFDF, 0xFFDF, 0xF7DF, 0xFFDF, 0xFFDF, 0xFFDF,
  0xECE3, 0xECE3, 0xECE3, 0xECE3, 0xECE3, 0xECE3, 0xECE3, 0xECE3, 0xECE3, 0xECE3, 0xECE3, 0xECE3,
  0xECE3, 0xECE3, 0xECE3, 0xECE3, 0xECE3, 0xECE3, 0xECE3, 0xECE3, 0xECE3, 0xECE3, 0xECE3, 0xECE3,
  0xECE3, 0xECE3, 0xECE3, 0xECE3, 0xECE3, 0xECE3, 0xECE3, 0xECE3, 0xECE3, 0xECE3, 0xECE3, 0xECE3,
  0xECE3, 0xECE3, 0xECE3, 0xECE3, 0xECE3, 0xECE3, 0xECE3, 0xECE3, 0xECE3, 0xECE3, 0xECE3, 0xECE3,
  0xECE3, 0xECE3, 0xECE3, 0xECE3, 0xECE3, 0xECE3, 0xECE3, 0xECE3, 0xECE3, 0xECE3, 0xECE3, 0xECE3,
  0xECE3, 0xECE3, 0xECE3, 0xECE3, 0xECE3, 0xECE3, 0xECE3, 0xECE3, 0xECE3, 0xECE3, 0xECE3, 0xECE3,
  0xECE3, 0xECE3, 0xECE3, 0xECE3, 0xECE3, 0xECE3, 0xECC2, 0xED68, 0xF7DF, 0xF7DF, 0xF7DF, 0xF7DF,
  0xF7DF, 0xF7DF, 0xFFDF, 0xFFDF, 0xFFDF, 0xFFDF, 0xF7DF, 0xF7DF, 0xFFDF, 0xF7DF, 0xF7DF, 0xF7DF,
  0xFFDF, 0xFFDF, 0xFFDF, 0xF7DF, 0xF7DF, 0xFFDF, 0xFFDF, 0xF7DF, 0xFFDF, 0xF7DF, 0xF7DF, 0xFFDF,
  0xFFDF, 0xF7DF, 0xFFDF, 0xFFDF, 0xFFDF, 0xFFDF, 0xFFDF, 0xFFDF, 0xF7DF, 0xF7DF, 0xF7DF, 0xFFDF,
  0xFFDF, 0xFFDF, 0xF7DF, 0xF7DF, 0xF7DF, 0xF7BF, 0xF7BE, 0xF7BF, 0xFFDF, 0xF7DF, 0xF7BF, 0xF7DF,
  0xFFDF, 0xFFDF, 0xFFDF, 0xFFDF, 0xFFDF, 0xFFDF, 0xFFDF, 0xFFDF, 0xF7DF, 0xF7DF, 0xFFDF, 0xFFDF,
  0xFFDF, 0xF7DF, 0xFFDF, 0xF7DF, 0xF7DF, 0xF7DF, 0xF7DF, 0xF7DF, 0xF7DF, 0xF7DF, 0xF7DF, 0xFFDF,
  0xF7DF, 0xFFDF, 0xF7DF, 0xF7DF, 0xF7DF, 0xF7DF, 0xF7DF, 0xF7DF, 0xF7DF, 0xF7DF, 0xFFDF, 0xFFDF,
  0xFFDF, 0xFFDF, 0xFFDF, 0xF7DF, 0xF7DF, 0xF7DF, 0xF7DF, 0xFFDF, 0xF7DF, 0xF7DF, 0xF7DF, 0xF7DF,
  0xF7DF, 0xFFDF, 0xF7DF, 0xFFDF, 0xF7DF, 0xF7DF, 0xF7DF, 0xF7DF, 0xF7DF, 0xF7DF, 0xFFDF, 0xF7DF,
  0xF7DF, 0xF7DF, 0xF7DF, 0xF7DF, 0xF7DF, 0xFFDF, 0xFFDF, 0xF7DF, 0xFFDF, 0xF7DF, 0xFFDF, 0xFFDF,
  0xFFDF, 0xF7DF, 0xF7DF, 0xFFDF, 0xFFDF, 0xF7DF, 0xF7DF, 0xF7DF, 0xFFDF, 0xFFDF, 0xFFDF, 0xFFDF,
  0xF7DF, 0xFFDF, 0xFFDF, 0xFFDF, 0xF7DF, 0xFFDF, 0xF7DF, 0xFFDF, 0xFFDF, 0xFFDF, 0xFFDF, 0xF7DF,
  0xF7DF, 0xFFDF, 0xFFDF, 0xF7DF, 0xF7DF, 0xF7DF, 0xFFDF, 0xFFDF, 0xF7DF, 0xF7DF, 0xF7DF, 0xFFDF,
  0xECE3, 0xECE3, 0xECE3, 0xECE3, 0xECE3, 0xECE3, 0xECE3, 0xECE3, 0xECE3, 0xECE3, 0xECE3, 0xECE3,
  0xECE3, 0xECE3, 0xECE3, 0xECE3, 0xECE3, 0xECE3, 0xECE3, 0xECE3, 0xECE3, 0xECE3, 0xECE3, 0xECE3,
  0xECE3, 0xECE3, 0xECE3, 0xECE3, 0xECE3, 0xECE3, 0xECE3, 0xECE3, 0xECE3, 0xECE3, 0xECE3, 0xECE3,
  0xECE3, 0xECE3, 0xECE3, 0xECE3, 0xECE3, 0xECE3, 0xECE3, 0xECE3, 0xECE3, 0xECE3, 0xECE3, 0xECE3,
  0xECE3, 0xECE3, 0xECE3, 0xECE3, 0xECE3, 0xECE3, 0xECE3, 0xECE3, 0xECE3, 0xECE3, 0xECE3, 0xECE3,
  0xECE3, 0xECE3, 0xECE3, 0xECE3, 0xECE3, 0xECE3, 0xECE3, 0xECE3, 0xECE3, 0xECE3, 0xECE3, 0xECE3,
  0xECE3, 0xECE3, 0xECE3, 0xECE3, 0xECE3, 0xECE3, 0xECC2, 0xED68, 0xFFDF, 0xF7DF, 0xF7DF, 0xF7DF,
  0xF7DF, 0xF7DF, 0xF7DF, 0xFFDF, 0xF7DF, 0xFFDF, 0xF7DF, 0xF7DF, 0xF7DF, 0xF7DF, 0xF7DF, 0xF7DF,
  0xFFDF, 0xFFDF, 0xF7DF, 0xF7DF, 0xFFDF, 0xF7DF, 0xFFDF, 0xF7DF, 0xF7DF, 0xF7DF, 0xFFDF, 0xFFDF,
  0xFFDF, 0xF7DF, 0xF7DF, 0xFFDF, 0xFFDF, 0xFFDF, 0xFFDF, 0xF7DF, 0xF7DF, 0xFFDF, 0xFFDF, 0xFFDF,
  0xFFDF, 0xF7DF, 0xF7DF, 0xF7DF, 0xF7BF, 0xFFFF, 0xFFFF, 0xFFFF, 0xF7BF, 0xFFFF, 0xFFFF, 0xFFDF,
  0xF7DF, 0xFFDF, 0xFFDF, 0xFFDF, 0xFFDF, 0xF7DF, 0xF7DF, 0xFFDF, 0xF7DF, 0xFFDF, 0xF7DF, 0xF7DF,
  0xF7DF, 0xFFDF, 0xFFDF, 0xF7DF, 0xFFDF, 0xFFDF, 0xF7DF, 0xFFDF, 0xFFDF, 0xFFDF, 0xFFDF, 0xF7DF,
  0xF7DF, 0xFFDF, 0xF7DF, 0xF7DF, 0xFFDF, 0xF7BF, 0xF7BF, 0xFFDF, 0xF7DF, 0xF7DF, 0xF7DF, 0xF7DF,
  0xFFDF, 0xFFDF, 0xFFDF, 0xF7DF, 0xF7DF, 0xF7DF, 0xF7DF, 0xF7DF, 0xF7DF, 0xF7DF, 0xF7BF, 0xF7BF,
  0xFFDF, 0xF7DF, 0xF7DF, 0xF7DF, 0xFFDF, 0xF7DF, 0xFFDF, 0xFFDF, 0xFFDF, 0xF7DF, 0xFFDF, 0xF7DF,
  0xF7DF, 0xF7DF, 0xF7DF, 0xF7DF, 0xFFDF, 0xFFDF, 0xFFDF, 0xFFDF, 0xFFDF, 0xF7DF, 0xFFDF, 0xFFDF,
  0xFFDF, 0xFFDF, 0xFFDF, 0xF7DF, 0xF7DF, 0xF7DF, 0xFFDF, 0xF7DF, 0xFFDF, 0xF7DF, 0xF7DF, 0xFFDF,
  0xFFDF, 0xFFDF, 0xFFDF, 0xF7DF, 0xFFDF, 0xFFDF, 0xFFDF, 0xFFDF, 0xFFDF, 0xF7DF, 0xFFDF, 0xFFDF,
  0xFFDF, 0xF7DF, 0xF7DF, 0xFFDF, 0xFFDF, 0xF7DF, 0xF7DF, 0xF7DF, 0xFFDF, 0xF7DF, 0xF7DF, 0xFFDF,
  0xECE3, 0xECE3, 0xECE3, 0xECE3, 0xECE3, 0xECE3, 0xECE3, 0xECE3, 0xECE3, 0xECE3, 0xECE3, 0xECE3,
  0xECE3, 0xECE3, 0xECE3, 0xECE3, 0xECE3, 0xECE3, 0xECE3, 0xECE3, 0xECE3, 0xECE3, 0xECE3, 0xECE3,
  0xECE3, 0xECE3, 0xECE3, 0xECE3, 0xECE3, 0xECE3, 0xECE3, 0xECE3, 0xECE3, 0xECE3, 0xECE3, 0xECE3,
  0xECE3, 0xECE3, 0xECE3, 0xECE3, 0xECE3, 0xECE3, 0xECE3, 0xECE3, 0xECE3, 0xECE3, 0xECE3, 0xECE3,
  0xECE3, 0xECE3, 0xECE3, 0xECE3, 0xECE3, 0xECE3, 0xECE3, 0xECE3, 0xECE3, 0xECE3, 0xECE3, 0xECE3,
  0xECE3, 0xECE3, 0xECE3, 0xECE3, 0xECE3, 0xECE3, 0xECE3, 0xECE3, 0xECE3, 0xECE3, 0xECE3, 0xECE3,
  0xECE3, 0xECE3, 0xECE3, 0xECE3, 0xECE3, 0xECE4, 0xECC2, 0xED68, 0xF7DF, 0xF7DF, 0xF7DF, 0xF7DF,
  0xF7DF, 0xF7DF, 0xFFDF, 0xFFDF, 0xF7DF, 0xF7DF, 0xF7DF, 0xFFDF, 0xFFDF, 0xF7DF, 0xF7DF, 0xF7DF,
  0xF7DF, 0xF7DF, 0xF7DF, 0xF7DF, 0xFFDF, 0xF7DF, 0xFFDF, 0xF7DF, 0xFFDF, 0xFFDF, 0xFFDF, 0xF7DF,
  0xFFDF, 0xFFDF, 0xFFDF, 0xF7DF, 0xF7DF, 0xFFDF, 0xFFDF, 0xFFDF, 0xFFDF, 0xFFDF, 0xFFDF, 0xFFDF,
  0xFFDF, 0xFFDF, 0xF7BF, 0xFFDF, 0xFFFF, 0xDEFB, 0x8431, 0x4249, 0x2124, 0x31A6, 0x8451, 0xFFFF,
  0xFFFF, 0xF7DF, 0xFFDF, 0xF7DF, 0xF7DF, 0xF7DF, 0xFFDF, 0xFFDF, 0xFFDF, 0xF7DF, 0xF7DF, 0xF7DF,
  0xF7DF, 0xFFDF, 0xF7DF, 0xFFDF, 0xFFDF, 0xFFDF, 0xFFDF, 0xF7DF, 0xFFDF, 0xFFDF, 0xFFDF, 0xFFDF,
  0xFFDF, 0xF7DF, 0xF7DF, 0xFFDF, 0xF7BF, 0xFFFF, 0xFFFF, 0xF7DF, 0xFFDF, 0xFFDF, 0xF7DF, 0xF7DF,
  0xFFDF, 0xFFDF, 0xF7DF, 0xF7DF, 0xF7DF, 0xFFDF, 0xF7DF, 0xFFDF, 0xFFDF, 0xF7BF, 0xFFFF, 0xFFFF,
  0xF7DF, 0xFFDF, 0xF7DF, 0xF7DF, 0xF7DF, 0xFFDF, 0xFFDF, 0xF7DF, 0xFFDF, 0xF7DF, 0xF7DF, 0xF7DF,
  0xF7DF, 0xF7DF, 0xF7DF, 0xF7DF, 0xFFDF, 0xFFDF, 0xFFDF, 0xF7DF, 0xF7DF, 0xFFDF, 0xF7DF, 0xFFDF,
  0xF7DF, 0xF7DF, 0xF7DF, 0xFFDF, 0xF7DF, 0xF7DF, 0xFFDF, 0xF7DF, 0xF7DF, 0xFFDF, 0xF7DF, 0xFFDF,
  0xFFDF, 0xFFDF, 0xFFDF, 0xFFDF, 0xF7DF, 0xF7DF, 0xF7DF, 0xFFDF, 0xF7DF, 0xF7DF, 0xFFDF, 0xF7DF,
  0xF7DF, 0xFFDF, 0xFFDF, 0xF7DF, 0xF7DF, 0xFFDF, 0xF7DF, 0xFFDF, 0xF7DF, 0xFFDF, 0xF7DF, 0xFFDF,
  0xECE3, 0xECE3, 0xECE3, 0xECE3, 0xECE3, 0xECE3, 0xECE3, 0xECE3, 0xECE3, 0xECE3, 0xECE3, 0xECE3,
  0xECE3, 0xECE3, 0xECE3, 0xECE3, 0xECE3, 0xECE3, 0xECE3, 0xECE3, 0xECE3, 0xECE3, 0xECE3, 0xECE3,
  0xECE3, 0xECE3, 0xECE3, 0xECE3, 0xECE3, 0xECE3, 0xECE3, 0xECE3, 0xECE3, 0xECE3, 0xECE3, 0xECE3,
  0xECE3, 0xECE3, 0xECE3, 0xECE3, 0xECE3, 0xECE3, 0xECE3, 0xECE3, 0xECE3, 0xECE3, 0xECE3, 0xECE3,
  0xECE3, 0xECE3, 0xECE3, 0xECE3, 0xECE3, 0xECE3, 0xECE3, 0xECE3, 0xECE3, 0xECE3, 0xECE3, 0xECE3,
  0xECE3, 0xECE3, 0xECE3, 0xECE3, 0xECE3, 0xECE3, 0xECE3, 0xECE3, 0xECE3, 0xECE3, 0xECE3, 0xECE3,
  0xECE3, 0xECE3, 0xECE3, 0xECE3, 0xECE3, 0xECE4, 0xECC2, 0xED68, 0xF7DF, 0xF7DF, 0xF7DF, 0xF7DF,
  0xF7DF, 0xF7DF, 0xFFDF, 0xF7DF, 0xFFDF, 0xF7DF, 0xF7DF, 0xFFDF, 0xFFDF, 0xFFDF, 0xFFDF, 0xFFDF,
  0xFFDF, 0xF7DF, 0xF7DF, 0xFFDF, 0xF7DF, 0xF7DF, 0xFFDF, 0xF7DF, 0xFFDF, 0xFFDF, 0xFFDF, 0xF7DF,
  0xF7DF, 0xFFDF, 0xFFDF, 0xF7DF, 0xFFDF, 0xFFDF, 0xFFDF, 0xF7DF, 0xF7DF, 0xF7DF, 0xF7DF, 0xF7DF,
  0xFFDF, 0xF7BF, 0xFFFF, 0xF7DF, 0x7BEF, 0x0882, 0x0000, 0x0000, 0x10A2, 0x0000, 0x0000, 0x5AEB,
  0xFFFF, 0xF7BF, 0xF7DF, 0xF7DF, 0xFFDF, 0xF7DF, 0xFFDF, 0xFFDF, 0xFFDF, 0xF7DF, 0xF7DF, 0xF7DF,
  0xF7DF, 0xF7DF, 0xF7DF, 0xF7DF, 0xFFDF, 0xFFDF, 0xF7DF, 0xFFDF, 0xFFDF, 0xFFDF, 0xFFDF, 0xFFDF,
  0xF7DF, 0xF7DF, 0xFFDF, 0xF7BF, 0xFFFF, 0xCE59, 0xC638, 0xFFFF, 0xF7DF, 0xFFDF, 0xFFDF, 0xFFDF,
  0xF7DF, 0xFFDF, 0xFFDF, 0xFFDF, 0xF7DF, 0xF7DF, 0xF7DF, 0xFFDF, 0xF7BF, 0xFFFF, 0xD69A, 0xAD55,
  0xFFFF, 0xF7DF, 0xFFDF, 0xFFDF, 0xFFDF, 0xFFDF, 0xFFDF, 0xFFDF, 0xFFDF, 0xFFDF, 0xFFDF, 0xF7DF,
  0xF7DF, 0xFFDF, 0xFFDF, 0xFFDF, 0xFFDF, 0xFFDF, 0xFFDF, 0xFFDF, 0xF7DF, 0xFFDF, 0xFFDF, 0xFFDF,
  0xF7DF, 0xF7DF, 0xF7DF, 0xFFDF, 0xFFDF, 0xF7DF, 0xF7DF, 0xF7DF, 0xFFDF, 0xFFDF, 0xFFDF, 0xFFDF,
  0xF7DF, 0xFFDF, 0xFFDF, 0xF7DF, 0xF7DF, 0xF7DF, 0xFFDF, 0xF7DF, 0xFFDF, 0xFFDF, 0xFFDF, 0xFFDF,
  0xF7DF, 0xFFDF, 0xFFDF, 0xFFDF, 0xF7DF, 0xFFDF, 0xF7DF, 0xF7DF, 0xF7DF, 0xF7DF, 0xFFDF, 0xFFDF,
  0xECE3, 0xECE3, 0xECE3, 0xECE3, 0xECE3, 0xECE3, 0xECE3, 0xECE3, 0xECE3, 0xECE3, 0xECE3, 0xECE3,
  0xECE3, 0xECE3, 0xECE3, 0xECE3, 0xECE3, 0xECE3, 0xECE3, 0xECE3, 0xECE3, 0xECE3, 0xECE3, 0xECE3,
  0xECE3, 0xECE3, 0xECE3, 0xECE3, 0xECE3, 0xECE3, 0xECE3, 0xECE3, 0xECE3, 0xECE3, 0xECE3, 0xECE3,
  0xECE3, 0xECE3, 0xECE3, 0xECE3, 0xECE3, 0xECE3, 0xECE3, 0xECE3, 0xECE3, 0xECE3, 0xECE3, 0xECE3,
  0xECE3, 0xECE3, 0xECE3, 0xECE3, 0xECE3, 0xECE3, 0xECE3, 0xECE3, 0xECE3, 0xECE3, 0xECE3, 0xECE3,
  0xECE3, 0xECE3, 0xECE3, 0xECE3, 0xECE3, 0xECE3, 0xECE3, 0xECE3, 0xECE3, 0xECE3, 0xECE3, 0xECE3,
  0xECE3, 0xECE3, 0xECE3, 0xECE3, 0xECE3, 0xECE4, 0xECC2, 0xED68, 0xF7DF, 0xF7DF, 0xF7DF, 0xF7DF,
  0xF7DF, 0xFFDF, 0xF7DF, 0xF7DF, 0xFFDF, 0xFFDF, 0xF7DF, 0xFFDF, 0xFFDF, 0xF7DF, 0xF7DF, 0xF7DF,
  0xFFDF, 0xFFDF, 0xFFDF, 0xFFDF, 0xFFDF, 0xFFDF, 0xFFDF, 0xFFDF, 0xFFDF, 0xFFDF, 0xFFDF, 0xF7DF,
  0xF7DF, 0xF7DF, 0xF7DF, 0xFFDF, 0xFFDF, 0xFFDF, 0xFFDF, 0xF7DF, 0xFFDF, 0xF7DF, 0xF7DF, 0xFFDF,
  0xF7BE, 0xFFFF, 0xE75D, 0x4208, 0x0000, 0x0841, 0x73AE, 0xCE59, 0xEF9E, 0xC618, 0x18C3, 0x0000,
  0xAD55, 0xFFFF, 0xF7BF, 0xFFDF, 0xFFDF, 0xF7DF, 0xF7BF, 0xFFDF, 0xF7DF, 0xF7DF, 0xFFDF, 0xFFDF,
  0xF7DF, 0xF7DF, 0xF7DF, 0xF7DF, 0xFFDF, 0xFFDF, 0xFFDF, 0xFFDF, 0xFFDF, 0xFFDF, 0xFFDF, 0xFFDF,
  0xF7DF, 0xF7DF, 0xF7BF, 0xFFFF, 0xDEFB, 0x0020, 0x31C7, 0xFFFF, 0xF7BF, 0xF7DF, 0xFFDF, 0xFFDF,
  0xFFDF, 0xFFDF, 0xFFDF, 0xF7DF, 0xFFDF, 0xFFDF, 0xF7DF, 0xF7DF, 0xFFFF, 0xEF7E, 0x2104, 0x0000,
  0xDEFC, 0xFFFF, 0xF7BF, 0xFFDF, 0xFFDF, 0xF7DF, 0xFFDF, 0xFFDF, 0xF7DF, 0xF7DF, 0xF7DF, 0xFFDF,
  0xFFDF, 0xFFDF, 0xFFDF, 0xF7DF, 0xFFDF, 0xF7DF, 0xF7DF, 0xFFDF, 0xFFDF, 0xFFDF, 0xFFDF, 0xF7DF,
  0xFFDF, 0xFFDF, 0xFFDF, 0xFFDF, 0xFFDF, 0xF7DF, 0xF7DF, 0xFFDF, 0xFFDF, 0xF7DF, 0xF7DF, 0xF7DF,
  0xFFDF, 0xF7DF, 0xF7DF, 0xFFDF, 0xFFDF, 0xF7DF, 0xF7DF, 0xF7DF, 0xF7DF, 0xF7DF, 0xFFDF, 0xFFDF,
  0xFFDF, 0xFFDF, 0xF7DF, 0xF7DF, 0xFFDF, 0xFFDF, 0xF7DF, 0xF7DF, 0xFFDF, 0xF7DF, 0xF7DF, 0xFFDF,
  0xECE3, 0xECE3, 0xECE3, 0xECE3, 0xECE3, 0xECE3, 0xECE3, 0xECE3, 0xECE3, 0xECE3, 0xECE3, 0xECE3,
  0xECE3, 0xECE3, 0xECE3, 0xECE3, 0xECE3, 0xECE3, 0xECE3, 0xECE3, 0xECE3, 0xECE3, 0xECE3, 0xECE3,
  0xECE3, 0xECE3, 0xECE3, 0xECE3, 0xECE3, 0xECE3, 0xECE3, 0xECE3, 0xECE3, 0xECE3, 0xECE3, 0xECE3,
  0xECE3, 0xECE3, 0xECE3, 0xECE3, 0xECE3, 0xECE3, 0xECE3, 0xECE3, 0xECE3, 0xECE3, 0xECE3, 0xECE3,
  0xECE3, 0xECE3, 0xECE3, 0xECE3, 0xECE3, 0xECE3, 0xECE3, 0xECE3, 0xECE3, 0xECE3, 0xECE3, 0xECE3,
  0xECE3, 0xECE3, 0xECE3, 0xECE3, 0xECE3, 0xECE3, 0xECE3, 0xECE3, 0xECE3, 0xECE3, 0xECE3, 0xECE3,
  0xECE3, 0xECE3, 0xECE3, 0xECE3, 0xECE3, 0xECE4, 0xECC2, 0xED68, 0xFFDF, 0xF7DF, 0xF7DF, 0xF7DF,
  0xFFDF, 0xFFDF, 0xF7DF, 0xF7DF, 0xFFDF, 0xFFDF, 0xFFDF, 0xF7DF, 0xF7DF, 0xF7DF, 0xFFDF, 0xFFDF,
  0xFFDF, 0xFFDF, 0xFFDF, 0xFFDF, 0xFFDF, 0xFFDF, 0xFFDF, 0xFFDF, 0xFFDF, 0xFFDF, 0xF7DF, 0xF7DF,
  0xF7DF, 0xF7DF, 0xFFDF, 0xFFDF, 0xF7DF, 0xFFDF, 0xF7DF, 0xFFDF, 0xF7DF, 0xF7DF, 0xFFDF, 0xF7BF,
  0xFFFF, 0xDEFB, 0x2145, 0x0000, 0x31A6, 0xCE79, 0xFFFF, 0xFFFF, 0xF7DF, 0xFFFF, 0x8431, 0x0000,
  0x5B0C, 0xFFFF, 0xF7BF, 0xFFDF, 0xF7DF, 0xFFDF, 0xFFFF, 0xF7DF, 0xF7DF, 0xF7DF, 0xFFDF, 0xF7DF,
  0xF7DF, 0xF7DF, 0xFFDF, 0xFFDF, 0xFFDF, 0xF7DF, 0xF7DF, 0xFFDF, 0xF7DF, 0xF7DF, 0xFFDF, 0xFFDF,
  0xF7DF, 0xF7DF, 0xF7BF, 0xFFFF, 0x630C, 0x0000, 0x738E, 0xFFFF, 0xF7BF, 0xF7DF, 0xF7DF, 0xFFDF,
  0xFFDF, 0xFFDF, 0xFFDF, 0xFFDF, 0xFFDF, 0xFFDF, 0xF7DF, 0xF7BF, 0xFFFF, 0x94B3, 0x0000, 0x2124,
  0xEF5D, 0xFFFF, 0xF7DF, 0xF7DF, 0xF7DF, 0xFFDF, 0xF7DF, 0xF7DF, 0xFFDF, 0xF7DF, 0xFFDF, 0xF7DF,
  0xFFDF, 0xF7DF, 0xFFDF, 0xFFDF, 0xF7DF, 0xFFDF, 0xFFDF, 0xFFDF, 0xF7DF, 0xFFDF, 0xF7DF, 0xF7DF,
  0xFFDF, 0xF7DF, 0xF7DF, 0xF7DF, 0xF7DF, 0xF7DF, 0xF7DF, 0xF7DF, 0xFFDF, 0xF7DF, 0xF7DF, 0xF7DF,
  0xF7DF, 0xFFDF, 0xFFDF, 0xFFDF, 0xFFDF, 0xF7DF, 0xFFDF, 0xFFDF, 0xF7DF, 0xF7DF, 0xFFDF, 0xFFDF,
  0xFFDF, 0xF7DF, 0xF7DF, 0xFFDF, 0xFFDF, 0xF7DF, 0xFFDF, 0xFFDF, 0xF7DF, 0xFFDF, 0xFFDF, 0xFFDF,
  0xECE3, 0xECE3, 0xECE3, 0xECE3, 0xECE3, 0xECE3, 0xECE3, 0xECE3, 0xECE3, 0xECE3, 0xECE3, 0xECE3,
  0xECE3, 0xECE3, 0xECE3, 0xECE3, 0xECE3, 0xECE3, 0xECE3, 0xECE3, 0xECE3, 0xECE3, 0xECE3, 0xECE3,
  0xECE3, 0xECE3, 0xECE3, 0xECE3, 0xECE3, 0xECE3, 0xECE3, 0xECE3, 0xECE3, 0xECE3, 0xECE3, 0xECE3,
  0xECE3, 0xECE3, 0xECE3, 0xECE3, 0xECE3, 0xECE3, 0xECE3, 0xECE3, 0xECE3, 0xECE3, 0xECE3, 0xECE3,
  0xECE3, 0xECE3, 0xECE3, 0xECE3, 0xECE3, 0xECE3, 0xECE3, 0xECE3, 0xECE3, 0xECE3, 0xECE3, 0xECE3,
  0xECE3, 0xECE3, 0xECE3, 0xECE3, 0xECE3, 0xECE3, 0xECE3, 0xECE3, 0xECE3, 0xECE3, 0xECE3, 0xECE3,
  0xECE3, 0xECE3, 0xECE3, 0xECE3, 0xECE3, 0xECE3, 0xECC2, 0xED68, 0xF7DF, 0xF7DF, 0xF7DF, 0xF7DF,
  0xFFDF, 0xFFDF, 0xF7DF, 0xFFDF, 0xFFDF, 0xF7DF, 0xFFDF, 0xFFDF, 0xF7DF, 0xFFDF, 0xFFDF, 0xFFDF,
  0xFFDF, 0xFFDF, 0xFFDF, 0xFFDF, 0xFFDF, 0xFFDF, 0xFFDF, 0xFFDF, 0xF7DF, 0xFFDF, 0xF7DF, 0xF7DF,
  0xF7DF, 0xF7DF, 0xFFDF, 0xFFDF, 0xF7DF, 0xF7DF, 0xF7DF, 0xFFDF, 0xF7DF, 0xFFDF, 0xF7BF, 0xFFFF,
  0xEF7D, 0x2965, 0x0000, 0x4A49, 0xF7BF, 0xFFFF, 0xF79E, 0xF7BF, 0xF7BE, 0xFFFF, 0xC638, 0x0000,
  0x31A6, 0xFFDF, 0xF7DF, 0xF7BF, 0xFFFF, 0xF79E, 0xD6BA, 0xFFFF, 0xF7DF, 0xFFDF, 0xF7DF, 0xF7DF,
  0xF7DF, 0xFFDF, 0xFFDF, 0xFFDF, 0xF7DF, 0xF7DF, 0xFFFF, 0xF7DF, 0xFFDF, 0xF7DF, 0xFFDF, 0xF7DF,
  0xF7DF, 0xF7BF, 0xFFFF, 0xD69A, 0x0841, 0x0862, 0xDEDB, 0xFFFF, 0xF7DF, 0xFFDF, 0xFFDF, 0xFFDF,
  0xF7DF, 0xFFDF, 0xFFDF, 0xFFDF, 0xF7DF, 0xF7DF, 0xF7DF, 0xF7DF, 0xFFFF, 0x4A69, 0x0000, 0x630C,
  0xFFFF, 0xF7BF, 0xF7DF, 0xFFDF, 0xF7DF, 0xF7DF, 0xFFDF, 0xF7DF, 0xFFDF, 0xFFDF, 0xFFDF, 0xFFDF,
  0xF7BF, 0xF7BF, 0xF7DF, 0xFFDF, 0xFFDF, 0xFFDF, 0xFFDF, 0xFFDF, 0xF7DF, 0xFFDF, 0xF7DF, 0xF7DF,
  0xFFDF, 0xF7DF, 0xF7DF, 0xF7DF, 0xF7DF, 0xF7DF, 0xF7DF, 0xF7DF, 0xF7DF, 0xFFDF, 0xFFDF, 0xFFDF,
  0xFFDF, 0xF7DF, 0xFFDF, 0xFFDF, 0xFFDF, 0xF7DF, 0xFFDF, 0xF7DF, 0xFFDF, 0xFFDF, 0xFFDF, 0xFFDF,
  0xFFDF, 0xFFDF, 0xFFDF, 0xFFDF, 0xFFDF, 0xFFDF, 0xFFDF, 0xFFDF, 0xFFDF, 0xFFDF, 0xF7DF, 0xFFDF,
  0xECE3, 0xECE3, 0xECE3, 0xECE3, 0xECE3, 0xECE3, 0xECE3, 0xECE3, 0xECE3, 0xECE3, 0xECE3, 0xECE3,
  0xECE3, 0xECE3, 0xECE3, 0xECE3, 0xECE3, 0xECE3, 0xECE3, 0xECE3, 0xECE3, 0xECE3, 0xECE3, 0xECE3,
  0xECE3, 0xECE3, 0xECE3, 0xECE3, 0xECE3, 0xECE3, 0xECE3, 0xECE3, 0xECE3, 0xECE3, 0xECE3, 0xECE3,
  0xECE3, 0xECE3, 0xECE3, 0xECE3, 0xED03, 0xECE3, 0xECE3, 0xECE3, 0xECE3, 0xECE3, 0xECE3, 0xECE3,
  0xECE3, 0xECE3, 0xECE3, 0xECE3, 0xECE3, 0xECE3, 0xECE3, 0xECE3, 0xECE3, 0xECE3, 0xECE3, 0xECE3,
  0xECE3, 0xECE3, 0xECE3, 0xECE3, 0xECE3, 0xECE3, 0xECE3, 0xECE3, 0xECE3, 0xECE3, 0xECE3, 0xECE3,
  0xECE3, 0xECE3, 0xECE3, 0xECE3, 0xECE3, 0xECE3, 0xECC2, 0xED68, 0xFFDF, 0xF7DF, 0xF7DF, 0xF7DF,
  0xF7DF, 0xF7DF, 0xFFDF, 0xF7DF, 0xFFDF, 0xFFDF, 0xFFDF, 0xFFDF, 0xFFDF, 0xFFDF, 0xFFDF, 0xFFDF,
  0xFFDF, 0xFFDF, 0xFFDF, 0xFFDF, 0xFFDF, 0xFFDF, 0xFFDF, 0xF7DF, 0xF7DF, 0xFFDF, 0xF7DF, 0xF7DF,
  0xF7DF, 0xF7DF, 0xFFDF, 0xF7DF, 0xFFDF, 0xFFDF, 0xFFDF, 0xFFDF, 0xFFDF, 0xF7DF, 0xF7DF, 0xF7DF,
  0x4229, 0x0000, 0x4208, 0xF7BF, 0xFFFF, 0xF7BF, 0xF7DF, 0xF7DF, 0xF7BF, 0xFFFF, 0xD6BA, 0x0000,
  0x2124, 0xF79E, 0xFFDF, 0xFFFF, 0xF79E, 0x39E7, 0x0020, 0xDEFB, 0xFFFF, 0xF7DF, 0xFFDF, 0xF7DF,
  0xF7DF, 0xFFDF, 0xFFDF, 0xF7BF, 0xFFFF, 0xFFFF, 0xEF9E, 0xFFFF, 0xF7DF, 0xFFDF, 0xF7DF, 0xFFDF,
  0xFFDF, 0xF7BF, 0xFFFF, 0x6B8E, 0x0000, 0x6B4D, 0xFFFF, 0xF7BE, 0xF7DF, 0xF7DF, 0xFFDF, 0xF7DF,
  0xF7DF, 0xF7DF, 0xF7DF, 0xFFDF, 0xF7DF, 0xFFDF, 0xF7DF, 0xFFFF, 0xDEDB, 0x1082, 0x0000, 0xB5B6,
  0xFFFF, 0xF7BF, 0xF7DF, 0xFFDF, 0xFFDF, 0xF7DF, 0xFFDF, 0xFFDF, 0xFFDF, 0xF7DF, 0xFFDF, 0xF7BF,
  0xFFFF, 0xFFFF, 0xFFFF, 0xF7DF, 0xFFDF, 0xF7DF, 0xFFDF, 0xFFDF, 0xF7DF, 0xFFDF, 0xFFDF, 0xF7DF,
  0xF7DF, 0xF7DF, 0xF7DF, 0xF7DF, 0xF7DF, 0xFFDF, 0xFFDF, 0xF7DF, 0xF7DF, 0xF7DF, 0xF7DF, 0xFFDF,
  0xFFDF, 0xF7DF, 0xFFDF, 0xF7DF, 0xF7DF, 0xF7DF, 0xFFDF, 0xFFDF, 0xFFDF, 0xFFDF, 0xFFDF, 0xF7DF,
  0xFFDF, 0xFFDF, 0xFFDF, 0xF7DF, 0xF7DF, 0xF7DF, 0xF7DF, 0xFFDF, 0xFFDF, 0xFFDF, 0xFFDF, 0xFFDF,
  0xECE3, 0xECE3, 0xECE3, 0xECE3, 0xECE3, 0xECE3, 0xECE3, 0xECE3, 0xECE3, 0xECE3, 0xECE3, 0xECE3,
  0xECE3, 0xECE3, 0xECE3, 0xECE3, 0xECE3, 0xECE3, 0xECE3, 0xECE3, 0xECE3, 0xECE3, 0xECE3, 0xECE3,
  0xECE3, 0xECE3, 0xECE3, 0xECE3, 0xECE3, 0xECE3, 0xECE3, 0xECE3, 0xECE3, 0xECE3, 0xECE3, 0xECE3,
  0xECE3, 0xECE3, 0xECE3, 0xECE3, 0xECE3, 0xECE3, 0xECE3, 0xECE3, 0xECE3, 0xECE3, 0xECE3, 0xECE3,
  0xECE3, 0xECE3, 0xECE3, 0xECE3, 0xECE3, 0xECE3, 0xECE3, 0xECE3, 0xECE3, 0xECE3, 0xECE3, 0xECE3,
  0xECE3, 0xECE3, 0xECE3, 0xECE3, 0xECE3, 0xECE3, 0xECE3, 0xECE3, 0xECE3, 0xECE3, 0xECE3, 0xECE3,
  0xECE3, 0xECE3, 0xECE3, 0xECE3, 0xECE3, 0xECE3, 0xECC2, 0xED68, 0xFFDF, 0xF7DF, 0xF7DF, 0xF7DF,
  0xF7DF, 0xF7DF, 0xFFDF, 0xFFDF, 0xFFDF, 0xFFDF, 0xF7DF, 0xFFDF, 0xFFDF, 0xF7DF, 0xFFDF, 0xF7DF,
  0xFFDF, 0xF7DF, 0xF7DF, 0xFFDF, 0xFFDF, 0xFFDF, 0xFFDF, 0xFFDF, 0xF7DF, 0xFFDF, 0xFFDF, 0xF7DF,
  0xF7DF, 0xFFDF, 0xF7DF, 0xFFDF, 0xFFDF, 0xF7DF, 0xFFDF, 0xF7DF, 0xF7DF, 0xF7BF, 0xFFFF, 0x738E,
  0x0000, 0x2945, 0xEF7D, 0xFFFF, 0xF7BE, 0xFFDF, 0xFFDF, 0xFFDF, 0xF7BF, 0xFFFF, 0xD69A, 0x0000,
  0x2945, 0xF7BE, 0xF7DF, 0xFFFF, 0x632C, 0x0000, 0x4208, 0xF7BF, 0xFFDF, 0xF7DF, 0xFFDF, 0xFFDF,
  0xF7DF, 0xFFDF, 0xF7DF, 0xFFFF, 0xF79E, 0x4A49, 0x2104, 0xDEFC, 0xFFFF, 0xF7DF, 0xF7DF, 0xF7DF,
  0xF7DF, 0xFFFF, 0xEF5D, 0x18E3, 0x0000, 0xC639, 0xFFFF, 0xF7BF, 0xFFDF, 0xF7DF, 0xF7DF, 0xFFDF,
  0xF7DF, 0xFFDF, 0xFFDF, 0xF7DF, 0xF7DF, 0xF7DF, 0xF7BF, 0xFFFF, 0x9CD3, 0x0000, 0x2986, 0xF7BE,
  0xFFDF, 0xF7DF, 0xFFDF, 0xFFDF, 0xFFDF, 0xF7DF, 0xF7DF, 0xFFDF, 0xF7DF, 0xFFDF, 0xF7BF, 0xFFFF,
  0xC638, 0x2965, 0xB5B6, 0xFFFF, 0xF7BF, 0xFFDF, 0xF7DF, 0xFFDF, 0xFFDF, 0xFFDF, 0xFFDF, 0xF7DF,
  0xF7DF, 0xFFDF, 0xF7DF, 0xF7DF, 0xF7DF, 0xFFDF, 0xFFDF, 0xF7DF, 0xF7DF, 0xFFDF, 0xF7DF, 0xF7DF,
  0xFFDF, 0xFFDF, 0xF7DF, 0xFFDF, 0xFFDF, 0xF7DF, 0xF7DF, 0xF7DF, 0xF7DF, 0xFFDF, 0xF7DF, 0xF7DF,
  0xFFDF, 0xFFDF, 0xF7DF, 0xFFDF, 0xFFDF, 0xFFDF, 0xF7DF, 0xF7DF, 0xFFDF, 0xF7DF, 0xFFDF, 0xF7DF,
  0xECE3, 0xECE3, 0xECE3, 0xECE3, 0xECE3, 0xECE3, 0xECE3, 0xECE3, 0xECE3, 0xECE3, 0xECE3, 0xECE3,
  0xECE3, 0xECE3, 0xECE3, 0xECE3, 0xECE3, 0xECE3, 0xECE3, 0xECE3, 0xECE3, 0xECE3, 0xECE3, 0xECE3,
  0xECE3, 0xECE3, 0xECE3, 0xECE3, 0xECE3, 0xECE3, 0xECE3, 0xECE3, 0xECE3, 0xECE3, 0xECE3, 0xECE3,
  0xECE3, 0xED03, 0xECE3, 0xECE3, 0xECE3, 0xECE3, 0xECE3, 0xECE3, 0xECE3, 0xECE3, 0xECE3, 0xECE3,
  0xECE3, 0xECE3, 0xECE3, 0xECE3, 0xECE3, 0xECE3, 0xECE3, 0xECE3, 0xECE3, 0xECE3, 0xECE3, 0xECE3,
  0xECE3, 0xECE3, 0xECE3, 0xECE3, 0xECE3, 0xECE3, 0xECE3, 0xECE3, 0xECE3, 0xECE3, 0xECE3, 0xECE3,
  0xECE3, 0xECE3, 0xECE3, 0xECE3, 0xECE3, 0xED03, 0xECC2, 0xED68, 0xFFDF, 0xF7DF, 0xF7DF, 0xF7DF,
  0xFFDF, 0xFFDF, 0xF7DF, 0xF7DF, 0xF7DF, 0xFFDF, 0xFFDF, 0xFFDF, 0xFFDF, 0xFFDF, 0xFFDF, 0xFFDF,
  0xF7DF, 0xFFDF, 0xFFDF, 0xF7DF, 0xF7DF, 0xFFDF, 0xFFDF, 0xF7DF, 0xFFDF, 0xFFDF, 0xFFDF, 0xFFDF,
  0xFFDF, 0xFFDF, 0xFFDF, 0xFFDF, 0xFFDF, 0xFFDF, 0xF7DF, 0xFFDF, 0xF7BE, 0xFFFF, 0xB5B6, 0x0000,
  0x0020, 0xC618, 0xFFFF, 0xF7BE, 0xFFDF, 0xF7DF, 0xFFDF, 0xFFDF, 0xF7BF, 0xFFFF, 0xB5D7, 0x0000,
  0x4228, 0xFFFF, 0xFFFF, 0xAD55, 0x0000, 0x10C3, 0xE71C, 0xFFFF, 0xF7BF, 0xF7DF, 0xF7DF, 0xFFDF,
  0xFFDF, 0xF7DF, 0xF7BF, 0xFFFF, 0x5ACB, 0x0000, 0x0000, 0xAD96, 0xFFFF, 0xF7BF, 0xFFDF, 0xFFDF,
  0xF7BE, 0xFFFF, 0x94B3, 0x0000, 0x4A49, 0xFFFF, 0xF7BF, 0xF7DF, 0xF7DF, 0xFFDF, 0xFFDF, 0xF7DF,
  0xFFDF, 0xF7DF, 0xF7DF, 0xF7DF, 0xFFDF, 0xF7DF, 0xF7BF, 0xFFFF, 0x4A8A, 0x0000, 0x8C71, 0xFFFF,
  0xF7BE, 0xF7DF, 0xFFDF, 0xF7DF, 0xF7DF, 0xFFDF, 0xFFDF, 0xF7DF, 0xFFDF, 0xF7DF, 0xFFFF, 0xE73D,
  0x2104, 0x0000, 0x8430, 0xFFFF, 0xF7BE, 0xF7DF, 0xF7DF, 0xFFDF, 0xFFDF, 0xFFDF, 0xF7DF, 0xFFDF,
  0xFFDF, 0xF7DF, 0xFFDF, 0xFFFF, 0xF7DF, 0xF7DF, 0xF7DF, 0xF7DF, 0xF7DF, 0xF7DF, 0xFFDF, 0xFFDF,
  0xFFDF, 0xF7DF, 0xFFDF, 0xFFDF, 0xFFDF, 0xF7DF, 0xF7DF, 0xF7DF, 0xF7DF, 0xF7DF, 0xFFDF, 0xF7DF,
  0xF7DF, 0xF7DF, 0xFFDF, 0xFFDF, 0xFFDF, 0xF7DF, 0xF7DF, 0xFFDF, 0xF7DF, 0xFFDF, 0xFFDF, 0xFFDF,
  0xECE3, 0xECE3, 0xECE3, 0xECE3, 0xECE3, 0xECE3, 0xECE3, 0xECE3, 0xECE3, 0xECE3, 0xECE3, 0xECE3,
  0xECE3, 0xECE3, 0xECE3, 0xECE3, 0xECE3, 0xECE3, 0xECE3, 0xECE3, 0xECE3, 0xECE3, 0xECE3, 0xECE3,
  0xECE3, 0xECE3, 0xECE3, 0xECE3, 0xECE3, 0xECE3, 0xECE3, 0xECE3, 0xECE3, 0xECE3, 0xECE3, 0xECE3,
  0xECE3, 0xECE3, 0xECE3, 0xECE3, 0xECE3, 0xECE3, 0xECE3, 0xECE3, 0xECE3, 0xECE3, 0xECE3, 0xECE3,
  0xECE3, 0xECE3, 0xECE3, 0xECE3, 0xECE3, 0xECE3, 0xECE3, 0xECE3, 0xECE3, 0xECE3, 0xECE3, 0xECE3,
  0xECE3, 0xECE3, 0xECE3, 0xECE3, 0xECE3, 0xECE3, 0xECE3, 0xECE3, 0xECE3, 0xECE3, 0xECE3, 0xECE3,
  0xECE3, 0xECE3, 0xECE3, 0xECE3, 0xECE3, 0xECE3, 0xECC2, 0xED68, 0xFFDF, 0xF7DF, 0xF7DF, 0xF7DF,
  0xFFDF, 0xF7DF, 0xFFDF, 0xFFDF, 0xFFDF, 0xF7DF, 0xFFDF, 0xFFDF, 0xFFDF, 0xF7DF, 0xFFDF, 0xFFDF,
  0xFFDF, 0xF7DF, 0xF7DF, 0xFFDF, 0xFFDF, 0xF7DF, 0xF7DF, 0xFFDF, 0xFFDF, 0xFFDF, 0xFFDF, 0xFFDF,
  0xFFDF, 0xFFDF, 0xFFDF, 0xF7DF, 0xF7DF, 0xFFDF, 0xFFDF, 0xF7DF, 0xFFFF, 0xEF5D, 0x2104, 0x0000,
  0x8C71, 0xFFFF, 0xF79E, 0xF7DF, 0xFFDF, 0xFFDF, 0xF7DF, 0xFFDF, 0xF7BF, 0xFFFF, 0x8C92, 0x0000,
  0x632C, 0xFFFF, 0xF79E, 0x2965, 0x0000, 0x9CD3, 0xFFFF, 0xF7BE, 0xFFDF, 0xFFDF, 0xFFDF, 0xFFDF,
  0xFFDF, 0xF7BE, 0xFFFF, 0x9CF3, 0x0000, 0x0861, 0x0841, 0xCE59, 0xFFFF, 0xF7BF, 0xFFDF, 0xF7DF,
  0xF7DF, 0xFFFF, 0x39E7, 0x0000, 0xA534, 0xFFFF, 0xF7BF, 0xFFDF, 0xF7DF, 0xFFDF, 0xF7DF, 0xFFDF,
  0xF7DF, 0xF7DF, 0xFFDF, 0xFFDF, 0xF7DF, 0xF7DF, 0xFFFF, 0xDF1C, 0x1082, 0x0841, 0xDEDB, 0xFFFF,
  0xF7BF, 0xFFDF, 0xF7DF, 0xF7DF, 0xFFDF, 0xFFDF, 0xF7DF, 0xF7DF, 0xFFDF, 0xF7BF, 0xFFFF, 0x5AEB,
  0x0000, 0x0882, 0xCE9A, 0xFFFF, 0xF7BF, 0xFFDF, 0xFFDF, 0xFFDF, 0xF7DF, 0xF7DF, 0xF7DF, 0xFFDF,
  0xF7DF, 0xFFFF, 0xF7DF, 0xDF1C, 0xFFFF, 0xF7DF, 0xF7DF, 0xF7DF, 0xF7DF, 0xF7DF, 0xF7DF, 0xFFDF,
  0xFFDF, 0xFFDF, 0xF7DF, 0xF7DF, 0xFFDF, 0xF7DF, 0xF7DF, 0xF7DF, 0xF7DF, 0xF7DF, 0xF7DF, 0xFFDF,
  0xF7DF, 0xFFDF, 0xF7DF, 0xFFDF, 0xFFDF, 0xFFDF, 0xF7DF, 0xFFDF, 0xF7DF, 0xFFDF, 0xFFDF, 0xFFDF,
  0xECE3, 0xECE3, 0xECE3, 0xECE3, 0xECE3, 0xECE3, 0xECE3, 0xECE3, 0xECE3, 0xECE3, 0xECE3, 0xECE3,
  0xECE3, 0xECE3, 0xECE3, 0xECE3, 0xECE3, 0xECE3, 0xECE3, 0xECE3, 0xECE3, 0xECE3, 0xECE3, 0xECE3,
  0xECE3, 0xECE3, 0xECE3, 0xECE3, 0xECE3, 0xECE3, 0xECE3, 0xECE3, 0xECE3, 0xECE3, 0xECE3, 0xECE3,
  0xECE3, 0xED03, 0xECE3, 0xECE3, 0xECE3, 0xECE3, 0xECE3, 0xECE3, 0xECE3, 0xECE3, 0xECE3, 0xECE3,
  0xECE3, 0xECE3, 0xECE3, 0xECE3, 0xECE3, 0xECE3, 0xECE3, 0xECE3, 0xECE3, 0xECE3, 0xECE3, 0xECE3,
  0xECE3, 0xECE3, 0xECE3, 0xECE3, 0xECE3, 0xECE3, 0xECE3, 0xECE3, 0xECE3, 0xECE3, 0xECE3, 0xECE3,
  0xECE3, 0xECE3, 0xECE3, 0xECE3, 0xECE3, 0xECE3, 0xECC2, 0xED68, 0xFFDF, 0xFFDF, 0xF7DF, 0xF7DF,
  0xFFDF, 0xFFDF, 0xFFDF, 0xFFDF, 0xFFDF, 0xF7DF, 0xF7DF, 0xF7DF, 0xF7DF, 0xF7DF, 0xFFDF, 0xFFDF,
  0xF7DF, 0xF7DF, 0xFFDF, 0xF7DF, 0xF7DF, 0xFFDF, 0xFFDF, 0xF7DF, 0xF7DF, 0xF7DF, 0xFFDF, 0xF7DF,
  0xFFDF, 0xFFDF, 0xFFDF, 0xFFDF, 0xFFDF, 0xF7DF, 0xFFDF, 0xF7BE, 0xFFFF, 0x73AE, 0x0000, 0x3A08,
  0xFFFF, 0xFFDF, 0xF7DF, 0xF7DF, 0xF7DF, 0xF7DF, 0xFFDF, 0xFFDF, 0xF7BF, 0xFFFF, 0x5ACB, 0x0000,
  0x9492, 0xFFFF, 0x8430, 0x0000, 0x4249, 0xFFFF, 0xF7BF, 0xF7DF, 0xF7DF, 0xFFDF, 0xFFDF, 0xF7DF,
  0xF7DF, 0xFFFF, 0xEF5D, 0x10A2, 0x0020, 0x0020, 0x2945, 0xF7BF, 0xFFFF, 0xF7DF, 0xF7DF, 0xF7BF,
  0xFFFF, 0xCE59, 0x0000, 0x1904, 0xEF7D, 0xFFFF, 0xF7DF, 0xFFDF, 0xFFDF, 0xF7DF, 0xFFDF, 0xFFDF,
  0xFFDF, 0xFFDF, 0xFFDF, 0xF7DF, 0xFFDF, 0xF7BE, 0xFFFF, 0xA514, 0x0000, 0x4228, 0xFFFF, 0xF7DF,
  0xF7DF, 0xFFDF, 0xF7DF, 0xFFDF, 0xFFDF, 0xFFDF, 0xF7DF, 0xF7DF, 0xF7BF, 0xFFFF, 0xC618, 0x0020,
  0x0000, 0x4229, 0xFFFF, 0xF7BF, 0xF7DF, 0xF7DF, 0xFFDF, 0xFFDF, 0xFFDF, 0xFFDF, 0xFFDF, 0xF7DF,
  0xFFFF, 0xFFDF, 0x4A69, 0x0841, 0xD6BA, 0xFFFF, 0xF7BF, 0xF7DF, 0xF7DF, 0xF7DF, 0xFFDF, 0xFFDF,
  0xFFDF, 0xFFDF, 0xF7DF, 0xFFDF, 0xFFDF, 0xF7DF, 0xFFDF, 0xF7DF, 0xF7DF, 0xF7DF, 0xF7DF, 0xFFDF,
  0xFFDF, 0xFFDF, 0xF7DF, 0xF7DF, 0xF7DF, 0xF7DF, 0xF7DF, 0xF7DF, 0xFFDF, 0xFFDF, 0xF7DF, 0xF7DF,
  0xECE3, 0xECE3, 0xECE3, 0xECE3, 0xECE3, 0xECE3, 0xECE3, 0xECE3, 0xECE3, 0xECE3, 0xECE3, 0xECE3,
  0xECE3, 0xECE3, 0xECE3, 0xECE3, 0xECE3, 0xECE3, 0xECE3, 0xECE3, 0xECE3, 0xECE3, 0xECE3, 0xECE3,
  0xECE3, 0xECE3, 0xECE3, 0xECE3, 0xECE3, 0xECE3, 0xECE3, 0xECE3, 0xECE3, 0xECE3, 0xECE3, 0xECE3,
  0xECE3, 0xED03, 0xECE3, 0xECE3, 0xECE3, 0xECE3, 0xECE3, 0xECE3, 0xECE3, 0xECE3, 0xECE3, 0xECE3,
  0xECE3, 0xECE3, 0xECE3, 0xECE3, 0xECE3, 0xECE3, 0xECE3, 0xECE3, 0xECE3, 0xECE3, 0xECE3, 0xECE3,
  0xECE3, 0xECE3, 0xECE3, 0xECE3, 0xECE3, 0xECE3, 0xECE3, 0xECE3, 0xECE3, 0xECE3, 0xECE3, 0xECE3,
  0xECE3, 0xECE3, 0xECE3, 0xECE3, 0xECE3, 0xECE3, 0xECC2, 0xED68, 0xFFDF, 0xF7DF, 0xF7DF, 0xF7DF,
  0xFFDF, 0xFFDF, 0xFFDF, 0xFFDF, 0xFFDF, 0xFFDF, 0xF7DF, 0xFFDF, 0xF7DF, 0xF7DF, 0xFFDF, 0xFFDF,
  0xFFDF, 0xF7DF, 0xFFDF, 0xF7DF, 0xF7DF, 0xFFDF, 0xFFDF, 0xF7DF, 0xF7DF, 0xF7DF, 0xF7DF, 0xFFDF,
  0xF7DF, 0xF7DF, 0xFFDF, 0xFFDF, 0xFFDF, 0xF7DF, 0xF7BF, 0xFFFF, 0xCE59, 0x0041, 0x0861, 0xCE79,
  0xFFFF, 0xF7BF, 0xFFDF, 0xFFDF, 0xFFDF, 0xFFDF, 0xF7DF, 0xF7DF, 0xFFFF, 0xEF7D, 0x1904, 0x0020,
  0xD6BB, 0xEF5D, 0x0861, 0x0000, 0xC618, 0xFFFF, 0xF7BF, 0xFFDF, 0xFFDF, 0xFFDF, 0xF7DF, 0xFFDF,
  0xF7BF, 0xFFFF, 0x6B6D, 0x0000, 0x528A, 0x0000, 0x634D, 0xFFFF, 0xF7BF, 0xFFDF, 0xFFDF, 0xF7BE,
  0xFFFF, 0x73AE, 0x0000, 0x6B8E, 0xFFFF, 0xF7BF, 0xF7DF, 0xFFDF, 0xF7DF, 0xFFDF, 0xF7DF, 0xFFDF,
  0xFFDF, 0xFFDF, 0xFFDF, 0xF7DF, 0xF7DF, 0xF7BF, 0xFFFF, 0x5ACB, 0x0000, 0x9492, 0xFFFF, 0xF7BE,
  0xF7DF, 0xF7DF, 0xF7DF, 0xFFDF, 0xF7DF, 0xF7DF, 0xF7DF, 0xF7DF, 0xF7BF, 0xFFFF, 0x4228, 0x0000,
  0x0000, 0xB596, 0xFFFF, 0xF7BF, 0xF7DF, 0xF7DF, 0xF7DF, 0xFFDF, 0xFFDF, 0xF7DF, 0xF7DF, 0xF7BF,
  0xFFFF, 0x6B6D, 0x0000, 0x0841, 0xCE59, 0xFFFF, 0xF7BF, 0xFFDF, 0xF7DF, 0xF7DF, 0xFFDF, 0xF7DF,
  0xF7DF, 0xFFDF, 0xFFDF, 0xFFDF, 0xF7DF, 0xF7DF, 0xF7DF, 0xF7DF, 0xF7DF, 0xF7DF, 0xFFDF, 0xFFDF,
  0xFFDF, 0xF7DF, 0xFFDF, 0xFFDF, 0xFFDF, 0xFFDF, 0xFFDF, 0xFFDF, 0xFFDF, 0xF7DF, 0xF7DF, 0xFFDF,
  0xECE3, 0xECE3, 0xECE3, 0xECE3, 0xECE3, 0xECE3, 0xECE3, 0xECE3, 0xECE3, 0xECE3, 0xECE3, 0xECE3,
  0xECE3, 0xECE3, 0xECE3, 0xECE3, 0xECE3, 0xECE3, 0xECE3, 0xECE3, 0xECE3, 0xECE3, 0xECE3, 0xECE3,
  0xECE3, 0xECE3, 0xECE3, 0xECE3, 0xECE3, 0xECE3, 0xECE3, 0xECE3, 0xECE3, 0xECE3, 0xECE3, 0xECE3,
  0xECE3, 0xECE3, 0xECE3, 0xECE3, 0xECE3, 0xED03, 0xECE3, 0xECE3, 0xECE3, 0xECE3, 0xECE3, 0xECE3,
  0xECE3, 0xECE3, 0xECE3, 0xECE3, 0xECE3, 0xECE3, 0xECE3, 0xECE3, 0xECE3, 0xECE3, 0xECE3, 0xECE3,
  0xECE3, 0xECE3, 0xECE3, 0xECE3, 0xECE3, 0xECE3, 0xECE3, 0xECE3, 0xECE3, 0xECE3, 0xECE3, 0xECE3,
  0xECE3, 0xECE3, 0xECE3, 0xECE3, 0xECE3, 0xECE3, 0xECC2, 0xED68, 0xFFDF, 0xF7DF, 0xF7DF, 0xF7DF,
  0xFFDF, 0xFFDF, 0xFFDF, 0xFFDF, 0xF7DF, 0xF7DF, 0xFFDF, 0xFFDF, 0xF7DF, 0xFFDF, 0xFFDF, 0xF7DF,
  0xF7DF, 0xFFDF, 0xFFDF, 0xFFDF, 0xFFDF, 0xF7DF, 0xFFDF, 0xFFDF, 0xFFDF, 0xFFDF, 0xF7DF, 0xF7DF,
  0xFFDF, 0xF7DF, 0xFFDF, 0xFFDF, 0xFFDF, 0xF7DF, 0xF7BF, 0xFFFF, 0x4A69, 0x0000, 0x738E, 0xFFFF,
  0xF7BE, 0xF7DF, 0xF7DF, 0xF7DF, 0xFFDF, 0xFFDF, 0xFFDF, 0xF7BF, 0xFFFF, 0xB596, 0x0000, 0x3186,
  0xFFFF, 0x73AE, 0x0000, 0x630C, 0xFFFF, 0xF7BE, 0xF7DF, 0xF7DF, 0xFFDF, 0xFFDF, 0xF7DF, 0xF7DF,
  0xFFFF, 0xD6BA, 0x0000, 0x3186, 0x632C, 0x0000, 0xC618, 0xFFFF, 0xF7BF, 0xF7DF, 0xF7DF, 0xFFDF,
  0xF79E, 0x2145, 0x0000, 0xC618, 0xFFFF, 0xF7BF, 0xF7DF, 0xF7DF, 0xFFDF, 0xFFDF, 0xF7DF, 0xFFDF,
  0xFFDF, 0xFFDF, 0xFFDF, 0xF7DF, 0xF7DF, 0xFFFF, 0xE73C, 0x10A2, 0x0841, 0xDEDB, 0xFFFF, 0xF7BF,
  0xF7DF, 0xFFDF, 0xF7DF, 0xF7DF, 0xF7DF, 0xF7DF, 0xF7DF, 0xF7BF, 0xFFFF, 0xBDF7, 0x0020, 0x0000,
  0x3186, 0xF7BF, 0xF7BE, 0xF7BE, 0xF7DF, 0xFFDF, 0xF7DF, 0xFFDF, 0xFFDF, 0xF7DF, 0xF7BF, 0xFFFF,
  0xB5D7, 0x0000, 0x0000, 0x31C7, 0xFFFF, 0xF7DF, 0xF7DF, 0xFFDF, 0xFFDF, 0xFFDF, 0xFFDF, 0xF7DF,
  0xFFDF, 0xFFDF, 0xFFDF, 0xF7DF, 0xF7DF, 0xF7DF, 0xFFDF, 0xF7DF, 0xF7DF, 0xF7DF, 0xFFDF, 0xFFDF,
  0xFFDF, 0xF7DF, 0xFFDF, 0xFFDF, 0xFFDF, 0xFFDF, 0xF7DF, 0xF7DF, 0xFFDF, 0xF7DF, 0xF7DF, 0xF7DF,
  0xECE3, 0xECE3, 0xECE3, 0xECE3, 0xECE3, 0xECE3, 0xECE3, 0xECE3, 0xECE3, 0xECE3, 0xECE3, 0xECE3,
  0xECE3, 0xECE3, 0xECE3, 0xECE3, 0xECE3, 0xECE3, 0xECE3, 0xECE3, 0xECE3, 0xECE3, 0xECE3, 0xECE3,
  0xECE3, 0xECE3, 0xECE3, 0xECE3, 0xECE3, 0xECE3, 0xECE3, 0xECE3, 0xECE3, 0xECE3, 0xECE3, 0xECE3,
  0xECE3, 0xECE3, 0xECE3, 0xECE3, 0xECE3, 0xECE3, 0xECE3, 0xECE3, 0xECE3, 0xECE3, 0xECE3, 0xECE3,
  0xECE3, 0xECE3, 0xECE3, 0xECE3, 0xECE3, 0xECE3, 0xECE3, 0xECE3, 0xECE3, 0xECE3, 0xECE3, 0xECE3,
  0xECE3, 0xECE3, 0xECE3, 0xECE3, 0xECE3, 0xECE3, 0xECE3, 0xECE3, 0xECE3, 0xECE3, 0xECE3, 0xECE3,
  0xECE3, 0xECE3, 0xECE3, 0xECE3, 0xECE3, 0xECE3, 0xECC2, 0xED48, 0xFFDF, 0xF7DF, 0xF7DF, 0xF7DF,
  0xF7DF, 0xFFDF, 0xFFDF, 0xF7DF, 0xF7DF, 0xF7DF, 0xFFDF, 0xFFDF, 0xFFDF, 0xFFDF, 0xF7DF, 0xFFDF,
  0xF7DF, 0xF7DF, 0xF7DF, 0xFFDF, 0xFFDF, 0xF7DF, 0xF7DF, 0xF7DF, 0xF7DF, 0xF7DF, 0xF7DF, 0xF7DF,
  0xF7DF, 0xFFDF, 0xF7DF, 0xF7DF, 0xFFDF, 0xF7BF, 0xFFFF, 0xBDD7, 0x0000, 0x18E3, 0xE73C, 0xFFFF,
  0xF7DF, 0xF7DF, 0xFFDF, 0xFFDF, 0xF7DF, 0xF7DF, 0xF7DF, 0xF7BF, 0xFFFF, 0x5ACB, 0x0000, 0x8C51,
  0xEF5D, 0x0861, 0x0841, 0xD6BA, 0xFFFF, 0xF7BF, 0xFFDF, 0xFFDF, 0xF7DF, 0xF7DF, 0xFFDF, 0xF7BF,
  0xFFFF, 0x6B4D, 0x0000, 0x8431, 0x18C3, 0x2125, 0xFFDF, 0xFFDF, 0xF7DF, 0xF7DF, 0xF7BF, 0xFFFF,
  0xB596, 0x0000, 0x31A6, 0xFFDF, 0xF7DF, 0xF7DF, 0xF7DF, 0xF7DF, 0xFFDF, 0xFFDF, 0xFFDF, 0xFFDF,
  0xFFDF, 0xFFDF, 0xF7DF, 0xF7DF, 0xF7BF, 0xFFFF, 0xA534, 0x0000, 0x4249, 0xFFFF, 0xF7BF, 0xF7DF,
  0xF7DF, 0xFFDF, 0xF7DF, 0xF7BF, 0xF7BF, 0xF7BE, 0xF7BE, 0xF7BF, 0xFFFF, 0x4A8A, 0x0000, 0x0000,
  0xB596, 0xFFFF, 0xFFFF, 0xFFFF, 0xFFFF, 0xF7DF, 0xFFDF, 0xF7DF, 0xF7DF, 0xF7DF, 0xF7DF, 0xFFFF,
  0x39E7, 0x0000, 0x0000, 0x8C51, 0xFFFF, 0xF7BE, 0xF7DF, 0xF7DF, 0xFFDF, 0xF7DF, 0xFFDF, 0xFFDF,
  0xFFDF, 0xFFDF, 0xF7DF, 0xFFDF, 0xFFDF, 0xF7DF, 0xF7DF, 0xF7DF, 0xFFDF, 0xFFDF, 0xFFDF, 0xFFDF,
  0xFFDF, 0xF7DF, 0xFFDF, 0xFFDF, 0xFFDF, 0xFFDF, 0xFFDF, 0xFFDF, 0xF7DF, 0xFFDF, 0xF7DF, 0xF7DF,
  0xECE3, 0xECE3, 0xECE3, 0xECE3, 0xECE3, 0xECE3, 0xECE3, 0xECE3, 0xECE3, 0xECE3, 0xECE3, 0xECE3,
  0xECE3, 0xECE3, 0xECE3, 0xECE3, 0xECE3, 0xECE3, 0xECE3, 0xECE3, 0xECE3, 0xECE3, 0xECE3, 0xECE3,
  0xECE3, 0xECE3, 0xECE3, 0xECE3, 0xECE3, 0xECE3, 0xECE3, 0xECE3, 0xECE3, 0xECE3, 0xECE3, 0xECE3,
  0xECE3, 0xECE3, 0xECE3, 0xECE3, 0xECE3, 0xECE3, 0xECE3, 0xECE3, 0xECE3, 0xECE3, 0xECE3, 0xECE3,
  0xECE3, 0xECE3, 0xECE3, 0xECE3, 0xECE3, 0xECE3, 0xECE3, 0xECE3, 0xECE3, 0xECE3, 0xECE3, 0xECE3,
  0xECE3, 0xECE3, 0xECE3, 0xECE3, 0xECE3, 0xECE3, 0xECE3, 0xECE3, 0xECE3, 0xECE3, 0xECE3, 0xECE3,
  0xECE3, 0xECE3, 0xECE3, 0xECE3, 0xECE3, 0xECE3, 0xECC2, 0xED68, 0xFFDF, 0xF7DF, 0xF7DF, 0xF7DF,
  0xF7DF, 0xF7DF, 0xF7DF, 0xF7DF, 0xF7DF, 0xF7DF, 0xFFDF, 0xF7DF, 0xF7DF, 0xF7DF, 0xF7DF, 0xF7DF,
  0xFFDF, 0xFFDF, 0xFFDF, 0xFFDF, 0xF7DF, 0xFFDF, 0xFFDF, 0xF7DF, 0xF7DF, 0xF7DF, 0xF7DF, 0xFFDF,
  0xF7DF, 0xF7DF, 0xF7DF, 0xF7DF, 0xF7DF, 0xF7DF, 0xFFFF, 0x4228, 0x0000, 0x8C51, 0xFFFF, 0xF7BE,
  0xFFDF, 0xF7DF, 0xF7DF, 0xF7DF, 0xFFDF, 0xF7DF, 0xF7BF, 0xFFFF, 0xD6BA, 0x0841, 0x0041, 0xE73D,
  0x7BCF, 0x0000, 0x632C, 0xFFFF, 0xF7BF, 0xFFDF, 0xFFDF, 0xFFDF, 0xF7DF, 0xF7DF, 0xF7DF, 0xFFFF,
  0xDEDB, 0x0000, 0x31A6, 0x8C71, 0x0000, 0x8C71, 0xFFFF, 0xF7BE, 0xFFDF, 0xF7DF, 0xF7BE, 0xFFFF,
  0x630C, 0x0000, 0x8430, 0xFFFF, 0xF7BE, 0xF7DF, 0xFFDF, 0xFFDF, 0xFFDF, 0xFFDF, 0xFFDF, 0xFFDF,
  0xFFDF, 0xFFDF, 0xFFDF, 0xF7DF, 0xF7BF, 0xFFFF, 0x52CB, 0x0000, 0x9CD3, 0xFFFF, 0xF7BE, 0xF7DF,
  0xFFDF, 0xF7DF, 0xFFDF, 0xFFFF, 0xFFFF, 0xFFFF, 0xFFFF, 0xFFFF, 0xBDF7, 0x0000, 0x0041, 0x18E3,
  0x8431, 0x7BEF, 0x632C, 0x73AE, 0xEF7E, 0xFFFF, 0xF7DF, 0xF7DF, 0xFFDF, 0xF7BF, 0xFFFF, 0xAD55,
  0x0000, 0x0841, 0x10A2, 0xE71C, 0xFFFF, 0xF7DF, 0xF7DF, 0xFFDF, 0xFFDF, 0xFFDF, 0xF7DF, 0xF7DF,
  0xF7DF, 0xF7DF, 0xFFDF, 0xF7DF, 0xFFDF, 0xFFDF, 0xFFDF, 0xFFDF, 0xFFDF, 0xFFDF, 0xFFDF, 0xFFDF,
  0xF7DF, 0xF7DF, 0xFFDF, 0xFFDF, 0xFFDF, 0xFFDF, 0xFFDF, 0xFFDF, 0xF7DF, 0xF7DF, 0xF7DF, 0xFFDF,
  0xECE3, 0xECE3, 0xECE3, 0xECE3, 0xECE3, 0xECE3, 0xECE3, 0xECE3, 0xECE3, 0xECE3, 0xECE3, 0xECE3,
  0xECE3, 0xECE3, 0xECE3, 0xECE3, 0xECE3, 0xECE3, 0xECE3, 0xECE3, 0xECE3, 0xECE3, 0xECE3, 0xECE3,
  0xECE3, 0xECE3, 0xECE3, 0xECE3, 0xECE3, 0xECE3, 0xECE3, 0xECE3, 0xECE3, 0xECE3, 0xECE3, 0xECE3,
  0xECE3, 0xECE3, 0xECE3, 0xECE3, 0xECE3, 0xECE3, 0xECE3, 0xECE3, 0xECE3, 0xECE3, 0xECE3, 0xECE3,
  0xECE3, 0xECE3, 0xECE3, 0xECE3, 0xECE3, 0xECE3, 0xECE3, 0xECE3, 0xECE3, 0xECE3, 0xECE3, 0xECE3,
  0xECE3, 0xECE3, 0xECE3, 0xECE3, 0xECE3, 0xECE3, 0xECE3, 0xECE3, 0xECE3, 0xECE3, 0xECE3, 0xECE3,
  0xECE3, 0xECE3, 0xECE3, 0xECE3, 0xECE3, 0xECE3, 0xECC2, 0xED68, 0xFFDF, 0xF7DF, 0xF7DF, 0xF7DF,
  0xF7DF, 0xF7DF, 0xFFDF, 0xF7DF, 0xFFDF, 0xFFDF, 0xFFDF, 0xF7DF, 0xF7DF, 0xFFDF, 0xFFDF, 0xFFDF,
  0xFFDF, 0xFFDF, 0xFFDF, 0xFFDF, 0xF7DF, 0xFFDF, 0xFFDF, 0xFFDF, 0xF7DF, 0xFFDF, 0xF7DF, 0xF7DF,
  0xF7DF, 0xF7DF, 0xFFDF, 0xFFDF, 0xF7BF, 0xFFFF, 0xBDD7, 0x0000, 0x18E3, 0xEF5D, 0xFFFF, 0xF7DF,
  0xFFDF, 0xF7DF, 0xF7DF, 0xF7DF, 0xF7DF, 0xFFDF, 0xF7BE, 0xFFFF, 0x6B6D, 0x0000, 0x632C, 0xEF7D,
  0x0882, 0x0020, 0xD69A, 0xFFFF, 0xF7BF, 0xF7DF, 0xFFDF, 0xFFDF, 0xFFDF, 0xFFDF, 0xF7BE, 0xFFFF,
  0x7BCF, 0x0000, 0x8C71, 0x3A08, 0x0861, 0xE73C, 0xFFFF, 0xF7DF, 0xF7DF, 0xF7DF, 0xFFFF, 0xE73D,
  0x18C3, 0x0020, 0xD69A, 0xFFFF, 0xF7BF, 0xFFDF, 0xFFDF, 0xF7DF, 0xF7DF, 0xFFDF, 0xFFDF, 0xFFDF,
  0xFFDF, 0xFFDF, 0xFFDF, 0xF7DF, 0xFFFF, 0xE71C, 0x10A2, 0x0861, 0xDEFB, 0xFFFF, 0xF7BF, 0xFFDF,
  0xF7DF, 0xFFDF, 0xF7DF, 0xCE9A, 0xAD55, 0x8410, 0x5AEB, 0x39C7, 0x1082, 0x0020, 0x0020, 0x0000,
  0x0000, 0x0000, 0x0000, 0x0000, 0xDEDB, 0xFFFF, 0xF7BF, 0xF7DF, 0xF7DF, 0xF7DF, 0xFFFF, 0x39E7,
  0x0000, 0x0000, 0x6B8E, 0xFFFF, 0xF7BE, 0xFFDF, 0xFFDF, 0xFFDF, 0xFFDF, 0xFFDF, 0xFFDF, 0xFFDF,
  0xFFDF, 0xF7DF, 0xF7DF, 0xF7DF, 0xFFDF, 0xF7DF, 0xFFDF, 0xFFDF, 0xF7DF, 0xF7DF, 0xF7DF, 0xF7DF,
  0xFFDF, 0xFFDF, 0xF7DF, 0xF7DF, 0xFFDF, 0xFFDF, 0xF7DF, 0xF7DF, 0xFFDF, 0xFFDF, 0xF7DF, 0xF7DF,
  0xECE3, 0xECE3, 0xECE3, 0xECE3, 0xECE3, 0xECE3, 0xECE3, 0xECE3, 0xECE3, 0xECE3, 0xECE3, 0xECE3,
  0xECE3, 0xECE3, 0xECE3, 0xECE3, 0xECE3, 0xECE3, 0xECE3, 0xECE3, 0xECE3, 0xECE3, 0xECE3, 0xECE3,
  0xECE3, 0xECE3, 0xECE3, 0xECE3, 0xECE3, 0xECE3, 0xECE3, 0xECE3, 0xECE3, 0xECE3, 0xECE3, 0xECE3,
  0xECE3, 0xECE3, 0xECE3, 0xECE3, 0xECE3, 0xECE3, 0xECE3, 0xECE3, 0xECE3, 0xECE3, 0xECE3, 0xECE3,
  0xECE3, 0xECE3, 0xECE3, 0xECE3, 0xECE3, 0xECE3, 0xECE3, 0xECE3, 0xECE3, 0xECE3, 0xECE3, 0xECE3,
  0xECE3, 0xECE3, 0xECE3, 0xECE3, 0xECE3, 0xECE3, 0xECE3, 0xED03, 0xECE3, 0xECE3, 0xECE3, 0xECE3,
  0xECE3, 0xECE3, 0xECE3, 0xECE3, 0xECE3, 0xECE3, 0xECC2, 0xED68, 0xFFDF, 0xF7DF, 0xF7DF, 0xF7DF,
  0xF7DF, 0xF7DF, 0xF7DF, 0xF7DF, 0xFFDF, 0xFFDF, 0xFFDF, 0xF7DF, 0xF7DF, 0xF7DF, 0xF7DF, 0xFFDF,
  0xF7DF, 0xFFDF, 0xF7DF, 0xF7DF, 0xFFDF, 0xF7DF, 0xF7DF, 0xF7DF, 0xF7DF, 0xF7DF, 0xF7DF, 0xF7DF,
  0xF7DF, 0xFFDF, 0xF7DF, 0xF7DF, 0xF7BF, 0xFFFF, 0x52AA, 0x0000, 0x8430, 0xFFFF, 0xF7BE, 0xFFDF,
  0xFFDF, 0xF7DF, 0xFFDF, 0xF7DF, 0xFFDF, 0xF7BF, 0xFFFF, 0xD6BB, 0x0861, 0x0000, 0xDEDB, 0x8C51,
  0x0000, 0x5AEC, 0xFFFF, 0xF7BF, 0xF7DF, 0xFFDF, 0xFFDF, 0xFFDF, 0xF7DF, 0xF7DF, 0xFFFF, 0xEF5D,
  0x10A2, 0x2104, 0x9CF3, 0x0000, 0x738E, 0xFFFF, 0xF7BE, 0xFFDF, 0xF7DF, 0xF7BE, 0xFFFF, 0xA555,
  0x0000, 0x4228, 0xFFFF, 0xF7DF, 0xF7DF, 0xF7DF, 0xF7DF, 0xF7DF, 0xFFDF, 0xF7DF, 0xFFDF, 0xF7DF,
  0xFFDF, 0xFFDF, 0xF7DF, 0xF7BF, 0xFFFF, 0x9CD3, 0x0000, 0x4A8A, 0xFFFF, 0xF7BF, 0xF7DF, 0xF7DF,
  0xF7DF, 0xFFFF, 0x4249, 0x0000, 0x0000, 0x0000, 0x0000, 0x0041, 0x0841, 0x0000, 0x10A2, 0x73AE,
  0x94B2, 0xAD75, 0xB596, 0xD6BA, 0xFFFF, 0xF7DF, 0xF7DF, 0xF7DF, 0xF7BF, 0xFFFF, 0xBDD7, 0x0000,
  0x0841, 0x0882, 0xDEDB, 0xFFFF, 0xF7BF, 0xFFDF, 0xF7DF, 0xFFDF, 0xFFDF, 0xF7DF, 0xF7DF, 0xFFDF,
  0xFFDF, 0xFFDF, 0xF7DF, 0xFFDF, 0xFFDF, 0xF7DF, 0xF7DF, 0xFFDF, 0xFFDF, 0xF7DF, 0xFFDF, 0xFFDF,
  0xF7DF, 0xF7DF, 0xF7DF, 0xF7DF, 0xF7DF, 0xF7DF, 0xF7DF, 0xFFDF, 0xFFDF, 0xFFDF, 0xFFDF, 0xFFDF,
  0xECE3, 0xECE3, 0xECE3, 0xECE3, 0xECE3, 0xECE3, 0xECE3, 0xECE3, 0xECE3, 0xECE3, 0xECE3, 0xECE3,
  0xECE3, 0xECE3, 0xECE3, 0xECE3, 0xECE3, 0xECE3, 0xECE3, 0xECE3, 0xECE3, 0xECE3, 0xECE3, 0xECE3,
  0xECE3, 0xECE3, 0xECE3, 0xECE3, 0xECE3, 0xECE3, 0xECE3, 0xECE3, 0xECE3, 0xECE3, 0xECE3, 0xECE3,
  0xECE3, 0xECE3, 0xECE3, 0xECE3, 0xECE3, 0xECE3, 0xECE3, 0xECE3, 0xECE3, 0xECE3, 0xECE3, 0xECE3,
  0xECE3, 0xECE3, 0xECE3, 0xECE3, 0xECE3, 0xECE3, 0xECE3, 0xECE3, 0xECE3, 0xECE3, 0xECE3, 0xECE3,
  0xECE3, 0xECE3, 0xECE3, 0xECE3, 0xECE3, 0xED03, 0xECE3, 0xECE3, 0xECE3, 0xECE3, 0xECE3, 0xECE3,
  0xECE3, 0xECE3, 0xECE3, 0xECE3, 0xECE3, 0xECE3, 0xECC2, 0xED68, 0xFFDF, 0xF7DF, 0xF7DF, 0xF7DF,
  0xF7DF, 0xFFDF, 0xF7DF, 0xFFDF, 0xFFDF, 0xFFDF, 0xFFDF, 0xFFDF, 0xFFDF, 0xF7DF, 0xFFDF, 0xFFDF,
  0xF7DF, 0xFFDF, 0xF7DF, 0xFFDF, 0xF7DF, 0xFFDF, 0xF7DF, 0xF7DF, 0xFFDF, 0xF7DF, 0xFFDF, 0xF7DF,
  0xF7DF, 0xF7DF, 0xF7DF, 0xF7BF, 0xFFFF, 0xCE7A, 0x0020, 0x10A2, 0xE71C, 0xFFFF, 0xF7DF, 0xFFDF,
  0xF7DF, 0xFFDF, 0xF7DF, 0xFFDF, 0xFFDF, 0xF7BF, 0xFFFF, 0x5AEB, 0x0000, 0x630C, 0xF7BE, 0x10C3,
  0x0000, 0xCE59, 0xFFFF, 0xF7BF, 0xF7DF, 0xFFDF, 0xFFDF, 0xFFDF, 0xF7DF, 0xF7BE, 0xFFFF, 0x9CF3,
  0x0000, 0x7BCF, 0x4A69, 0x0000, 0xD6BA, 0xFFFF, 0xF7BF, 0xF7DF, 0xF7DF, 0xF7BF, 0xFFFF, 0x5AEB,
  0x0000, 0x9492, 0xFFFF, 0xF7BE, 0xFFDF, 0xFFDF, 0xFFDF, 0xFFFF, 0xF79E, 0xFFFF, 0xF7DF, 0xFFDF,
  0xF7DF, 0xFFDF, 0xF7DF, 0xF7BF, 0xFFFF, 0x4A49, 0x0000, 0x9D14, 0xFFFF, 0xF7BF, 0xFFDF, 0xF7DF,
  0xF7DF, 0xFFFF, 0x7C10, 0x3A08, 0x738E, 0x94D3, 0xCE7A, 0x7C10, 0x0020, 0x0000, 0x9CD3, 0xFFFF,
  0xFFFF, 0xFFFF, 0xFFFF, 0xFFFF, 0xF7DF, 0xF7DF, 0xF7DF, 0xF7DF, 0xF7BF, 0xFFFF, 0x528A, 0x0000,
  0x0000, 0x6B6D, 0xFFFF, 0xF7BE, 0xF7DF, 0xFFDF, 0xF7DF, 0xFFDF, 0xFFDF, 0xFFDF, 0xFFDF, 0xF7DF,
  0xF7DF, 0xFFDF, 0xFFDF, 0xF7DF, 0xFFDF, 0xFFDF, 0xFFDF, 0xFFDF, 0xF7DF, 0xF7DF, 0xF7DF, 0xF7DF,
  0xF7DF, 0xFFDF, 0xF7DF, 0xF7DF, 0xFFDF, 0xFFDF, 0xFFDF, 0xF7DF, 0xF7DF, 0xF7DF, 0xF7DF, 0xFFDF,
  0xECE3, 0xECE3, 0xECE3, 0xECE3, 0xECE3, 0xECE3, 0xECE3, 0xECE3, 0xECE3, 0xECE3, 0xECE3, 0xECE3,
  0xECE3, 0xECE3, 0xECE3, 0xECE3, 0xECE3, 0xECE3, 0xECE3, 0xECE3, 0xECE3, 0xECE3, 0xECE3, 0xECE3,
  0xECE3, 0xECE3, 0xECE3, 0xECE3, 0xECE3, 0xECE3, 0xECE3, 0xECE3, 0xECE3, 0xECE3, 0xECE3, 0xECE3,
  0xECE3, 0xECE3, 0xECE3, 0xECE3, 0xECE3, 0xECE3, 0xECE3, 0xECE3, 0xECE3, 0xECE3, 0xECE3, 0xECE3,
  0xECE3, 0xECE3, 0xECE3, 0xECE3, 0xECE3, 0xECE3, 0xECE3, 0xECE3, 0xECE3, 0xECE3, 0xECE3, 0xECE3,
  0xECE3, 0xECE3, 0xED03, 0xED03, 0xED03, 0xECE3, 0xECE3, 0xECE3, 0xECE3, 0xECE3, 0xECE3, 0xECE3,
  0xECE3, 0xECE3, 0xECE3, 0xECE3, 0xECE3, 0xECE3, 0xECC2, 0xED48, 0xFFDF, 0xF7DF, 0xFFDF, 0xF7DF,
  0xF7DF, 0xF7DF, 0xFFDF, 0xFFDF, 0xFFDF, 0xF7DF, 0xFFDF, 0xFFDF, 0xFFDF, 0xFFDF, 0xFFDF, 0xF7DF,
  0xF7DF, 0xF7DF, 0xF7DF, 0xFFDF, 0xF7DF, 0xFFDF, 0xF7DF, 0xF7DF, 0xFFDF, 0xFFDF, 0xFFDF, 0xF7DF,
  0xF7DF, 0xF7DF, 0xFFDF, 0xF7BF, 0xFFFF, 0x73AE, 0x0000, 0x6B4D, 0xFFFF, 0xF7BF, 0xFFDF, 0xFFDF,
  0xF7DF, 0xFFDF, 0xFFDF, 0xFFDF, 0xF7BE, 0xFFFF, 0xAD75, 0x0000, 0x1082, 0xEF5D, 0x94B3, 0x0000,
  0x4A69, 0xFFFF, 0xF7BF, 0xFFDF, 0xFFDF, 0xFFDF, 0xFFDF, 0xF7DF, 0xF7DF, 0xF7DF, 0xFFFF, 0x31A6,
  0x0841, 0x8430, 0x0000, 0x630C, 0xFFFF, 0xF7BF, 0xFFDF, 0xFFDF, 0xF7DF, 0xFFFF, 0xE73C, 0x10A2,
  0x0861, 0xDEDB, 0xFFFF, 0xF7BF, 0xFFDF, 0xF7BF, 0xFFFF, 0x6B6D, 0x2104, 0xDF1C, 0xFFFF, 0xF7BF,
  0xFFDF, 0xFFDF, 0xF7BF, 0xFFFF, 0xD6BA, 0x0021, 0x10C3, 0xE73C, 0xFFFF, 0xF7DF, 0xF7DF, 0xFFDF,
  0xF7DF, 0xF7DF, 0xFFFF, 0xFFFF, 0xFFFF, 0xFFFF, 0xFFFF, 0x3A08, 0x0000, 0x39C7, 0xFFFF, 0xF7BF,
  0xF7BE, 0xF7BE, 0xF7BF, 0xF7BF, 0xFFDF, 0xF7DF, 0xF7DF, 0xF7BF, 0xFFFF, 0xD6BA, 0x0861, 0x0021,
  0x10A2, 0xDEFB, 0xFFFF, 0xF7BF, 0xF7DF, 0xFFDF, 0xFFDF, 0xFFDF, 0xFFDF, 0xFFDF, 0xF7DF, 0xF7DF,
  0xFFDF, 0xFFDF, 0xFFDF, 0xF7DF, 0xF7DF, 0xFFDF, 0xFFDF, 0xF7DF, 0xFFDF, 0xF7DF, 0xFFDF, 0xF7DF,
  0xFFDF, 0xF7DF, 0xF7DF, 0xFFDF, 0xFFDF, 0xF7DF, 0xFFDF, 0xF7DF, 0xFFDF, 0xF7DF, 0xFFDF, 0xFFDF,
  0xECE3, 0xECE3, 0xECE3, 0xECE3, 0xECE3, 0xECE3, 0xECE3, 0xECE3, 0xECE3, 0xECE3, 0xECE3, 0xECE3,
  0xECE3, 0xECE3, 0xECE3, 0xECE3, 0xECE3, 0xECE3, 0xECE3, 0xECE3, 0xECE3, 0xECE3, 0xECE3, 0xECE3,
  0xECE3, 0xECE3, 0xECE3, 0xECE3, 0xECE3, 0xECE3, 0xECE3, 0xECE3, 0xECE3, 0xECE3, 0xECE3, 0xECE3,
  0xECE3, 0xECE3, 0xECE3, 0xECE3, 0xECE3, 0xECE3, 0xECE3, 0xECE3, 0xECE3, 0xECE3, 0xECE3, 0xECE3,
  0xECE3, 0xECE3, 0xECE3, 0xECE3, 0xECE3, 0xECE3, 0xECE3, 0xECE3, 0xECE3, 0xECE3, 0xECE3, 0xECE3,
  0xECE3, 0xECE3, 0xECE3, 0xED03, 0xED03, 0xECE3, 0xECE3, 0xECE3, 0xECE3, 0xECE3, 0xECE3, 0xECE3,
  0xECE3, 0xECE3, 0xECE3, 0xECE3, 0xECE3, 0xECE3, 0xECC2, 0xED48, 0xFFDF, 0xF7DF, 0xF7DF, 0xF7DF,
  0xF7DF, 0xF7DF, 0xFFDF, 0xF7DF, 0xF7DF, 0xF7DF, 0xF7DF, 0xF7DF, 0xFFDF, 0xFFDF, 0xF7DF, 0xFFDF,
  0xF7DF, 0xF7DF, 0xF7DF, 0xFFDF, 0xFFDF, 0xFFDF, 0xFFDF, 0xFFDF, 0xF7DF, 0xFFDF, 0xF7BF, 0xF7BE,
  0xF7DF, 0xFFDF, 0xF7DF, 0xFFFF, 0xEF5D, 0x18E3, 0x0000, 0xC639, 0xFFFF, 0xF7BF, 0xF7DF, 0xF7DF,
  0xFFDF, 0xF7DF, 0xFFDF, 0xF7BF, 0xFFFF, 0xEF5D, 0x1904, 0x0000, 0x8C92, 0xFFFF, 0x2965, 0x0000,
  0xAD75, 0xFFFF, 0xF7BF, 0xFFDF, 0xFFDF, 0xF7DF, 0xFFDF, 0xF7DF, 0xF7BF, 0xFFFF, 0xC638, 0x0000,
  0x4229, 0x39C7, 0x0000, 0xD69A, 0xFFFF, 0xF7BF, 0xFFDF, 0xF7DF, 0xF7BE, 0xFFFF, 0xA534, 0x0000,
  0x4A49, 0xFFFF, 0xF7DF, 0xF7DF, 0xF7BE, 0xFFFF, 0xB596, 0x0000, 0x0000, 0xCE79, 0xFFFF, 0xF7BF,
  0xF7DF, 0xF7DF, 0xF7BE, 0xFFFF, 0x8430, 0x0000, 0x632C, 0xFFFF, 0xF7BF, 0xF7DF, 0xFFDF, 0xF7DF,
  0xF7DF, 0xF7DF, 0xF7BF, 0xF7BF, 0xF79E, 0xFFFF, 0xC638, 0x0020, 0x0000, 0xAD76, 0xFFFF, 0xF7BE,
  0xFFDF, 0xF7DF, 0xF7BF, 0xF7DF, 0xF7DF, 0xF7DF, 0xF7DF, 0xF7BE, 0xFFFF, 0x7BEF, 0x0000, 0x0000,
  0x8410, 0xFFFF, 0xF7BE, 0xF7DF, 0xF7DF, 0xF7DF, 0xF7DF, 0xFFDF, 0xFFDF, 0xFFDF, 0xF7DF, 0xFFDF,
  0xFFDF, 0xF7DF, 0xFFDF, 0xFFDF, 0xF7DF, 0xFFDF, 0xFFDF, 0xF7DF, 0xF7DF, 0xF7DF, 0xFFDF, 0xFFDF,
  0xF7DF, 0xF7DF, 0xF7DF, 0xFFDF, 0xF7DF, 0xF7DF, 0xF7DF, 0xF7DF, 0xFFDF, 0xF7DF, 0xFFDF, 0xFFDF,
  0xECE3, 0xECE3, 0xECE3, 0xECE3, 0xECE3, 0xECE3, 0xECE3, 0xECE3, 0xECE3, 0xECE3, 0xECE3, 0xECE3,
  0xECE3, 0xECE3, 0xECE3, 0xECE3, 0xECE3, 0xECE3, 0xECE3, 0xECE3, 0xECE3, 0xECE3, 0xECE3, 0xECE3,
  0xECE3, 0xECE3, 0xECE3, 0xECE3, 0xECE3, 0xECE3, 0xECE3, 0xECE3, 0xECE3, 0xECE3, 0xECE3, 0xECE3,
  0xECE3, 0xECE3, 0xECE3, 0xECE3, 0xECE3, 0xECE3, 0xECE3, 0xECE3, 0xECE3, 0xECE3, 0xECE3, 0xECE3,
  0xECE3, 0xECE3, 0xECE3, 0xECE3, 0xECE3, 0xECE3, 0xECE3, 0xECE3, 0xECE3, 0xECE3, 0xECE3, 0xECE3,
  0xECE3, 0xECE3, 0xECE3, 0xECE3, 0xECE3, 0xECE3, 0xECE3, 0xECE3, 0xECE3, 0xECE3, 0xECE3, 0xECE3,
  0xECE3, 0xECE3, 0xECE3, 0xECE3, 0xECE3, 0xECE3, 0xECC2, 0xED68, 0xFFDF, 0xFFDF, 0xF7DF, 0xF7DF,
  0xF7DF, 0xF7DF, 0xFFDF, 0xF7DF, 0xF7DF, 0xF7DF, 0xFFDF, 0xF7DF, 0xF7DF, 0xF7DF, 0xF7DF, 0xF7DF,
  0xFFDF, 0xFFDF, 0xF7DF, 0xFFDF, 0xFFDF, 0xF7DF, 0xF7DF, 0xF7DF, 0xFFDF, 0xF7DF, 0xFFFF, 0xFFFF,
  0xF7DF, 0xF7DF, 0xF7BE, 0xFFFF, 0xA514, 0x0000, 0x4228, 0xFFFF, 0xF7DF, 0xF7DF, 0xFFDF, 0xFFDF,
  0xF7DF, 0xFFDF, 0xF7DF, 0xF7DF, 0xFFFF, 0x4A69, 0x0000, 0x4228, 0xFFFF, 0xAD75, 0x0000, 0x31A7,
  0xFFDF, 0xF7DF, 0xF7DF, 0xF7DF, 0xF7DF, 0xFFDF, 0xFFDF, 0xF7DF, 0xF7BF, 0xFFFF, 0x6B6D, 0x0000,
  0x4A69, 0x0000, 0x630C, 0xFFFF, 0xF7BF, 0xFFDF, 0xF7DF, 0xF7DF, 0xF7BF, 0xFFFF, 0x52CB, 0x0000,
  0x9492, 0xFFFF, 0xF7BF, 0xFFDF, 0xFFDF, 0xF7BE, 0x2945, 0x0000, 0x2104, 0xEF7D, 0xFFFF, 0xF7DF,
  0xF7DF, 0xF7DF, 0xFFDF, 0xF7DF, 0x2965, 0x0000, 0xBDD7, 0xFFFF, 0xF7BF, 0xF7DF, 0xF7DF, 0xFFDF,
  0xF7DF, 0xF7DF, 0xF7DF, 0xFFDF, 0xF7BE, 0xFFFF, 0x73CF, 0x0000, 0x4A69, 0xFFFF, 0xF7BF, 0xF7DF,
  0xF7BE, 0xF7DF, 0xFFFF, 0xFFDF, 0xF7BF, 0xFFDF, 0xF7DF, 0xFFDF, 0xF79E, 0x2125, 0x0000, 0x2104,
  0xEF7D, 0xFFDF, 0xF7BF, 0xF7BF, 0xF7DF, 0xFFDF, 0xF7DF, 0xFFDF, 0xFFDF, 0xFFDF, 0xFFDF, 0xFFDF,
  0xF7DF, 0xF7DF, 0xF7DF, 0xF7DF, 0xF7DF, 0xF7DF, 0xF7DF, 0xF7DF, 0xFFDF, 0xFFDF, 0xF7DF, 0xF7DF,
  0xF7DF, 0xF7DF, 0xF7DF, 0xF7DF, 0xFFDF, 0xFFDF, 0xF7DF, 0xFFDF, 0xFFDF, 0xFFDF, 0xFFDF, 0xFFDF,
  0xECE3, 0xECE3, 0xECE3, 0xECE3, 0xECE3, 0xECE3, 0xECE3, 0xECE3, 0xECE3, 0xECE3, 0xECE3, 0xECE3,
  0xECE3, 0xECE3, 0xECE3, 0xECE3, 0xECE3, 0xECE3, 0xECE3, 0xECE3, 0xECE3, 0xECE3, 0xECE3, 0xECE3,
  0xECE3, 0xECE3, 0xECE3, 0xECE3, 0xECE3, 0xECE3, 0xECE3, 0xECE3, 0xECE3, 0xECE3, 0xECE3, 0xECE3,
  0xECE3, 0xECE3, 0xECE3, 0xECE3, 0xECE3, 0xECE3, 0xECE3, 0xECE3, 0xECE3, 0xECE3, 0xECE3, 0xECE3,
  0xECE3, 0xECE3, 0xECE3, 0xECE3, 0xECE3, 0xECE3, 0xECE3, 0xECE3, 0xECE3, 0xECE3, 0xECE3, 0xECE3,
  0xECE3, 0xECE3, 0xECE3, 0xECE3, 0xED03, 0xECE3, 0xECE3, 0xECE3, 0xECE3, 0xECE3, 0xECE3, 0xECE3,
  0xECE3, 0xECE3, 0xECE3, 0xECE3, 0xECE3, 0xECE3, 0xECC2, 0xED68, 0xFFDF, 0xFFDF, 0xFFDF, 0xF7DF,
  0xF7DF, 0xFFDF, 0xFFDF, 0xFFDF, 0xFFDF, 0xFFDF, 0xF7DF, 0xF7DF, 0xFFDF, 0xFFDF, 0xFFDF, 0xFFDF,
  0xF7DF, 0xFFDF, 0xF7DF, 0xF7DF, 0xF7DF, 0xF7DF, 0xF7DF, 0xF7DF, 0xF7BF, 0xFFFF, 0xB596, 0x7BCF,
  0xFFFF, 0xF7BF, 0xF7BF, 0xFFFF, 0x4A69, 0x0000, 0x9CF3, 0xFFFF, 0xF7BF, 0xFFDF, 0xFFDF, 0xF7DF,
  0xFFDF, 0xF7DF, 0xF7DF, 0xFFFF, 0x6B6D, 0x0000, 0x18E3, 0xDF1C, 0xFFFF, 0x4A69, 0x0000, 0x94B2,
  0xFFFF, 0xF7BE, 0xF7DF, 0xF7DF, 0xF7DF, 0xFFDF, 0xF7DF, 0xF7DF, 0xFFFF, 0xEF9E, 0x2124, 0x10A2,
  0x1904, 0x0041, 0xD6BA, 0xFFFF, 0xF7BF, 0xFFDF, 0xF7DF, 0xF7DF, 0xFFFF, 0xE75D, 0x10A3, 0x0020,
  0xD6BB, 0xFFFF, 0xF7BF, 0xF7BE, 0xFFFF, 0x9492, 0x0000, 0x0000, 0x4A8A, 0xFFFF, 0xF7BF, 0xFFDF,
  0xFFDF, 0xF7BF, 0xFFFF, 0xB5D7, 0x0000, 0x3186, 0xF7BF, 0xF7DF, 0xF7BF, 0xF7BE, 0xF7BE, 0xF7DF,
  0xF7BF, 0xF7BF, 0xF7DF, 0xF7DF, 0xFFFF, 0xEF7D, 0x2104, 0x0000, 0xC638, 0xFFFF, 0xF7BF, 0xF7BF,
  0xFFFF, 0xFFFF, 0xDEFB, 0xEF9E, 0xFFFF, 0xF7BF, 0xF7BF, 0xFFFF, 0xB596, 0x0000, 0x0000, 0x94B2,
  0xFFFF, 0xFFFF, 0xFFFF, 0xFFFF, 0xFFFF, 0xF7DF, 0xFFDF, 0xF7DF, 0xF7DF, 0xF7DF, 0xFFDF, 0xFFDF,
  0xFFDF, 0xF7DF, 0xFFDF, 0xFFDF, 0xFFDF, 0xF7DF, 0xFFDF, 0xFFDF, 0xFFDF, 0xF7DF, 0xF7DF, 0xF7DF,
  0xF7DF, 0xFFDF, 0xF7DF, 0xFFDF, 0xFFDF, 0xF7DF, 0xF7DF, 0xF7DF, 0xFFDF, 0xFFDF, 0xFFDF, 0xFFDF,
  0xECE3, 0xECE3, 0xECE3, 0xECE3, 0xECE3, 0xECE3, 0xECE3, 0xECE3, 0xECE3, 0xECE3, 0xECE3, 0xECE3,
  0xECE3, 0xECE3, 0xECE3, 0xECE3, 0xECE3, 0xECE3, 0xECE3, 0xECE3, 0xECE3, 0xECE3, 0xECE3, 0xECE3,
  0xECE3, 0xECE3, 0xECE3, 0xECE3, 0xECE3, 0xECE3, 0xECE3, 0xECE3, 0xECE3, 0xECE3, 0xECE3, 0xECE3,
  0xECE3, 0xECE3, 0xECE3, 0xECE3, 0xECE3, 0xECE3, 0xECE3, 0xECE3, 0xECE3, 0xECE3, 0xECE3, 0xECE3,
  0xECE3, 0xECE3, 0xECE3, 0xECE3, 0xECE3, 0xECE3, 0xECE3, 0xECE3, 0xECE3, 0xECE3, 0xECE3, 0xECE3,
  0xECE3, 0xECE3, 0xECE3, 0xECE3, 0xECE3, 0xECE3, 0xECE3, 0xECE3, 0xECE3, 0xECE3, 0xECE3, 0xECE3,
  0xECE3, 0xECE3, 0xECE3, 0xECE3, 0xECE3, 0xECE3, 0xECC2, 0xED68, 0xFFDF, 0xF7DF, 0xF7DF, 0xF7DF,
  0xFFDF, 0xF7DF, 0xF7DF, 0xF7DF, 0xFFDF, 0xFFDF, 0xF7DF, 0xFFDF, 0xFFDF, 0xFFDF, 0xF7DF, 0xFFDF,
  0xFFDF, 0xFFDF, 0xF7DF, 0xFFDF, 0xF7DF, 0xFFDF, 0xFFDF, 0xFFDF, 0xF7BE, 0xFFFF, 0x6B6E, 0x0000,
  0x9CD3, 0xFFFF, 0xFFFF, 0xD69A, 0x0000, 0x10A3, 0xE73C, 0xFFFF, 0xF7DF, 0xFFDF, 0xFFDF, 0xFFDF,
  0xF7BF, 0xF7DF, 0xFFFF, 0x7BCF, 0x0000, 0x0861, 0xBE18, 0xFFFF, 0xCE79, 0x0020, 0x1082, 0xE71C,
  0xFFFF, 0xF7DF, 0xF7BF, 0xF7BF, 0xF7BF, 0xF7DF, 0xFFDF, 0xF7BF, 0xFFFF, 0xAD75, 0x0000, 0x0882,
  0x0000, 0x6B4D, 0xFFFF, 0xF7BE, 0xFFDF, 0xF7DF, 0xF7DF, 0xF7BF, 0xFFFF, 0xAD75, 0x0000, 0x4208,
  0xFFFF, 0xF7DF, 0xF7DF, 0xFFFF, 0xEF5D, 0x1904, 0x0841, 0x0000, 0x8C71, 0xFFFF, 0xF7BE, 0xF7DF,
  0xF7DF, 0xF7BF, 0xFFFF, 0x5ACB, 0x0000, 0x9492, 0xFFFF, 0xEF9E, 0xFFFF, 0xFFFF, 0xFFFF, 0xFFFF,
  0xFFFF, 0xFFFF, 0xF7DF, 0xF79E, 0xFFFF, 0x8C92, 0x0000, 0x4A69, 0xFFFF, 0xF7BF, 0xF7BF, 0xFFFF,
  0xBDF8, 0x3A08, 0x0841, 0x2124, 0xCE59, 0xFFFF, 0xF79E, 0xFFFF, 0x5B0C, 0x0000, 0x39C7, 0xFFFF,
  0xFFDF, 0xA514, 0x4208, 0x4208, 0xDEDB, 0xFFFF, 0xF7BF, 0xFFDF, 0xFFDF, 0xF7DF, 0xFFDF, 0xF7DF,
  0xF7DF, 0xF7DF, 0xFFDF, 0xFFDF, 0xF7DF, 0xF7DF, 0xFFDF, 0xFFDF, 0xF7DF, 0xFFDF, 0xF7DF, 0xF7DF,
  0xF7DF, 0xFFDF, 0xF7DF, 0xF7DF, 0xFFDF, 0xFFDF, 0xF7DF, 0xFFDF, 0xF7DF, 0xF7DF, 0xFFDF, 0xFFDF,
  0xECE3, 0xECE3, 0xECE3, 0xECE3, 0xECE3, 0xECE3, 0xECE3, 0xECE3, 0xECE3, 0xECE3, 0xECE3, 0xECE3,
  0xECE3, 0xECE3, 0xECE3, 0xECE3, 0xECE3, 0xECE3, 0xECE3, 0xECE3, 0xECE3, 0xECE3, 0xECE3, 0xECE3,
  0xECE3, 0xECE3, 0xECE3, 0xECE3, 0xECE3, 0xECE3, 0xECE3, 0xECE3, 0xECE3, 0xECE3, 0xECE3, 0xECE3,
  0xECE3, 0xECE3, 0xECE3, 0xECE3, 0xECE3, 0xECE3, 0xECE3, 0xECE3, 0xECE3, 0xECE3, 0xECE3, 0xECE3,
  0xECE3, 0xECE3, 0xECE3, 0xECE3, 0xECE3, 0xECE3, 0xECE3, 0xECE3, 0xECE3, 0xECE3, 0xECE3, 0xECE3,
  0xECE3, 0xECE3, 0xED03, 0xECE3, 0xECE3, 0xECE3, 0xECE3, 0xECE3, 0xECE3, 0xECE3, 0xECE3, 0xECE3,
  0xECE3, 0xECE3, 0xECE3, 0xECE3, 0xECE3, 0xECE3, 0xECC2, 0xED68, 0xFFDF, 0xF7DF, 0xFFDF, 0xF7DF,
  0xF7DF, 0xF7DF, 0xF7DF, 0xF7DF, 0xFFDF, 0xFFDF, 0xFFDF, 0xFFDF, 0xFFDF, 0xF7DF, 0xFFDF, 0xFFDF,
  0xF7DF, 0xF7DF, 0xF7DF, 0xFFDF, 0xF7DF, 0xF7DF, 0xF7DF, 0xFFDF, 0xF7BF, 0xFFFF, 0xC618, 0x0000,
  0x0861, 0xCE59, 0xFFFF, 0x8430, 0x0000, 0x5ACB, 0xFFFF, 0xF7BF, 0xF7DF, 0xF7DF, 0xF7BF, 0xF7BE,
  0xFFFF, 0xFFFF, 0x6B4D, 0x0000, 0x0000, 0xB596, 0xFFFF, 0xFFFF, 0x7BEF, 0x0000, 0x632D, 0xFFFF,
  0xF7BE, 0xF7BE, 0xFFFF, 0xFFFF, 0xFFFF, 0xFFFF, 0xF7DF, 0xF7BF, 0xFFFF, 0x5AEB, 0x0000, 0x0041,
  0x10A2, 0xDF1C, 0xFFDF, 0xF79E, 0xF7BF, 0xF7DF, 0xF7DF, 0xF7BE, 0xFFFF, 0x632C, 0x0000, 0x9492,
  0xFFFF, 0xF7BE, 0xF7BE, 0xFFFF, 0x7BEF, 0x0000, 0x0862, 0x0020, 0xC639, 0xFFFF, 0xF7BF, 0xF7DF,
  0xF7BF, 0xFFFF, 0xDEDB, 0x0841, 0x0861, 0xE71C, 0xFFFF, 0xFFFF, 0xBE18, 0x632D, 0x7BF0, 0xE73C,
  0x6B6E, 0x9CF3, 0xFFFF, 0xFFFF, 0xDEFC, 0x18C3, 0x0000, 0x9CF3, 0xFFFF, 0xF79E, 0xFFFF, 0x8C51,
  0x0000, 0x0000, 0x2145, 0x0000, 0x52AA, 0xFFFF, 0xFFFF, 0xDEFB, 0x0882, 0x0000, 0xCE7A, 0xF79E,
  0x4228, 0x0000, 0x0000, 0x0000, 0x7BCF, 0xFFFF, 0xF7BE, 0xFFDF, 0xFFDF, 0xFFDF, 0xFFDF, 0xFFDF,
  0xF7DF, 0xFFDF, 0xFFDF, 0xFFDF, 0xFFDF, 0xF7DF, 0xFFDF, 0xF7DF, 0xF7DF, 0xFFDF, 0xFFDF, 0xFFDF,
  0xFFDF, 0xFFDF, 0xFFDF, 0xFFDF, 0xFFDF, 0xFFDF, 0xFFDF, 0xFFDF, 0xF7DF, 0xFFDF, 0xFFDF, 0xFFDF,
  0xECE3, 0xECE3, 0xECE3, 0xECE3, 0xECE3, 0xECE3, 0xECE3, 0xECE3, 0xECE3, 0xECE3, 0xECE3, 0xECE3,
  0xECE3, 0xECE3, 0xECE3, 0xECE3, 0xECE3, 0xECE3, 0xECE3, 0xECE3, 0xECE3, 0xECE3, 0xECE3, 0xECE3,
  0xECE3, 0xECE3, 0xECE3, 0xECE3, 0xECE3, 0xECE3, 0xECE3, 0xECE3, 0xECE3, 0xECE3, 0xECE3, 0xECE3,
  0xECE3, 0xECE3, 0xECE3, 0xECE3, 0xECE3, 0xECE3, 0xECE3, 0xECE3, 0xECE3, 0xECE3, 0xECE3, 0xECE3,
  0xECE3, 0xECE3, 0xECE3, 0xECE3, 0xECE3, 0xECE3, 0xECE3, 0xECE3, 0xECE3, 0xECE3, 0xECE3, 0xECE3,
  0xECE3, 0xECE3, 0xECE3, 0xECE3, 0xECE3, 0xECE3, 0xECE3, 0xECE3, 0xECE3, 0xECE3, 0xECE3, 0xECE3,
  0xECE3, 0xECE3, 0xECE3, 0xECE3, 0xECE3, 0xECE3, 0xECC2, 0xED68, 0xF7DF, 0xFFDF, 0xF7DF, 0xF7DF,
  0xF7DF, 0xF7DF, 0xF7DF, 0xFFDF, 0xFFDF, 0xF7DF, 0xFFDF, 0xF7DF, 0xFFDF, 0xF7DF, 0xF7DF, 0xFFDF,
  0xFFDF, 0xF7DF, 0xFFDF, 0xF7DF, 0xFFDF, 0xFFDF, 0xF7DF, 0xFFDF, 0xF7DF, 0xF7BF, 0xFFFF, 0x6B6D,
  0x0000, 0x2124, 0xBDF7, 0x3186, 0x0000, 0xB5B6, 0xFFFF, 0xF79E, 0xF7DF, 0xFFFF, 0xFFFF, 0xFFFF,
  0xCE79, 0x3A08, 0x0000, 0x0862, 0xB596, 0xFFFF, 0xF7BF, 0xEF9E, 0x2125, 0x0000, 0xC618, 0xFFFF,
  0xEF9E, 0xFFFF, 0xCE9A, 0x528A, 0x4208, 0xD6BB, 0xFFFF, 0xFFFF, 0xEF7D, 0x18E3, 0x0041, 0x0000,
  0x7BEF, 0xFFFF, 0xFFFF, 0xFFFF, 0xFFFF, 0xFFDF, 0xF7DF, 0xFFDF, 0xEF5D, 0x18E3, 0x0020, 0xD6BA,
  0xFFFF, 0xF7BF, 0xFFFF, 0xE71C, 0x10A2, 0x0020, 0x0000, 0x1904, 0xEF7D, 0xFFFF, 0xF7DF, 0xF7DF,
  0xF7BE, 0xFFFF, 0x7BEF, 0x0000, 0x632C, 0xFFFF, 0xFFFF, 0x9492, 0x0000, 0x0000, 0x0000, 0x18E4,
  0x0000, 0x39E7, 0xFFFF, 0xFFFF, 0x5AEB, 0x0000, 0x18C3, 0xE73D, 0xFFDF, 0xFFFF, 0x9492, 0x0000,
  0x0020, 0xAD76, 0xAD55, 0x0000, 0x632C, 0xFFFF, 0xFFFF, 0x6B6D, 0x0000, 0x6B4D, 0xE71C, 0x2104,
  0x0000, 0x39C7, 0x2965, 0x0000, 0x94B3, 0xFFFF, 0xF7BE, 0xFFDF, 0xF7DF, 0xF7DF, 0xF7DF, 0xFFDF,
  0xFFDF, 0xFFDF, 0xFFDF, 0xFFDF, 0xFFDF, 0xFFDF, 0xFFDF, 0xFFDF, 0xFFDF, 0xF7DF, 0xFFDF, 0xF7DF,
  0xFFDF, 0xFFDF, 0xFFDF, 0xFFDF, 0xFFDF, 0xF7DF, 0xF7DF, 0xFFDF, 0xF7DF, 0xF7DF, 0xF7DF, 0xFFDF,
  0xECE3, 0xECE3, 0xECE3, 0xECE3, 0xECE3, 0xECE3, 0xECE3, 0xECE3, 0xECE3, 0xECE3, 0xECE3, 0xECE3,
  0xECE3, 0xECE3, 0xECE3, 0xECE3, 0xECE3, 0xECE3, 0xECE3, 0xECE3, 0xECE3, 0xECE3, 0xECE3, 0xECE3,
  0xECE3, 0xECE3, 0xECE3, 0xECE3, 0xECE3, 0xECE3, 0xECE3, 0xECE3, 0xECE3, 0xECE3, 0xECE3, 0xECE3,
  0xECE3, 0xECE3, 0xECE3, 0xECE3, 0xECE3, 0xECE3, 0xECE3, 0xECE3, 0xECE3, 0xECE3, 0xECE3, 0xECE3,
  0xECE3, 0xECE3, 0xECE3, 0xECE3, 0xECE3, 0xECE3, 0xECE3, 0xECE3, 0xECE3, 0xECE3, 0xECE3, 0xECE3,
  0xECE3, 0xECE3, 0xECE3, 0xECE3, 0xECE3, 0xECE3, 0xECE3, 0xECE3, 0xECE3, 0xECE3, 0xECE3, 0xECE3,
  0xECE3, 0xECE3, 0xECE3, 0xECE3, 0xECE3, 0xECE3, 0xECC2, 0xED68, 0xFFDF, 0xF7DF, 0xF7DF, 0xF7DF,
  0xF7DF, 0xF7DF, 0xF7DF, 0xFFDF, 0xF7DF, 0xFFDF, 0xFFDF, 0xFFDF, 0xFFDF, 0xFFDF, 0xFFDF, 0xF7DF,
  0xFFDF, 0xF7DF, 0xFFDF, 0xFFDF, 0xFFDF, 0xFFDF, 0xFFDF, 0xF7DF, 0xF7DF, 0xF7DF, 0xFFDF, 0xFFFF,
  0x5AEC, 0x0000, 0x0000, 0x0021, 0x2124, 0xEF5D, 0xFFFF, 0xFFFF, 0xFFFF, 0xF79E, 0xCE59, 0x6B6E,
  0x0021, 0x0000, 0x2966, 0xD69A, 0xFFFF, 0xEF9E, 0xFFFF, 0xB596, 0x0000, 0x31A6, 0xFFFF, 0xF7BF,
  0xFFFF, 0xBDF8, 0x0020, 0x0000, 0x0000, 0x73AE, 0xFFFF, 0xFFFF, 0xAD76, 0x0000, 0x0020, 0x2104,
  0xFFFF, 0xF79E, 0xAD75, 0x8410, 0xA534, 0xFFDF, 0xF7BF, 0xFFFF, 0xB5D7, 0x0000, 0x31C7, 0xFFDF,
  0xF7DF, 0xF7BE, 0xFFFF, 0x73AE, 0x0000, 0x1082, 0x0000, 0x4249, 0xFFFF, 0xF7BF, 0xF7DF, 0xF7DF,
  0xFFFF, 0xEF7D, 0x1904, 0x0000, 0xC618, 0xFFFF, 0x8C51, 0x0000, 0x0882, 0x9CD3, 0x31A6, 0x0000,
  0x0000, 0x7BF0, 0xFFFF, 0xAD55, 0x0000, 0x0000, 0x630C, 0xFFFF, 0xFFFF, 0xC638, 0x0020, 0x0020,
  0xAD76, 0xFFFF, 0x8C51, 0x0041, 0xCE59, 0xFFFF, 0xA534, 0x0000, 0x0882, 0x9CD3, 0x2104, 0x0000,
  0x5B0C, 0xDEDB, 0x18E3, 0x0861, 0xDEFB, 0xFFFF, 0xF7DF, 0xF7DF, 0xF7DF, 0xF7DF, 0xFFDF, 0xFFDF,
  0xFFDF, 0xFFDF, 0xF7DF, 0xF7DF, 0xF7DF, 0xF7DF, 0xF7DF, 0xFFDF, 0xFFDF, 0xF7DF, 0xF7DF, 0xF7DF,
  0xFFDF, 0xF7DF, 0xFFDF, 0xFFDF, 0xF7DF, 0xF7DF, 0xF7DF, 0xF7DF, 0xF7DF, 0xF7DF, 0xF7DF, 0xF7DF,
  0xECE3, 0xECE3, 0xECE3, 0xECE3, 0xECE3, 0xECE3, 0xECE3, 0xECE3, 0xECE3, 0xECE3, 0xECE3, 0xECE3,
  0xECE3, 0xECE3, 0xECE3, 0xECE3, 0xECE3, 0xECE3, 0xECE3, 0xECE3, 0xECE3, 0xECE3, 0xECE3, 0xECE3,
  0xECE3, 0xECE3, 0xECE3, 0xECE3, 0xECE3, 0xECE3, 0xECE3, 0xECE3, 0xECE3, 0xECE3, 0xECE3, 0xECE3,
  0xECE3, 0xECE3, 0xECE3, 0xECE3, 0xECE3, 0xECE3, 0xECE3, 0xECE3, 0xECE3, 0xECE3, 0xECE3, 0xECE3,
  0xECE3, 0xECE3, 0xECE3, 0xECE3, 0xECE3, 0xECE3, 0xECE3, 0xECE3, 0xECE3, 0xECE3, 0xECE3, 0xECE3,
  0xECE3, 0xECE3, 0xECE3, 0xECE3, 0xECE3, 0xECE3, 0xECE3, 0xECE3, 0xECE3, 0xECE3, 0xECE3, 0xECE3,
  0xECE3, 0xECE3, 0xECE3, 0xECE3, 0xECE3, 0xECE3, 0xECC2, 0xED68, 0xFFDF, 0xF7DF, 0xF7DF, 0xF7DF,
  0xF7DF, 0xF7DF, 0xF7DF, 0xF7DF, 0xFFDF, 0xFFDF, 0xF7DF, 0xFFDF, 0xF7DF, 0xFFDF, 0xFFDF, 0xFFDF,
  0xFFDF, 0xF7DF, 0xFFDF, 0xFFDF, 0xFFDF, 0xF7DF, 0xF7DF, 0xF7DF, 0xF7DF, 0xFFDF, 0xF7DF, 0xFFDF,
  0xFFFF, 0x8C51, 0x10A2, 0x0841, 0x0020, 0x2104, 0x4A49, 0x5ACB, 0x4A49, 0x2104, 0x0000, 0x0000,
  0x1082, 0x8410, 0xF7BE, 0xFFFF, 0xF7BE, 0xF7BF, 0xFFFF, 0x5AEB, 0x0000, 0x9492, 0xFFFF, 0xF7DF,
  0xE75D, 0x10C3, 0x0841, 0x5ACB, 0x0000, 0x7BEF, 0xFFFF, 0xFFFF, 0x632C, 0x0000, 0x0000, 0xAD55,
  0xA534, 0x10A2, 0x0000, 0x0000, 0x0000, 0x632C, 0xFFFF, 0xFFFF, 0x73AE, 0x0000, 0x7BCF, 0xFFFF,
  0xF79E, 0xFFFF, 0xE71C, 0x0861, 0x0862, 0x39E7, 0x0000, 0x7C10, 0xFFFF, 0xF7BE, 0xF7DF, 0xF7BE,
  0xFFFF, 0x94B2, 0x0000, 0x4208, 0xFFFF, 0xBDF7, 0x0000, 0x0020, 0xB596, 0xFFFF, 0x4A8A, 0x0000,
  0x0020, 0xCE7A, 0xFFDF, 0x2104, 0x0020, 0x0000, 0xB596, 0xFFFF, 0xF79E, 0x3186, 0x0000, 0x9492,
  0xFFFF, 0xF7BE, 0xEF9E, 0xDF1C, 0xFFFF, 0xD6BA, 0x10A2, 0x0020, 0x2124, 0x2965, 0x0000, 0x6B4D,
  0xFFFF, 0x8C71, 0x0000, 0x5AEB, 0xFFFF, 0xF7BF, 0xF7DF, 0xF7DF, 0xF7DF, 0xF7DF, 0xF7DF, 0xF7DF,
  0xFFDF, 0xFFDF, 0xFFDF, 0xFFDF, 0xF7DF, 0xF7DF, 0xFFDF, 0xFFDF, 0xF7DF, 0xFFDF, 0xFFDF, 0xFFDF,
  0xFFDF, 0xFFDF, 0xFFDF, 0xF7DF, 0xF7DF, 0xF7DF, 0xFFDF, 0xFFDF, 0xFFDF, 0xF7DF, 0xFFDF, 0xF7DF,
  0xECE3, 0xECE3, 0xECE3, 0xECE3, 0xECE3, 0xECE3, 0xECE3, 0xECE3, 0xECE3, 0xECE3, 0xECE3, 0xECE3,
  0xECE3, 0xECE3, 0xECE3, 0xECE3, 0xECE3, 0xECE3, 0xECE3, 0xECE3, 0xECE3, 0xECE3, 0xECE3, 0xECE3,
  0xECE3, 0xECE3, 0xECE3, 0xECE3, 0xECE3, 0xECE3, 0xECE3, 0xECE3, 0xECE3, 0xECE3, 0xECE3, 0xECE3,
  0xECE3, 0xECE3, 0xECE3, 0xECE3, 0xECE3, 0xECE3, 0xECE3, 0xECE3, 0xECE3, 0xECE3, 0xECE3, 0xECE3,
  0xECE3, 0xECE3, 0xECE3, 0xECE3, 0xECE3, 0xECE3, 0xECE3, 0xECE3, 0xECE3, 0xECE3, 0xECE3, 0xECE3,
  0xECE3, 0xECE3, 0xECE3, 0xECE3, 0xECE3, 0xECE3, 0xECE3, 0xECE3, 0xECE3, 0xECE3, 0xECE3, 0xECE3,
  0xECE3, 0xECE3, 0xECE3, 0xECE3, 0xECE3, 0xECE3, 0xECC2, 0xED48, 0xFFDF, 0xF7DF, 0xF7DF, 0xF7DF,
  0xFFDF, 0xF7DF, 0xFFDF, 0xFFDF, 0xF7DF, 0xFFDF, 0xFFDF, 0xFFDF, 0xFFDF, 0xFFDF, 0xFFDF, 0xFFDF,
  0xF7DF, 0xF7DF, 0xF7DF, 0xFFDF, 0xF7DF, 0xF7DF, 0xF7DF, 0xF7DF, 0xFFDF, 0xF7DF, 0xFFDF, 0xF7BF,
  0xFFDF, 0xFFFF, 0x31A6, 0x0000, 0x2124, 0x0841, 0x0000, 0x0000, 0x0000, 0x0882, 0x39C7, 0x8430,
  0xDEFC, 0xFFFF, 0xFFFF, 0xF7BF, 0xF7DF, 0xFFFF, 0xDF1C, 0x1082, 0x0882, 0xE71C, 0xFFFF, 0xFFFF,
  0x5B0C, 0x0000, 0x9CF3, 0x7BEF, 0x0000, 0xB5B6, 0xFFFF, 0xEF9E, 0x2965, 0x0000, 0x4208, 0x630C,
  0x0000, 0x0000, 0x632C, 0x94D3, 0x18E3, 0x0020, 0xD6BB, 0xFFFF, 0x2986, 0x0000, 0xC638, 0xFFFF,
  0xEF9E, 0xFFFF, 0x6B6D, 0x0000, 0x6B6D, 0x52AA, 0x0000, 0xAD76, 0xFFFF, 0xF7BF, 0xF7DF, 0xF7DF,
  0xF7BF, 0x3186, 0x0000, 0xAD75, 0xFFFF, 0x2125, 0x0000, 0x94B2, 0xFFFF, 0x9CF3, 0x0000, 0x0000,
  0x39E7, 0xFFFF, 0x632D, 0x0000, 0x0041, 0x18E3, 0xEF5D, 0xFFFF, 0x9CF3, 0x0000, 0x4208, 0xFFFF,
  0xF7DF, 0xF7DF, 0xF7BF, 0xFFFF, 0xE75D, 0x2145, 0x0000, 0x0861, 0x0841, 0x0000, 0x632C, 0xFFFF,
  0xFFDF, 0x2965, 0x0000, 0xB596, 0xFFFF, 0xF7BF, 0xF7DF, 0xF7BF, 0xF7BE, 0xF7BF, 0xFFDF, 0xFFDF,
  0xFFDF, 0xF7DF, 0xFFDF, 0xFFDF, 0xF7DF, 0xF7DF, 0xFFDF, 0xFFDF, 0xFFDF, 0xFFDF, 0xF7DF, 0xFFDF,
  0xFFDF, 0xF7DF, 0xF7DF, 0xF7DF, 0xF7DF, 0xFFDF, 0xFFDF, 0xF7DF, 0xFFDF, 0xFFDF, 0xFFDF, 0xF7DF,
  0xECE3, 0xECE3, 0xECE3, 0xECE3, 0xECE3, 0xECE3, 0xECE3, 0xECE3, 0xECE3, 0xECE3, 0xECE3, 0xECE3,
  0xECE3, 0xECE3, 0xECE3, 0xECE3, 0xECE3, 0xECE3, 0xECE3, 0xECE3, 0xECE3, 0xECE3, 0xECE3, 0xECE3,
  0xECE3, 0xECE3, 0xECE3, 0xECE3, 0xECE3, 0xECE3, 0xECE3, 0xECE3, 0xECE3, 0xECE3, 0xECE3, 0xECE3,
  0xECE3, 0xECE3, 0xECE3, 0xECE3, 0xECE3, 0xECE3, 0xECE3, 0xECE3, 0xECE3, 0xECE3, 0xECE3, 0xECE3,
  0xECE3, 0xECE3, 0xECE3, 0xECE3, 0xECE3, 0xECE3, 0xECE3, 0xECE3, 0xECE3, 0xECE3, 0xECE3, 0xECE3,
  0xECE3, 0xECE3, 0xECE3, 0xECE3, 0xECE3, 0xECE3, 0xECE3, 0xECE3, 0xECE3, 0xECE3, 0xECE3, 0xECE3,
  0xECE3, 0xECE3, 0xECE3, 0xECE3, 0xECE3, 0xECE3, 0xECC2, 0xED48, 0xFFDF, 0xF7DF, 0xF7DF, 0xF7DF,
  0xF7DF, 0xF7DF, 0xFFDF, 0xF7DF, 0xF7DF, 0xFFDF, 0xFFDF, 0xFFDF, 0xF7DF, 0xF7DF, 0xF7DF, 0xFFDF,
  0xFFDF, 0xFFDF, 0xFFDF, 0xF7DF, 0xF7DF, 0xF7DF, 0xF7DF, 0xF7DF, 0xFFDF, 0xFFDF, 0xF7DF, 0xF7BF,
  0xFFFF, 0xC618, 0x0000, 0x2104, 0xEF5D, 0xE71C, 0xC618, 0xB5D7, 0xC659, 0xE73C, 0xFFFF, 0xFFFF,
  0xFFFF, 0xF7BE, 0xF7DF, 0xF7DF, 0xF7BF, 0xFFFF, 0x94B3, 0x0000, 0x52AA, 0xFFFF, 0xFFFF, 0xDEDB,
  0x0000, 0x3186, 0xDEDB, 0x0020, 0x2124, 0xF79E, 0xFFFF, 0xA514, 0x0000, 0x0861, 0x18E3, 0x0000,
  0x2945, 0xCE59, 0xFFFF, 0xFFFF, 0x39E7, 0x0000, 0xCE79, 0xCE7A, 0x0000, 0x2945, 0xF7BE, 0xFFDF,
  0xFFFF, 0xD6BB, 0x0841, 0x0841, 0xC638, 0x2124, 0x0000, 0xD6BA, 0xFFFF, 0xF7BF, 0xF7BF, 0xFFFF,
  0xA534, 0x0000, 0x2986, 0xFFFF, 0x8C72, 0x0000, 0x4A49, 0xFFFF, 0xDF1C, 0x10C3, 0x0020, 0x0000,
  0x9492, 0xCE79, 0x0000, 0x0861, 0x0000, 0x5ACB, 0xFFFF, 0xF7BE, 0x39E7, 0x0000, 0xB596, 0xFFFF,
  0xF7BF, 0xF7BE, 0xFFFF, 0xF7BE, 0x39E7, 0x0000, 0x0861, 0x0861, 0x0000, 0x39E7, 0xF7BF, 0xFFFF,
  0xC618, 0x0000, 0x2945, 0xEF9E, 0xF7DF, 0xF7BE, 0xFFDF, 0xFFFF, 0xFFFF, 0xFFFF, 0xF7DF, 0xFFDF,
  0xFFDF, 0xF7DF, 0xFFDF, 0xFFDF, 0xFFDF, 0xFFDF, 0xF7DF, 0xFFDF, 0xF7DF, 0xFFDF, 0xFFDF, 0xFFDF,
  0xFFDF, 0xFFDF, 0xF7DF, 0xF7DF, 0xF7DF, 0xF7DF, 0xF7DF, 0xFFDF, 0xFFDF, 0xFFDF, 0xF7DF, 0xF7DF,
  0xECE3, 0xECE3, 0xECE3, 0xECE3, 0xECE3, 0xECE3, 0xECE3, 0xECE3, 0xECE3, 0xECE3, 0xECE3, 0xECE3,
  0xECE3, 0xECE3, 0xECE3, 0xECE3, 0xECE3, 0xECE3, 0xECE3, 0xECE3, 0xECE3, 0xECE3, 0xECE3, 0xECE3,
  0xECE3, 0xECE3, 0xECE3, 0xECE3, 0xECE3, 0xECE3, 0xECE3, 0xECE3, 0xECE3, 0xECE3, 0xECE3, 0xECE3,
  0xECE3, 0xECE3, 0xECE3, 0xECE3, 0xECE3, 0xECE3, 0xECE3, 0xECE3, 0xECE3, 0xECE3, 0xECE3, 0xECE3,
  0xED03, 0xED03, 0xECE3, 0xECE3, 0xECE3, 0xECE3, 0xECE3, 0xECE3, 0xECE3, 0xECE3, 0xECE3, 0xECE3,
  0xECE3, 0xECE3, 0xECE3, 0xECE3, 0xECE3, 0xECE3, 0xECE3, 0xECE3, 0xECE3, 0xECE3, 0xECE3, 0xECE3,
  0xECE3, 0xECE3, 0xECE3, 0xECE3, 0xECE3, 0xECE3, 0xECC2, 0xED48, 0xF7DF, 0xF7DF, 0xF7DF, 0xF7DF,
  0xF7DF, 0xF7DF, 0xF7DF, 0xFFDF, 0xF7DF, 0xFFDF, 0xF7DF, 0xF7DF, 0xF7DF, 0xF7DF, 0xFFDF, 0xF7DF,
  0xF7DF, 0xFFDF, 0xF7DF, 0xF7DF, 0xF7DF, 0xF7DF, 0xFFDF, 0xF7DF, 0xFFDF, 0xFFDF, 0xFFDF, 0xF7BE,
  0xFFFF, 0x7BCF, 0x0000, 0x6B6D, 0xFFFF, 0xFFFF, 0xFFFF, 0xFFFF, 0xFFFF, 0xFFFF, 0xF7DF, 0xF7BE,
  0xF7BF, 0xF7DF, 0xFFDF, 0xF7DF, 0xF7DF, 0xFFFF, 0x4228, 0x0000, 0xA534, 0xFFFF, 0xFFFF, 0x8C51,
  0x0000, 0xA514, 0x73AE, 0x0000, 0x8C51, 0xFFFF, 0xD69A, 0x1082, 0x0020, 0x0861, 0x0000, 0x39E7,
  0xF79E, 0xFFFF, 0xF7BF, 0xE71C, 0x1082, 0x0841, 0xEF9E, 0x8C71, 0x0000, 0x630C, 0xFFFF, 0xF79E,
  0xFFFF, 0x6B4D, 0x0000, 0x6B4D, 0xDEFC, 0x0000, 0x2965, 0xF7BE, 0xFFDF, 0xF7DF, 0xF7BF, 0xF7DF,
  0x31A6, 0x0000, 0x9CF3, 0xFFFF, 0x2104, 0x0000, 0xC659, 0xFFFF, 0x4A6A, 0x0000, 0x0841, 0x0020,
  0xBE18, 0x2966, 0x0000, 0x1082, 0x0000, 0x9CD3, 0xFFFF, 0xDEFB, 0x0020, 0x18C3, 0xE73D, 0xF7DF,
  0xF79E, 0xFFFF, 0xF7BE, 0x4249, 0x0000, 0x10A2, 0x0841, 0x0020, 0x18C3, 0xE71C, 0xFFDF, 0xFFFF,
  0x7BCF, 0x0000, 0x7BCF, 0xFFFF, 0xFFDF, 0xFFFF, 0xFFFF, 0xC638, 0x6B4D, 0x94B2, 0xFFFF, 0xF7BF,
  0xF7DF, 0xFFDF, 0xF7DF, 0xF7DF, 0xFFDF, 0xF7DF, 0xF7DF, 0xFFDF, 0xFFDF, 0xFFDF, 0xF7DF, 0xFFDF,
  0xF7DF, 0xF7DF, 0xF7DF, 0xF7DF, 0xF7DF, 0xF7DF, 0xF7DF, 0xFFDF, 0xF7DF, 0xF7DF, 0xF7DF, 0xF7DF,
  0xECE3, 0xECE3, 0xECE3, 0xECE3, 0xECE3, 0xECE3, 0xECE3, 0xECE3, 0xECE3, 0xECE3, 0xECE3, 0xECE3,
  0xECE3, 0xECE3, 0xECE3, 0xECE3, 0xECE3, 0xECE3, 0xECE3, 0xECE3, 0xECE3, 0xECE3, 0xECE3, 0xECE3,
  0xECE3, 0xECE3, 0xECE3, 0xECE3, 0xECE3, 0xECE3, 0xECE3, 0xECE3, 0xECE3, 0xECE3, 0xECE3, 0xECE3,
  0xECE3, 0xECE3, 0xECE3, 0xECE3, 0xECE3, 0xECE3, 0xECE3, 0xECE3, 0xECE3, 0xECE3, 0xECE3, 0xECE3,
  0xECE3, 0xED03, 0xED03, 0xECE3, 0xECE3, 0xECE3, 0xECE3, 0xECE3, 0xECE3, 0xECE3, 0xECE3, 0xECE3,
  0xECE3, 0xECE3, 0xECE3, 0xECE3, 0xECE3, 0xECE3, 0xECE3, 0xECE3, 0xECE3, 0xECE3, 0xECE3, 0xECE3,
  0xECE3, 0xECE3, 0xECE3, 0xECE3, 0xECE3, 0xECE3, 0xECC2, 0xED48, 0xF7DF, 0xF7DF, 0xF7DF, 0xF7DF,
  0xFFDF, 0xF7DF, 0xF7DF, 0xFFDF, 0xF7DF, 0xFFDF, 0xFFDF, 0xF7DF, 0xFFDF, 0xFFDF, 0xF7DF, 0xFFDF,
  0xFFDF, 0xF7DF, 0xF7DF, 0xFFDF, 0xFFDF, 0xFFDF, 0xF7DF, 0xF7DF, 0xFFDF, 0xF7DF, 0xF7DF, 0xFFDF,
  0xFFDF, 0x31A6, 0x0000, 0xB5B6, 0xFFFF, 0xF7BE, 0xF7BF, 0xF7BF, 0xF7BF, 0xF7DF, 0xF7DF, 0xF7DF,
  0xF7DF, 0xFFDF, 0xFFDF, 0xF7DF, 0xFFFF, 0xD6DB, 0x0841, 0x10A3, 0xE73C, 0xFFFF, 0xFFFF, 0x4208,
  0x0020, 0x73AE, 0x0000, 0x2966, 0xFFDF, 0xF7DF, 0x3186, 0x0000, 0x0862, 0x0000, 0x2945, 0xEF9E,
  0xFFFF, 0xEF7E, 0xFFFF, 0x8C51, 0x0000, 0x4A69, 0xFFFF, 0x4249, 0x0000, 0xA535, 0xFFFF, 0xFFFF,
  0xCE9A, 0x0841, 0x0861, 0xE73D, 0xBDD7, 0x0000, 0x4A69, 0xFFFF, 0xF7BF, 0xF7BE, 0xFFFF, 0xA535,
  0x0000, 0x3186, 0xFFFF, 0xAD75, 0x0000, 0x4208, 0xFFFF, 0x8430, 0x0000, 0x0882, 0x0000, 0x39E8,
  0x632C, 0x0000, 0x4A69, 0x39C7, 0x0000, 0xCE59, 0xFFFF, 0x73AE, 0x0000, 0x4208, 0xFFFF, 0xFFFF,
  0xFFFF, 0xCE9A, 0x31A6, 0x0000, 0x4A8A, 0x4A6A, 0x0000, 0x0000, 0xAD75, 0xFFFF, 0xF79E, 0xFFFF,
  0x4A49, 0x0000, 0xBDF7, 0xFFFF, 0xDEFB, 0x9492, 0x31A6, 0x0000, 0x0000, 0x4228, 0xFFFF, 0xF7BF,
  0xF7DF, 0xFFDF, 0xF7DF, 0xF7DF, 0xF7DF, 0xF7DF, 0xFFDF, 0xF7DF, 0xF7DF, 0xF7DF, 0xFFDF, 0xF7DF,
  0xF7DF, 0xF7DF, 0xFFDF, 0xF7DF, 0xF7DF, 0xF7DF, 0xF7DF, 0xF7DF, 0xF7DF, 0xF7DF, 0xF7DF, 0xFFDF,
  0xECE3, 0xECE3, 0xECE3, 0xECE3, 0xECE3, 0xECE3, 0xECE3, 0xECE3, 0xECE3, 0xECE3, 0xECE3, 0xECE3,
  0xECE3, 0xECE3, 0xECE3, 0xECE3, 0xECE3, 0xECE3, 0xECE3, 0xECE3, 0xECE3, 0xECE3, 0xECE3, 0xECE3,
  0xECE3, 0xECE3, 0xECE3, 0xECE3, 0xECE3, 0xECE3, 0xECE3, 0xECE3, 0xECE3, 0xECE3, 0xECE3, 0xECE3,
  0xECE3, 0xECE3, 0xECE3, 0xECE3, 0xECE3, 0xECE3, 0xECE3, 0xECE3, 0xECE3, 0xECE3, 0xECE3, 0xED03,
  0xED03, 0xED03, 0xED03, 0xECE3, 0xECE3, 0xECE3, 0xECE3, 0xECE3, 0xECE3, 0xECE3, 0xECE3, 0xECE3,
  0xECE3, 0xECE3, 0xECE3, 0xECE3, 0xECE3, 0xECE3, 0xECE3, 0xECE3, 0xECE3, 0xECE3, 0xECE3, 0xECE3,
  0xECE3, 0xECE3, 0xECE3, 0xECE3, 0xECE3, 0xECE3, 0xECC2, 0xED48, 0xF7DF, 0xF7DF, 0xF7DF, 0xF7DF,
  0xFFDF, 0xFFDF, 0xFFDF, 0xFFDF, 0xFFDF, 0xFFDF, 0xF7DF, 0xF7DF, 0xFFDF, 0xF7DF, 0xF7DF, 0xF7DF,
  0xFFDF, 0xF7DF, 0xFFDF, 0xFFDF, 0xF7DF, 0xF7DF, 0xFFDF, 0xF7DF, 0xF7DF, 0xFFDF, 0xF7BF, 0xFFFF,
  0xCE79, 0x0000, 0x1904, 0xEF7D, 0xFFFF, 0xF7DF, 0xFFDF, 0xFFDF, 0xFFDF, 0xF7DF, 0xF7DF, 0xF7DF,
  0xFFDF, 0xFFDF, 0xFFDF, 0xF7BE, 0xFFFF, 0x9CD3, 0x0000, 0x5ACB, 0xFFFF, 0xFFDF, 0xF79E, 0x2104,
  0x0020, 0x0861, 0x0000, 0xBDD7, 0xFFFF, 0x52CB, 0x0000, 0x0882, 0x0020, 0x10A2, 0xCE7A, 0xFFFF,
  0xF79E, 0xFFFF, 0xC659, 0x0861, 0x0000, 0xC638, 0xEF5D, 0x0882, 0x10A2, 0xE73C, 0xFFFF, 0xFFFF,
  0x52CB, 0x0000, 0x6B8E, 0xFFFF, 0x8C51, 0x0000, 0x6B6D, 0xFFFF, 0xF7BF, 0xFFDF, 0xF7BF, 0x3186,
  0x0000, 0x9CF3, 0xFFFF, 0x632C, 0x0000, 0xAD75, 0xBDF7, 0x0000, 0x10A2, 0x634D, 0x0000, 0x1904,
  0x0020, 0x10A2, 0xD6BA, 0x2124, 0x0861, 0xDEFB, 0x738E, 0x0000, 0x0000, 0x18E4, 0xC659, 0xD69A,
  0x73CF, 0x0021, 0x0000, 0x630C, 0xE71C, 0x2124, 0x0000, 0x5AEB, 0xFFFF, 0xF7BE, 0xF7DF, 0xFFFF,
  0x4228, 0x0000, 0x52AA, 0x52AB, 0x0882, 0x0000, 0x0000, 0x39E7, 0x9CF3, 0xEF7E, 0xFFFF, 0xF7DF,
  0xF7DF, 0xF7DF, 0xF7DF, 0xFFDF, 0xF7DF, 0xF7DF, 0xFFDF, 0xFFDF, 0xF7DF, 0xFFDF, 0xFFDF, 0xFFDF,
  0xFFDF, 0xF7DF, 0xF7DF, 0xF7DF, 0xF7DF, 0xF7DF, 0xF7DF, 0xF7DF, 0xFFDF, 0xFFDF, 0xF7DF, 0xF7DF,
  0xECE3, 0xECE3, 0xECE3, 0xECE3, 0xECE3, 0xECE3, 0xECE3, 0xECE3, 0xECE3, 0xECE3, 0xECE3, 0xECE3,
  0xECE3, 0xECE3, 0xECE3, 0xECE3, 0xECE3, 0xECE3, 0xECE3, 0xECE3, 0xECE3, 0xECE3, 0xECE3, 0xECE3,
  0xECE3, 0xECE3, 0xECE3, 0xECE3, 0xECE3, 0xECE3, 0xECE3, 0xECE3, 0xECE3, 0xECE3, 0xECE3, 0xECE3,
  0xECE3, 0xECE3, 0xECE3, 0xECE3, 0xECE3, 0xECE3, 0xECE3, 0xECE3, 0xECE3, 0xECE3, 0xECE3, 0xECE3,
  0xECE3, 0xED03, 0xECE3, 0xED03, 0xECE3, 0xECE3, 0xECE3, 0xECE3, 0xECE3, 0xECE3, 0xECE3, 0xECE3,
  0xECE3, 0xECE3, 0xECE3, 0xECE3, 0xECE3, 0xECE3, 0xECE3, 0xECE3, 0xECE3, 0xECE3, 0xECE3, 0xECE3,
  0xECE3, 0xECE3, 0xECE3, 0xECE3, 0xECE3, 0xECE3, 0xECC2, 0xED48, 0xFFDF, 0xF7DF, 0xF7DF, 0xFFDF,
  0xFFDF, 0xF7DF, 0xF7DF, 0xF7DF, 0xF7DF, 0xFFDF, 0xF7DF, 0xF7DF, 0xF7DF, 0xFFDF, 0xF7DF, 0xF7DF,
  0xF7DF, 0xF7DF, 0xFFDF, 0xFFDF, 0xFFDF, 0xF7DF, 0xF7DF, 0xF7DF, 0xF7DF, 0xF7DF, 0xF7BE, 0xFFFF,
  0x8C51, 0x0000, 0x5AEB, 0xFFFF, 0xF7BF, 0xFFDF, 0xF7DF, 0xFFDF, 0xFFDF, 0xFFDF, 0xF7DF, 0xFFDF,
  0xFFDF, 0xFFDF, 0xFFDF, 0xF7BF, 0xFFFF, 0x5AEC, 0x0000, 0x94D3, 0xFFFF, 0xF7BF, 0xEF7D, 0x2104,
  0x0020, 0x0000, 0x8C71, 0xFFFF, 0x632C, 0x0000, 0x0841, 0x0861, 0x0000, 0x52AA, 0xFFFF, 0xFFFF,
  0xFFFF, 0xAD76, 0x18C3, 0x0000, 0x8410, 0xFFFF, 0xAD55, 0x0000, 0x4228, 0xFFFF, 0xFFFF, 0xC638,
  0x0000, 0x0862, 0xD6DB, 0xFFFF, 0x73AE, 0x0000, 0x9492, 0xFFFF, 0xEF9E, 0xFFFF, 0x9492, 0x0000,
  0x31A6, 0xFFDF, 0xFFFF, 0x4249, 0x0020, 0x738E, 0x0861, 0x0000, 0xBDF8, 0x8431, 0x0000, 0x0841,
  0x0000, 0xBDD7, 0xFFFF, 0x1904, 0x0020, 0x2104, 0x0000, 0x39C7, 0x4228, 0x0000, 0x0000, 0x0000,
  0x0000, 0x0861, 0x8C71, 0xFFFF, 0xAD55, 0x0000, 0x1904, 0xEF5D, 0xFFFF, 0xF7BF, 0xF7BF, 0xFFFF,
  0xAD55, 0x0000, 0x0000, 0x0000, 0x18C3, 0x634D, 0xC618, 0xFFFF, 0xFFFF, 0xFFFF, 0xF7DF, 0xFFDF,
  0xFFDF, 0xF7DF, 0xF7DF, 0xFFDF, 0xFFDF, 0xF7DF, 0xFFDF, 0xFFDF, 0xFFDF, 0xFFDF, 0xFFDF, 0xF7DF,
  0xF7DF, 0xF7DF, 0xF7DF, 0xF7DF, 0xF7DF, 0xF7DF, 0xF7DF, 0xF7DF, 0xFFDF, 0xFFDF, 0xF7DF, 0xF7DF,
  0xECE3, 0xECE3, 0xECE3, 0xECE3, 0xECE3, 0xECE3, 0xECE3, 0xECE3, 0xECE3, 0xECE3, 0xECE3, 0xECE3,
  0xECE3, 0xECE3, 0xECE3, 0xECE3, 0xECE3, 0xECE3, 0xECE3, 0xECE3, 0xECE3, 0xECE3, 0xECE3, 0xECE3,
  0xECE3, 0xECE3, 0xECE3, 0xECE3, 0xECE3, 0xECE3, 0xECE3, 0xECE3, 0xECE3, 0xECE3, 0xECE3, 0xECE3,
  0xECE3, 0xECE3, 0xECE3, 0xED26, 0xED26, 0xECE3, 0xECE3, 0xECE3, 0xECE3, 0xECE3, 0xECE3, 0xECE3,
  0xECE3, 0xECE3, 0xECE3, 0xECE3, 0xECE3, 0xECE3, 0xECE3, 0xECE3, 0xECE3, 0xECE3, 0xECE3, 0xECE3,
  0xECE3, 0xECE3, 0xECE3, 0xECE3, 0xECE3, 0xECE3, 0xECE3, 0xECE3, 0xECE3, 0xECE3, 0xECE3, 0xECE3,
  0xECE3, 0xECE3, 0xECE3, 0xECE3, 0xECE3, 0xECE3, 0xECC2, 0xED48, 0xFFDF, 0xF7DF, 0xF7DF, 0xF7DF,
  0xFFDF, 0xFFDF, 0xF7DF, 0xF7DF, 0xF7DF, 0xF7DF, 0xFFDF, 0xF7DF, 0xFFDF, 0xF7DF, 0xF7DF, 0xFFDF,
  0xF7DF, 0xF7DF, 0xFFDF, 0xFFDF, 0xF7DF, 0xF7DF, 0xFFDF, 0xFFDF, 0xFFDF, 0xF7DF, 0xF7DF, 0xFFFF,
  0x4229, 0x0000, 0xA534, 0xFFFF, 0xF7BF, 0xFFDF, 0xFFDF, 0xF7DF, 0xFFDF, 0xFFDF, 0xFFDF, 0xFFDF,
  0xFFDF, 0xFFDF, 0xF7DF, 0xF7DF, 0xFFDF, 0x31A7, 0x0000, 0xC639, 0xFFDF, 0xFFFF, 0xE71C, 0x18E3,
  0x0000, 0x6B4D, 0xFFDF, 0x5ACB, 0x0000, 0x2125, 0x18E4, 0x0020, 0x0000, 0x0000, 0x2986, 0x632C,
  0x31A6, 0x0000, 0x0000, 0x73AF, 0xFFFF, 0xFFFF, 0x73AF, 0x0000, 0x7BF0, 0xFFFF, 0xFFFF, 0x4A69,
  0x0000, 0x8430, 0xFFFF, 0xFFFF, 0x5ACB, 0x0000, 0xA555, 0xFFFF, 0xFFDF, 0xEF5D, 0x1904, 0x0000,
  0xB596, 0xFFFF, 0xFFFF, 0x5ACB, 0x0000, 0x0000, 0x0020, 0xA534, 0xFFFF, 0x94B2, 0x0000, 0x0000,
  0x9CD3, 0xFFFF, 0xFFFF, 0x8410, 0x0000, 0x0000, 0x52AA, 0xEF5D, 0xF79E, 0x738E, 0x39C7, 0x4249,
  0x8451, 0xE71C, 0xFFFF, 0xFFFF, 0xA534, 0x0000, 0xA514, 0xFFFF, 0xF7BF, 0xFFDF, 0xF7DF, 0xF7DF,
  0xFFFF, 0xCE79, 0xA534, 0xBDF7, 0xEF5D, 0xFFFF, 0xFFFF, 0xF7DF, 0xF7BE, 0xF7DF, 0xFFDF, 0xF7DF,
  0xF7DF, 0xFFDF, 0xFFDF, 0xF7DF, 0xFFDF, 0xF7DF, 0xF7DF, 0xF7DF, 0xF7DF, 0xF7DF, 0xFFDF, 0xF7DF,
  0xF7DF, 0xF7DF, 0xF7DF, 0xF7DF, 0xF7DF, 0xF7DF, 0xFFDF, 0xF7DF, 0xFFDF, 0xFFDF, 0xF7DF, 0xF7DF,
  0xECE3, 0xECE3, 0xECE3, 0xECE3, 0xECE3, 0xECE3, 0xECE3, 0xECE3, 0xECE3, 0xECE3, 0xECE3, 0xECE3,
  0xECE3, 0xECE3, 0xECE3, 0xECE3, 0xECE3, 0xECE3, 0xECE3, 0xECE3, 0xECE3, 0xECE3, 0xECE3, 0xECE3,
  0xECE3, 0xECE3, 0xECE3, 0xECE3, 0xECE3, 0xECE3, 0xECE3, 0xECE3, 0xECE3, 0xECE3, 0xECE3, 0xECE3,
  0xECE3, 0xECE4, 0xECA1, 0xF672, 0xF62F, 0xECA1, 0xECE4, 0xECE3, 0xECE3, 0xECE3, 0xECE3, 0xECE3,
  0xECE3, 0xECE3, 0xECE3, 0xECE3, 0xECE3, 0xECE3, 0xECE3, 0xECE3, 0xECE3, 0xECE3, 0xECE3, 0xECE3,
  0xECE3, 0xECE3, 0xECE3, 0xECE3, 0xECE3, 0xECE3, 0xECE3, 0xECE3, 0xECE3, 0xECE3, 0xECE3, 0xECE3,
  0xECE3, 0xECE3, 0xECE3, 0xECE3, 0xECE3, 0xECE3, 0xECC2, 0xED68, 0xFFDF, 0xF7DF, 0xF7DF, 0xF7DF,
  0xF7DF, 0xFFDF, 0xFFDF, 0xF7DF, 0xF7DF, 0xF7DF, 0xFFDF, 0xF7DF, 0xFFDF, 0xFFDF, 0xFFDF, 0xF7DF,
  0xFFDF, 0xF7DF, 0xF7DF, 0xFFDF, 0xFFDF, 0xF7DF, 0xF7DF, 0xFFDF, 0xFFDF, 0xF7BF, 0xFFFF, 0xDEFC,
  0x0882, 0x10A2, 0xE71C, 0xFFFF, 0xF7BF, 0xF7DF, 0xFFDF, 0xF7DF, 0xFFDF, 0xFFDF, 0xFFDF, 0xFFDF,
  0xFFDF, 0xFFDF, 0xF7DF, 0xFFFF, 0xE73D, 0x10C3, 0x18C3, 0xEF5D, 0xFFFF, 0xDEDB, 0x3186, 0x0000,
  0x0000, 0x4A69, 0x2945, 0x0000, 0x3186, 0xAD75, 0x1082, 0x0841, 0xA514, 0x528A, 0x0000, 0x0000,
  0x0000, 0x39C7, 0xB596, 0xFFFF, 0xF7BF, 0xF7DF, 0x31A7, 0x0000, 0xBDF7, 0xFFFF, 0xAD75, 0x0000,
  0x2104, 0xEF7E, 0xFFDF, 0xFFFF, 0x4A49, 0x0000, 0xBDF7, 0xFFFF, 0xFFFF, 0x632C, 0x0000, 0x528A,
  0xFFFF, 0xF7BE, 0xFFFF, 0xDEFC, 0x528A, 0x528A, 0xC639, 0xFFFF, 0xFFDF, 0xF7BE, 0x9CF3, 0xBDD7,
  0xFFFF, 0xEF9E, 0xFFDF, 0xFFFF, 0xCE59, 0xD6BA, 0xFFFF, 0xFFFF, 0xFFDF, 0xFFFF, 0xFFDF, 0xFFFF,
  0xFFFF, 0xFFFF, 0xF7BE, 0xFFDF, 0xFFFF, 0xEF7D, 0xFFFF, 0xF7DF, 0xF7DF, 0xFFDF, 0xF7DF, 0xF7DF,
  0xF7BF, 0xFFFF, 0xFFFF, 0xFFFF, 0xFFFF, 0xF7BF, 0xF7BF, 0xF7DF, 0xF7DF, 0xFFDF, 0xFFDF, 0xFFDF,
  0xF7DF, 0xFFDF, 0xF7DF, 0xFFDF, 0xF7DF, 0xF7DF, 0xF7DF, 0xF7DF, 0xFFDF, 0xFFDF, 0xFFDF, 0xF7DF,
  0xFFDF, 0xF7DF, 0xF7DF, 0xF7DF, 0xF7DF, 0xF7DF, 0xF7DF, 0xFFDF, 0xF7DF, 0xF7DF, 0xF7DF, 0xF7DF,
  0xECE3, 0xECE3, 0xECE3, 0xECE3, 0xECE3, 0xECE3, 0xECE3, 0xECE3, 0xECE3, 0xECE3, 0xECE3, 0xECE3,
  0xECE3, 0xECE3, 0xECE3, 0xECE3, 0xECE3, 0xECE3, 0xECE3, 0xECE3, 0xECE3, 0xECE3, 0xECE3, 0xECE3,
  0xECE3, 0xECE3, 0xECE3, 0xECE3, 0xECE3, 0xECE3, 0xECE3, 0xECE3, 0xECE3, 0xECE3, 0xECE3, 0xECE3,
  0xECE3, 0xECE4, 0xECA2, 0xFF5A, 0xFF17, 0xECA2, 0xECE4, 0xECE3, 0xECE3, 0xECE3, 0xECE3, 0xECE3,
  0xECE3, 0xECE3, 0xECE3, 0xECE3, 0xECE3, 0xECE3, 0xECE3, 0xECE3, 0xECE3, 0xECE3, 0xECE3, 0xECE3,
  0xECE3, 0xECE3, 0xECE3, 0xECE3, 0xECE3, 0xECE3, 0xECE3, 0xECE3, 0xECE3, 0xECE3, 0xECE3, 0xECE3,
  0xECE3, 0xECE3, 0xECE3, 0xECE3, 0xECE3, 0xECE3, 0xECC2, 0xED68, 0xFFDF, 0xF7DF, 0xF7DF, 0xFFDF,
  0xFFDF, 0xFFDF, 0xFFDF, 0xFFDF, 0xFFDF, 0xF7DF, 0xFFDF, 0xF7DF, 0xF7DF, 0xFFDF, 0xF7DF, 0xF7DF,
  0xF7DF, 0xF7DF, 0xFFDF, 0xFFDF, 0xFFDF, 0xF7DF, 0xFFDF, 0xF7DF, 0xFFDF, 0xF7BF, 0xFFFF, 0xAD55,
  0x0000, 0x4228, 0xFFFF, 0xF7DF, 0xF7DF, 0xF7DF, 0xF7DF, 0xFFDF, 0xFFDF, 0xFFDF, 0xF7DF, 0xF7DF,
  0xF7DF, 0xF7DF, 0xF7DF, 0xFFFF, 0xDEFC, 0x0861, 0x18C3, 0xE73C, 0xAD55, 0x10A2, 0x0000, 0x4228,
  0x2104, 0x0000, 0x0000, 0x632C, 0xFFFF, 0xAD55, 0x0000, 0x5ACB, 0xFFFF, 0xFFFF, 0xCE79, 0xBDD7,
  0xD69A, 0xFFFF, 0xFFFF, 0xF7BE, 0xFFFF, 0xDEFB, 0x0841, 0x10A2, 0xEF5D, 0xFFFF, 0x39E7, 0x0000,
  0x94B2, 0xFFFF, 0xF79E, 0xFFFF, 0x4228, 0x0000, 0xB5D7, 0xFFFF, 0xB596, 0x0000, 0x1082, 0xDEDB,
  0xFFFF, 0xF7BF, 0xF7DF, 0xFFFF, 0xFFFF, 0xFFFF, 0xFFFF, 0xF79E, 0xFFDF, 0xFFFF, 0xFFFF, 0xFFFF,
  0xFFFF, 0xFFFF, 0xFFFF, 0xF7BE, 0xFFFF, 0xF7BF, 0xEF7E, 0xF7BE, 0xFFDF, 0xFFFF, 0xFFFF, 0xFFFF,
  0xFFFF, 0xF7BF, 0xF7BF, 0xF7DF, 0xF7DF, 0xFFFF, 0xF7DF, 0xF7DF, 0xF7DF, 0xF7DF, 0xFFDF, 0xFFDF,
  0xF7DF, 0xF7BF, 0xF7BE, 0xF7BF, 0xF7DF, 0xFFDF, 0xFFDF, 0xF7DF, 0xFFDF, 0xFFDF, 0xFFDF, 0xFFDF,
  0xF7DF, 0xF7DF, 0xFFDF, 0xFFDF, 0xFFDF, 0xFFDF, 0xFFDF, 0xFFDF, 0xFFDF, 0xFFDF, 0xFFDF, 0xF7DF,
  0xF7DF, 0xF7DF, 0xF7DF, 0xFFDF, 0xF7DF, 0xF7DF, 0xFFDF, 0xF7DF, 0xF7DF, 0xFFDF, 0xF7DF, 0xFFDF,
  0xECE3, 0xECE3, 0xECE3, 0xECE3, 0xECE3, 0xECE3, 0xECE3, 0xECE3, 0xECE3, 0xECE3, 0xECE3, 0xECE3,
  0xECE3, 0xECE3, 0xECE3, 0xECE3, 0xECE3, 0xECE3, 0xECE3, 0xECE3, 0xECE3, 0xECE3, 0xECE3, 0xECE3,
  0xECE3, 0xECE3, 0xECE3, 0xECE3, 0xECE3, 0xECE3, 0xECE3, 0xECE3, 0xECE3, 0xECE3, 0xECE3, 0xECE3,
  0xECE4, 0xECC3, 0xED48, 0xFFFF, 0xFFBD, 0xED26, 0xECE3, 0xECE3, 0xECE3, 0xECE3, 0xECE3, 0xECE3,
  0xECE3, 0xECE3, 0xECE3, 0xECE3, 0xECE3, 0xECE3, 0xECE3, 0xECE3, 0xECE3, 0xECE3, 0xECE3, 0xECE3,
  0xECE3, 0xECE3, 0xECE3, 0xECE3, 0xECE3, 0xECE3, 0xECE3, 0xECE3, 0xECE3, 0xECE3, 0xECE3, 0xECE3,
  0xECE3, 0xECE3, 0xECE3, 0xECE3, 0xECE3, 0xECE3, 0xECC2, 0xED68, 0xFFDF, 0xF7DF, 0xF7DF, 0xFFDF,
  0xFFDF, 0xF7DF, 0xF7DF, 0xF7DF, 0xF7DF, 0xFFDF, 0xF7DF, 0xFFDF, 0xFFDF, 0xFFDF, 0xF7DF, 0xF7DF,
  0xFFDF, 0xFFDF, 0xFFDF, 0xF7DF, 0xF7DF, 0xF7DF, 0xF7DF, 0xFFDF, 0xF7DF, 0xF7BF, 0xFFFF, 0x632C,
  0x0000, 0x8430, 0xFFFF, 0xF7BE, 0xFFDF, 0xFFDF, 0xFFDF, 0xF7DF, 0xFFDF, 0xFFDF, 0xF7DF, 0xFFDF,
  0xF7DF, 0xF7DF, 0xF7DF, 0xF7DF, 0xFFDF, 0x2966, 0x0000, 0x18C3, 0x0000, 0x0000, 0x73CF, 0xFFFF,
  0xE71C, 0xB596, 0xD6BA, 0xFFFF, 0xFFFF, 0xD6BA, 0x632D, 0xDEDB, 0xFFFF, 0xF7BF, 0xFFFF, 0xFFFF,
  0xFFFF, 0xF7DF, 0xF7BE, 0xF7BE, 0xFFFF, 0xB5B6, 0x0000, 0x4229, 0xFFFF, 0x8C51, 0x0000, 0x39C7,
  0xFFFF, 0xFFDF, 0xF7BF, 0xFFFF, 0x4A49, 0x0000, 0xCE59, 0xEF7D, 0x10A3, 0x0000, 0x94B2, 0xFFFF,
  0xF7BF, 0xF7DF, 0xF7BF, 0xF7BE, 0xFFDF, 0xFFFF, 0xFFFF, 0xFFFF, 0xEF7E, 0xCE7A, 0xAD55, 0x8C51,
  0x6B6D, 0x528A, 0x31C7, 0x2124, 0x18E3, 0x18C3, 0x18C3, 0x2124, 0x31A6, 0x4A69, 0x6B4D, 0x9492,
  0xCE59, 0xFFFF, 0xFFFF, 0xF7DF, 0xF7DF, 0xF7BF, 0xF7DF, 0xFFDF, 0xFFDF, 0xFFDF, 0xF7DF, 0xF7DF,
  0xF7DF, 0xFFDF, 0xF7DF, 0xF7DF, 0xFFDF, 0xFFDF, 0xFFDF, 0xFFDF, 0xFFDF, 0xFFDF, 0xFFDF, 0xFFDF,
  0xFFDF, 0xFFDF, 0xFFDF, 0xFFDF, 0xFFDF, 0xFFDF, 0xFFDF, 0xFFDF, 0xF7DF, 0xFFDF, 0xFFDF, 0xF7DF,
  0xF7DF, 0xF7DF, 0xF7DF, 0xF7DF, 0xF7DF, 0xF7DF, 0xFFDF, 0xF7DF, 0xF7DF, 0xFFDF, 0xF7DF, 0xF7DF,
  0xECE3, 0xECE3, 0xECE3, 0xECE3, 0xECE3, 0xECE3, 0xECE3, 0xECE3, 0xECE3, 0xECE3, 0xECE3, 0xECE3,
  0xECE3, 0xECE3, 0xECE3, 0xECE3, 0xECE3, 0xECE3, 0xECE3, 0xECE3, 0xECE3, 0xECE3, 0xECE3, 0xECE3,
  0xECE3, 0xECE3, 0xECE3, 0xECE3, 0xECE3, 0xECE3, 0xECE3, 0xECE3, 0xECE3, 0xECE3, 0xECE3, 0xECE3,
  0xECE4, 0xECA1, 0xF650, 0xFFFF, 0xFFFF, 0xF5ED, 0xECA1, 0xED04, 0xECE3, 0xECE3, 0xECE3, 0xECE3,
  0xECE3, 0xECE3, 0xECE3, 0xECE3, 0xECE3, 0xECE3, 0xECE3, 0xECE3, 0xECE3, 0xECE3, 0xECE3, 0xECE3,
  0xECE3, 0xECE3, 0xECE3, 0xECE3, 0xECE3, 0xECE3, 0xECE3, 0xECE3, 0xECE3, 0xECE3, 0xECE3, 0xECE3,
  0xECE3, 0xECE3, 0xECE3, 0xECE3, 0xECE3, 0xECE3, 0xECC2, 0xED68, 0xFFDF, 0xF7DF, 0xF7DF, 0xF7DF,
  0xF7DF, 0xF7DF, 0xFFDF, 0xFFDF, 0xF7DF, 0xF7DF, 0xFFDF, 0xF7DF, 0xF7DF, 0xFFDF, 0xFFDF, 0xF7DF,
  0xFFDF, 0xFFDF, 0xFFDF, 0xF7DF, 0xF7DF, 0xFFDF, 0xF7DF, 0xFFDF, 0xF7DF, 0xFFDF, 0xF7BE, 0x2965,
  0x0000, 0xC618, 0xFFFF, 0xF7BF, 0xF7DF, 0xFFDF, 0xFFDF, 0xFFDF, 0xF7DF, 0xF7DF, 0xF7DF, 0xFFDF,
  0xFFDF, 0xFFDF, 0xF7DF, 0xF7BF, 0xFFFF, 0xB5B6, 0x2104, 0x10A2, 0x4249, 0xBDF7, 0xFFFF, 0xFFDF,
  0xFFFF, 0xFFFF, 0xFFFF, 0xF7BF, 0xF7BF, 0xFFFF, 0xFFFF, 0xFFFF, 0xF7DF, 0xF7DF, 0xF7BF, 0xF7BF,
  0xF7BF, 0xF7DF, 0xFFDF, 0xF7BF, 0xFFFF, 0x8410, 0x0000, 0x8410, 0xF7DF, 0x10A2, 0x0000, 0xB5B6,
  0xFFFF, 0xF7BF, 0xF7BF, 0xFFFF, 0x630C, 0x0000, 0x6B6D, 0x39E7, 0x0000, 0x5ACB, 0xFFFF, 0xF7BE,
  0xF7BE, 0xFFFF, 0xFFFF, 0xFFFF, 0xEF7E, 0xBDF8, 0x8C51, 0x528A, 0x1904, 0x0000, 0x0000, 0x0000,
  0x0000, 0x0000, 0x0000, 0x0861, 0x1082, 0x18C3, 0x10C3, 0x0861, 0x0000, 0x0000, 0x0000, 0x0000,
  0x0000, 0x31A6, 0xC638, 0xFFFF, 0xF7BF, 0xFFDF, 0xFFDF, 0xFFDF, 0xFFDF, 0xF7DF, 0xF7DF, 0xFFDF,
  0xF7DF, 0xFFDF, 0xFFDF, 0xFFDF, 0xF7DF, 0xFFDF, 0xF7DF, 0xFFDF, 0xFFDF, 0xFFDF, 0xF7DF, 0xF7DF,
  0xFFDF, 0xFFDF, 0xFFDF, 0xF7DF, 0xF7DF, 0xF7DF, 0xF7DF, 0xFFDF, 0xFFDF, 0xFFDF, 0xFFDF, 0xF7DF,
  0xF7DF, 0xF7DF, 0xF7DF, 0xF7DF, 0xFFDF, 0xFFDF, 0xF7DF, 0xF7DF, 0xFFDF, 0xFFDF, 0xF7DF, 0xFFDF,
  0xECE3, 0xECE3, 0xECE3, 0xECE3, 0xECE3, 0xECE3, 0xECE3, 0xECE3, 0xECE3, 0xECE3, 0xECE3, 0xECE3,
  0xECE3, 0xECE3, 0xECE3, 0xECE3, 0xECE3, 0xECE3, 0xECE3, 0xECE3, 0xECE3, 0xECE3, 0xECE3, 0xECE3,
  0xECE3, 0xECE3, 0xECE3, 0xECE3, 0xECE3, 0xECE3, 0xECE3, 0xECE3, 0xECE3, 0xECE3, 0xECE3, 0xECE3,
  0xECE4, 0xECE3, 0xFF59, 0xFFFF, 0xFFFF, 0xFF16, 0xECC2, 0xECE4, 0xECE3, 0xECE3, 0xECE3, 0xECE3,
  0xECE3, 0xECE3, 0xECE3, 0xECE3, 0xECE3, 0xECE3, 0xECE3, 0xECE3, 0xECE3, 0xECE3, 0xECE3, 0xECE3,
  0xECE3, 0xECE3, 0xECE3, 0xECE3, 0xECE3, 0xECE3, 0xECE3, 0xECE3, 0xECE3, 0xECE3, 0xECE3, 0xECE3,
  0xECE3, 0xECE3, 0xECE3, 0xECE3, 0xECE3, 0xECE3, 0xECC2, 0xED68, 0xFFDF, 0xF7DF, 0xF7DF, 0xF7DF,
  0xF7DF, 0xFFDF, 0xF7DF, 0xFFDF, 0xFFDF, 0xF7DF, 0xFFDF, 0xFFDF, 0xFFDF, 0xF7DF, 0xF7DF, 0xFFDF,
  0xF7DF, 0xFFDF, 0xFFDF, 0xF7DF, 0xFFDF, 0xF7DF, 0xF7DF, 0xF7DF, 0xF7BF, 0xFFFF, 0xD6BA, 0x0020,
  0x18E3, 0xEF5D, 0xFFFF, 0xF7DF, 0xFFDF, 0xFFDF, 0xFFDF, 0xFFDF, 0xFFDF, 0xFFDF, 0xFFDF, 0xFFDF,
  0xFFDF, 0xF7DF, 0xFFDF, 0xFFDF, 0xF7BF, 0xFFFF, 0xF7BE, 0xE75D, 0xFFFF, 0xFFFF, 0xF7BF, 0xF7DF,
  0xF7DF, 0xF7BF, 0xF7BF, 0xF7DF, 0xFFDF, 0xF7DF, 0xF7BE, 0xF7BF, 0xF7DF, 0xF7DF, 0xFFDF, 0xFFDF,
  0xFFDF, 0xFFDF, 0xFFDF, 0xF7BF, 0xFFFF, 0x52AA, 0x0000, 0xB5B6, 0x6B6D, 0x0000, 0x5B0C, 0xFFFF,
  0xF7BE, 0xF7DF, 0xF7BF, 0xFFFF, 0xB596, 0x0000, 0x0000, 0x0000, 0x4A49, 0xF7BE, 0xF7DF, 0xFFFF,
  0xFFFF, 0xF79E, 0xB596, 0x632D, 0x2104, 0x0000, 0x0000, 0x0000, 0x1082, 0x39C7, 0x5B0C, 0x8431,
  0xA555, 0xC618, 0xD6DB, 0xE73C, 0xEF5D, 0xEF7D, 0xEF7D, 0xE73D, 0xDEDB, 0xCE59, 0xAD75, 0x8410,
  0x39E7, 0x0000, 0x8C51, 0xFFFF, 0xF7BF, 0xFFDF, 0xFFDF, 0xFFDF, 0xFFDF, 0xF7DF, 0xFFDF, 0xFFDF,
  0xF7DF, 0xFFDF, 0xF7DF, 0xF7DF, 0xF7DF, 0xF7DF, 0xF7DF, 0xFFDF, 0xFFDF, 0xF7DF, 0xF7DF, 0xF7DF,
  0xF7DF, 0xF7DF, 0xF7DF, 0xFFDF, 0xF7DF, 0xFFDF, 0xF7DF, 0xFFDF, 0xFFDF, 0xFFDF, 0xF7DF, 0xF7DF,
  0xF7DF, 0xFFDF, 0xF7DF, 0xFFDF, 0xF7DF, 0xF7DF, 0xFFDF, 0xFFDF, 0xFFDF, 0xFFDF, 0xF7DF, 0xF7DF,
  0xECE3, 0xECE3, 0xECE3, 0xECE3, 0xECE3, 0xECE3, 0xECE3, 0xECE3, 0xECE3, 0xECE3, 0xECE3, 0xECE3,
  0xECE3, 0xECE3, 0xECE3, 0xECE3, 0xECE3, 0xECE3, 0xECE3, 0xECE3, 0xECE3, 0xECE3, 0xECE3, 0xECE3,
  0xECE3, 0xECE3, 0xECE3, 0xECE3, 0xECE3, 0xECE3, 0xECE3, 0xECE3, 0xECE3, 0xECE3, 0xECE3, 0xECE3,
  0xECC2, 0xED68, 0xFFFF, 0xFFFF, 0xFFFF, 0xFFDE, 0xED26, 0xECE3, 0xECE3, 0xECE3, 0xECE3, 0xECE3,
  0xECE3, 0xECE3, 0xECE3, 0xECE3, 0xECE3, 0xECE3, 0xECE3, 0xECE3, 0xECE3, 0xECE3, 0xECE3, 0xECE3,
  0xECE3, 0xECE3, 0xECE3, 0xECE3, 0xECE3, 0xECE3, 0xECE3, 0xECE3, 0xECE3, 0xECE3, 0xECE3, 0xECE3,
  0xECE3, 0xECE3, 0xECE3, 0xECE3, 0xECE3, 0xECE3, 0xECC2, 0xED68, 0xFFDF, 0xF7DF, 0xF7DF, 0xF7DF,
  0xF7DF, 0xFFDF, 0xF7DF, 0xF7DF, 0xFFDF, 0xFFDF, 0xFFDF, 0xFFDF, 0xF7DF, 0xFFDF, 0xFFDF, 0xFFDF,
  0xF7DF, 0xFFDF, 0xFFDF, 0xF7DF, 0xFFDF, 0xFFDF, 0xF7DF, 0xF7DF, 0xF7BE, 0xFFFF, 0xA555, 0x0000,
  0x4A49, 0xFFFF, 0xF7BF, 0xF7DF, 0xFFDF, 0xFFDF, 0xFFDF, 0xFFDF, 0xFFDF, 0xFFDF, 0xFFDF, 0xF7DF,
  0xFFDF, 0xFFDF, 0xFFDF, 0xF7DF, 0xF7DF, 0xF7BF, 0xFFDF, 0xFFFF, 0xF7BF, 0xF7BF, 0xFFDF, 0xF7DF,
  0xF7DF, 0xFFDF, 0xFFDF, 0xFFDF, 0xF7DF, 0xF7DF, 0xF7DF, 0xFFDF, 0xF7DF, 0xFFDF, 0xF7DF, 0xF7DF,
  0xF7DF, 0xFFDF, 0xF7DF, 0xFFDF, 0xFFDF, 0x2986, 0x0882, 0x8410, 0x0000, 0x0861, 0xDEFB, 0xFFFF,
  0xF7DF, 0xF7DF, 0xF7DF, 0xF7BF, 0xFFFF, 0x9492, 0x4A69, 0x8C71, 0xFFDF, 0xFFFF, 0xFFFF, 0xD6DB,
  0x7C10, 0x2125, 0x0000, 0x0000, 0x0020, 0x4208, 0x7BEF, 0xBDD7, 0xE73C, 0xFFFF, 0xFFFF, 0xFFFF,
  0xFFFF, 0xFFFF, 0xFFFF, 0xFFFF, 0xFFFF, 0xFFFF, 0xFFFF, 0xFFFF, 0xFFFF, 0xFFFF, 0xFFFF, 0xFFFF,
  0xFFFF, 0xDEFB, 0xFFDF, 0xFFDF, 0xF7DF, 0xF7DF, 0xFFDF, 0xFFDF, 0xFFDF, 0xFFDF, 0xFFDF, 0xFFDF,
  0xF7DF, 0xF7DF, 0xF7DF, 0xFFDF, 0xF7DF, 0xF7DF, 0xF7DF, 0xFFDF, 0xFFDF, 0xFFDF, 0xF7DF, 0xFFDF,
  0xF7DF, 0xF7DF, 0xFFDF, 0xF7DF, 0xF7DF, 0xFFDF, 0xFFDF, 0xF7DF, 0xF7DF, 0xFFDF, 0xF7DF, 0xFFDF,
  0xFFDF, 0xFFDF, 0xFFDF, 0xF7DF, 0xF7DF, 0xF7DF, 0xF7DF, 0xF7DF, 0xFFDF, 0xFFDF, 0xFFDF, 0xF7DF,
  0xECE3, 0xECE3, 0xECE3, 0xECE3, 0xECE3, 0xECE3, 0xECE3, 0xECE3, 0xECE3, 0xECE3, 0xECE3, 0xECE3,
  0xECE3, 0xECE3, 0xECE3, 0xECE3, 0xECE3, 0xECE3, 0xECE3, 0xECE3, 0xECE3, 0xECE3, 0xECE3, 0xECE3,
  0xECE3, 0xECE3, 0xECE3, 0xECE3, 0xECE3, 0xECE3, 0xECE3, 0xECE3, 0xECE3, 0xECE3, 0xECE3, 0xED04,
  0xECA1, 0xF650, 0xFFFF, 0xFFFF, 0xFFFF, 0xFFFF, 0xF60D, 0xECC2, 0xECE4, 0xECE3, 0xECE3, 0xECE3,
  0xECE3, 0xECE3, 0xECE3, 0xECE3, 0xECE3, 0xECE3, 0xECE3, 0xECE3, 0xECE3, 0xECE3, 0xECE3, 0xECE3,
  0xECE3, 0xECE3, 0xECE3, 0xECE3, 0xECE3, 0xECE3, 0xECE3, 0xECE3, 0xECE3, 0xECE3, 0xECE3, 0xECE3,
  0xECE3, 0xECE3, 0xECE3, 0xECE3, 0xECE3, 0xECE3, 0xECC2, 0xED48, 0xF7DF, 0xF7DF, 0xF7DF, 0xF7DF,
  0xF7DF, 0xF7DF, 0xFFDF, 0xF7DF, 0xF7DF, 0xF7DF, 0xFFDF, 0xFFDF, 0xF7DF, 0xF7DF, 0xFFDF, 0xFFDF,
  0xF7DF, 0xFFDF, 0xFFDF, 0xF7DF, 0xFFDF, 0xFFDF, 0xFFDF, 0xFFDF, 0xF7BE, 0xFFFF, 0x73CF, 0x0000,
  0x8410, 0xFFFF, 0xF7BE, 0xF7DF, 0xFFDF, 0xFFDF, 0xF7DF, 0xFFDF, 0xFFDF, 0xF7DF, 0xF7DF, 0xFFDF,
  0xF7DF, 0xFFDF, 0xF7DF, 0xFFDF, 0xF7DF, 0xF7DF, 0xF7DF, 0xF7DF, 0xFFDF, 0xFFDF, 0xF7DF, 0xFFDF,
  0xFFDF, 0xFFDF, 0xFFDF, 0xF7DF, 0xF7DF, 0xF7DF, 0xF7DF, 0xF7DF, 0xF7DF, 0xF7DF, 0xF7DF, 0xF7DF,
  0xF7DF, 0xF7DF, 0xF7BF, 0xFFFF, 0xE73D, 0x18C3, 0x0841, 0x10C3, 0x0000, 0x9CF3, 0xFFFF, 0xF7BE,
  0xFFDF, 0xFFDF, 0xF7DF, 0xF7DF, 0xFFDF, 0xFFFF, 0xFFFF, 0xFFFF, 0xFFFF, 0xEF5D, 0x6B4D, 0x0041,
  0x0000, 0x0000, 0x4228, 0x94D3, 0xDEDB, 0xFFFF, 0xFFFF, 0xFFFF, 0xFFFF, 0xF7DF, 0xF7BF, 0xF7BE,
  0xF7BE, 0xF7BF, 0xF7BF, 0xF7DF, 0xF7DF, 0xF7DF, 0xF7DF, 0xF7DF, 0xF7BF, 0xF7BF, 0xF7BF, 0xF7BE,
  0xF7DF, 0xFFFF, 0xF7DF, 0xF7DF, 0xF7DF, 0xF7DF, 0xFFDF, 0xFFDF, 0xFFDF, 0xFFDF, 0xF7DF, 0xFFDF,
  0xFFDF, 0xFFDF, 0xF7DF, 0xFFDF, 0xFFDF, 0xF7DF, 0xF7DF, 0xFFDF, 0xFFDF, 0xFFDF, 0xF7DF, 0xF7DF,
  0xF7DF, 0xF7DF, 0xFFDF, 0xF7DF, 0xFFDF, 0xFFDF, 0xF7DF, 0xF7DF, 0xF7DF, 0xF7DF, 0xF7DF, 0xF7DF,
  0xF7DF, 0xF7DF, 0xF7DF, 0xF7DF, 0xFFDF, 0xF7DF, 0xF7DF, 0xF7DF, 0xFFDF, 0xF7DF, 0xFFDF, 0xF7DF,
  0xECE3, 0xECE3, 0xECE3, 0xECE3, 0xECE3, 0xECE3, 0xECE3, 0xECE3, 0xECE3, 0xECE3, 0xECE3, 0xECE3,
  0xECE3, 0xECE3, 0xECE3, 0xECE3, 0xECE3, 0xECE3, 0xECE3, 0xECE3, 0xECE3, 0xECE3, 0xECE3, 0xECE3,
  0xECE3, 0xECE3, 0xECE3, 0xECE3, 0xECE3, 0xECE3, 0xECE3, 0xECE3, 0xECE3, 0xECE3, 0xECE3, 0xECE3,
  0xECC3, 0xFF59, 0xFFFF, 0xFFFF, 0xFFFF, 0xFFFF, 0xFF17, 0xECC2, 0xECE4, 0xECE3, 0xECE3, 0xECE3,
  0xECE3, 0xECE3, 0xECE3, 0xECE3, 0xECE3, 0xECE3, 0xECE3, 0xECE3, 0xECE3, 0xECE3, 0xECE3, 0xECE3,
  0xECE3, 0xECE3, 0xECE3, 0xECE3, 0xECE3, 0xECE3, 0xECE3, 0xECE3, 0xECE3, 0xECE3, 0xECE3, 0xECE3,
  0xECE3, 0xECE3, 0xECE3, 0xECE3, 0xECE3, 0xECE3, 0xECC2, 0xED68, 0xFFDF, 0xF7DF, 0xF7DF, 0xF7DF,
  0xF7DF, 0xF7DF, 0xFFDF, 0xF7DF, 0xF7DF, 0xF7DF, 0xF7DF, 0xFFDF, 0xFFDF, 0xF7DF, 0xFFDF, 0xFFDF,
  0xFFDF, 0xFFDF, 0xFFDF, 0xFFDF, 0xF7DF, 0xF7DF, 0xF7DF, 0xF7DF, 0xF7BF, 0xFFFF, 0x52CB, 0x0000,
  0xA555, 0xFFFF, 0xF7BE, 0xF7DF, 0xF7DF, 0xF7DF, 0xFFDF, 0xFFDF, 0xFFDF, 0xFFDF, 0xFFDF, 0xFFDF,
  0xFFDF, 0xFFDF, 0xF7DF, 0xF7DF, 0xFFDF, 0xFFDF, 0xF7DF, 0xF7DF, 0xF7DF, 0xFFDF, 0xFFDF, 0xFFDF,
  0xFFDF, 0xF7DF, 0xF7DF, 0xF7DF, 0xFFDF, 0xF7DF, 0xF7DF, 0xF7DF, 0xF7DF, 0xFFDF, 0xF7DF, 0xF7DF,
  0xF7DF, 0xF7DF, 0xF7BF, 0xFFFF, 0xE73C, 0x10A2, 0x0020, 0x0000, 0x632C, 0xFFFF, 0xF7BF, 0xF7DF,
  0xFFDF, 0xFFDF, 0xFFDF, 0xF7DF, 0xF7DF, 0xF7BF, 0xF7BE, 0xF79E, 0xFFFF, 0x39E7, 0x0000, 0x18C3,
  0x73AE, 0xCE7A, 0xFFFF, 0xFFFF, 0xFFFF, 0xF7DF, 0xF7BE, 0xF7BF, 0xF7DF, 0xF7DF, 0xF7DF, 0xF7DF,
  0xF7DF, 0xF7DF, 0xFFDF, 0xFFDF, 0xFFDF, 0xFFDF, 0xFFDF, 0xFFDF, 0xFFDF, 0xFFDF, 0xF7DF, 0xF7DF,
  0xF7DF, 0xF7BF, 0xF7DF, 0xF7DF, 0xFFDF, 0xFFDF, 0xF7DF, 0xF7DF, 0xF7DF, 0xF7DF, 0xF7DF, 0xFFDF,
  0xF7DF, 0xF7DF, 0xF7DF, 0xFFDF, 0xF7DF, 0xF7DF, 0xF7DF, 0xF7DF, 0xF7DF, 0xF7DF, 0xF7DF, 0xFFDF,
  0xFFDF, 0xFFDF, 0xF7DF, 0xF7DF, 0xFFDF, 0xF7DF, 0xF7DF, 0xFFDF, 0xF7DF, 0xFFDF, 0xF7DF, 0xF7DF,
  0xF7DF, 0xF7DF, 0xF7DF, 0xF7DF, 0xF7DF, 0xF7DF, 0xF7DF, 0xF7DF, 0xFFDF, 0xFFDF, 0xF7DF, 0xF7DF,
  0xECE3, 0xECE3, 0xECE3, 0xECE3, 0xECE3, 0xECE3, 0xECE3, 0xECE3, 0xECE3, 0xECE3, 0xECE3, 0xECE3,
  0xECE3, 0xECE3, 0xECE3, 0xECE3, 0xECE3, 0xECE3, 0xECE3, 0xECE3, 0xECE3, 0xECE3, 0xECE3, 0xECE3,
  0xECE3, 0xECE3, 0xECE3, 0xECE3, 0xECE3, 0xECE3, 0xECE3, 0xECE3, 0xECE3, 0xECE3, 0xECE3, 0xECC2,
  0xED68, 0xFFFF, 0xFFFF, 0xFFFF, 0xFFFF, 0xFFFF, 0xFFDE, 0xED26, 0xECC3, 0xECE3, 0xECE3, 0xECE3,
  0xECE3, 0xECE3, 0xECE3, 0xECE3, 0xECE3, 0xECE3, 0xECE3, 0xECE3, 0xECE3, 0xECE3, 0xECE3, 0xECE3,
  0xECE3, 0xECE3, 0xECE3, 0xECE3, 0xECE3, 0xECE3, 0xECE3, 0xECE3, 0xECE3, 0xECE3, 0xECE3, 0xECE3,
  0xECE3, 0xECE3, 0xECE3, 0xECE3, 0xECE3, 0xECE4, 0xECC2, 0xED48, 0xFFDF, 0xF7DF, 0xF7DF, 0xF7DF,
  0xF7DF, 0xF7DF, 0xF7DF, 0xF7DF, 0xFFDF, 0xF7DF, 0xF7DF, 0xFFDF, 0xF7DF, 0xF7DF, 0xF7DF, 0xF7DF,
  0xF7DF, 0xF7DF, 0xFFDF, 0xFFDF, 0xF7DF, 0xFFDF, 0xFFDF, 0xF7DF, 0xF7BF, 0xFFFF, 0x4A8A, 0x0000,
  0xBDF7, 0xFFFF, 0xF7BF, 0xFFDF, 0xF7DF, 0xF7DF, 0xFFDF, 0xFFDF, 0xF7DF, 0xF7DF, 0xF7DF, 0xF7DF,
  0xF7DF, 0xF7DF, 0xFFDF, 0xF7DF, 0xF7DF, 0xFFDF, 0xFFDF, 0xFFDF, 0xF7DF, 0xFFDF, 0xF7DF, 0xFFDF,
  0xF7DF, 0xFFDF, 0xF7DF, 0xF7DF, 0xFFDF, 0xFFDF, 0xF7DF, 0xF7DF, 0xF7DF, 0xF7DF, 0xFFDF, 0xF7DF,
  0xF7DF, 0xF7DF, 0xF7DF, 0xF7BF, 0xFFFF, 0x52CB, 0x0000, 0x5AEB, 0xF7DF, 0xFFDF, 0xF7DF, 0xFFDF,
  0xF7DF, 0xF7DF, 0xF7DF, 0xFFDF, 0xFFDF, 0xF7DF, 0xF7DF, 0xF7DF, 0xFFFF, 0x9CD3, 0x8430, 0xEF5D,
  0xFFFF, 0xFFFF, 0xF7BF, 0xF7BE, 0xF7DF, 0xF7DF, 0xF7DF, 0xFFDF, 0xF7DF, 0xFFDF, 0xFFDF, 0xFFDF,
  0xF7DF, 0xF7DF, 0xF7DF, 0xFFDF, 0xF7DF, 0xF7DF, 0xFFDF, 0xF7DF, 0xFFDF, 0xFFDF, 0xF7DF, 0xF7DF,
  0xF7DF, 0xF7DF, 0xF7DF, 0xF7DF, 0xF7DF, 0xFFDF, 0xF7DF, 0xF7DF, 0xF7DF, 0xFFDF, 0xF7DF, 0xFFDF,
  0xF7DF, 0xF7DF, 0xFFDF, 0xFFDF, 0xF7DF, 0xF7DF, 0xF7DF, 0xF7DF, 0xF7DF, 0xFFDF, 0xF7DF, 0xF7DF,
  0xF7DF, 0xF7DF, 0xFFDF, 0xF7DF, 0xF7DF, 0xF7DF, 0xF7DF, 0xFFDF, 0xF7DF, 0xF7DF, 0xF7DF, 0xF7DF,
  0xF7DF, 0xF7DF, 0xF7DF, 0xF7DF, 0xF7DF, 0xF7DF, 0xF7DF, 0xF7DF, 0xFFDF, 0xF7DF, 0xFFDF, 0xF7DF,
  0xECE3, 0xECE3, 0xECE3, 0xECE3, 0xECE3, 0xECE3, 0xECE3, 0xECE3, 0xECE3, 0xECE3, 0xECE3, 0xECE3,
  0xECE3, 0xECE3, 0xECE3, 0xECE3, 0xECE3, 0xECE3, 0xECE3, 0xECE3, 0xECE3, 0xECE3, 0xECE3, 0xECE3,
  0xECE3, 0xECE3, 0xECE3, 0xECE3, 0xECE3, 0xECE3, 0xECE3, 0xECE3, 0xECE3, 0xECE3, 0xED04, 0xECC1,
  0xF650, 0xFFFF, 0xFFFF, 0xFFFF, 0xFFFF, 0xFFFF, 0xFFFF, 0xF60D, 0xECA1, 0xECE4, 0xECE3, 0xECE3,
  0xECE3, 0xECE3, 0xECE3, 0xECE3, 0xECE3, 0xECE3, 0xECE3, 0xECE3, 0xECE3, 0xECE3, 0xECE3, 0xECE3,
  0xECE3, 0xECE3, 0xECE3, 0xECE3, 0xECE3, 0xECE3, 0xECE3, 0xECE3, 0xECE3, 0xECE3, 0xECE3, 0xECE3,
  0xECE3, 0xECE3, 0xECE3, 0xECE3, 0xECE3, 0xECE3, 0xECC2, 0xED68, 0xFFDF, 0xF7DF, 0xF7DF, 0xF7DF,
  0xF7DF, 0xFFDF, 0xF7DF, 0xF7DF, 0xF7DF, 0xF7DF, 0xFFDF, 0xFFDF, 0xF7DF, 0xF7DF, 0xFFDF, 0xF7DF,
  0xF7DF, 0xF7DF, 0xF7DF, 0xF7DF, 0xFFDF, 0xFFDF, 0xF7DF, 0xFFDF, 0xF7BF, 0xFFFF, 0xD6BA, 0xA514,
  0xF7BF, 0xFFDF, 0xF7DF, 0xFFDF, 0xFFDF, 0xFFDF, 0xF7DF, 0xF7DF, 0xF7DF, 0xFFDF, 0xF7DF, 0xFFDF,
  0xF7DF, 0xFFDF, 0xFFDF, 0xFFDF, 0xFFDF, 0xF7DF, 0xF7DF, 0xFFDF, 0xF7DF, 0xF7DF, 0xF7DF, 0xFFDF,
  0xFFDF, 0xF7DF, 0xFFDF, 0xFFDF, 0xF7DF, 0xF7DF, 0xFFDF, 0xFFDF, 0xFFDF, 0xF7DF, 0xF7DF, 0xF7DF,
  0xF7DF, 0xF7DF, 0xF7DF, 0xF7DF, 0xFFFF, 0xF7BE, 0xD6BA, 0xFFFF, 0xFFFF, 0xF7DF, 0xFFDF, 0xFFDF,
  0xFFDF, 0xF7DF, 0xF7DF, 0xF7DF, 0xF7DF, 0xFFDF, 0xF7DF, 0xFFDF, 0xF7DF, 0xFFFF, 0xFFFF, 0xFFFF,
  0xF7BE, 0xF7BF, 0xF7DF, 0xFFDF, 0xFFDF, 0xF7DF, 0xFFDF, 0xF7DF, 0xFFDF, 0xFFDF, 0xFFDF, 0xFFDF,
  0xF7DF, 0xFFDF, 0xFFDF, 0xFFDF, 0xFFDF, 0xF7DF, 0xF7DF, 0xF7DF, 0xF7DF, 0xFFDF, 0xF7DF, 0xFFDF,
  0xF7DF, 0xF7DF, 0xF7DF, 0xF7DF, 0xFFDF, 0xF7DF, 0xFFDF, 0xFFDF, 0xF7DF, 0xFFDF, 0xFFDF, 0xFFDF,
  0xFFDF, 0xF7DF, 0xFFDF, 0xFFDF, 0xFFDF, 0xF7DF, 0xF7DF, 0xFFDF, 0xFFDF, 0xF7DF, 0xF7DF, 0xF7DF,
  0xF7DF, 0xF7DF, 0xF7DF, 0xF7DF, 0xF7DF, 0xF7DF, 0xF7DF, 0xF7DF, 0xF7DF, 0xF7DF, 0xF7DF, 0xF7DF,
  0xF7DF, 0xF7DF, 0xF7DF, 0xF7DF, 0xF7DF, 0xF7DF, 0xF7DF, 0xF7DF, 0xF7DF, 0xFFDF, 0xF7DF, 0xF7DF,
  0xECE3, 0xECE3, 0xECE3, 0xECE3, 0xECE3, 0xECE3, 0xECE3, 0xECE3, 0xECE3, 0xECE3, 0xECE3, 0xECE3,
  0xECE3, 0xECE3, 0xECE3, 0xECE3, 0xECE3, 0xECE3, 0xECE3, 0xECE3, 0xECE3, 0xECE3, 0xECE3, 0xECE3,
  0xECE3, 0xECE3, 0xECE3, 0xECE3, 0xECE3, 0xECE3, 0xECE3, 0xECE3, 0xECE3, 0xECE3, 0xECE3, 0xECE3,
  0xFF59, 0xFFFF, 0xFFFF, 0xFFFF, 0xFFFF, 0xFFFF, 0xFFFF, 0xFF17, 0xECC2, 0xECE3, 0xECE3, 0xECE3,
  0xECE3, 0xECE3, 0xECE3, 0xECE3, 0xECE3, 0xECE3, 0xECE3, 0xECE3, 0xECE3, 0xECE3, 0xECE3, 0xECE3,
  0xECE3, 0xECE3, 0xECE3, 0xECE3, 0xECE3, 0xECE3, 0xECE3, 0xECE3, 0xECE3, 0xECE3, 0xECE3, 0xECE3,
  0xECE3, 0xECE3, 0xECE3, 0xECE3, 0xECE3, 0xECE3, 0xECC2, 0xED68, 0xFFDF, 0xF7DF, 0xF7DF, 0xF7DF,
  0xF7DF, 0xF7DF, 0xF7DF, 0xFFDF, 0xFFDF, 0xFFDF, 0xFFDF, 0xF7DF, 0xFFDF, 0xFFDF, 0xFFDF, 0xFFDF,
  0xF7DF, 0xF7DF, 0xF7DF, 0xF7DF, 0xFFDF, 0xFFDF, 0xFFDF, 0xFFDF, 0xFFDF, 0xF7DF, 0xFFFF, 0xFFFF,
  0xFFDF, 0xFFDF, 0xFFDF, 0xF7DF, 0xF7DF, 0xF7DF, 0xFFDF, 0xF7DF, 0xFFDF, 0xF7DF, 0xFFDF, 0xFFDF,
  0xFFDF, 0xF7DF, 0xFFDF, 0xFFDF, 0xF7DF, 0xF7DF, 0xF7DF, 0xF7DF, 0xF7DF, 0xFFDF, 0xF7DF, 0xFFDF,
  0xFFDF, 0xF7DF, 0xF7DF, 0xFFDF, 0xFFDF, 0xFFDF, 0xFFDF, 0xFFDF, 0xF7DF, 0xFFDF, 0xF7DF, 0xF7DF,
  0xF7DF, 0xF7DF, 0xF7DF, 0xFFDF, 0xF7DF, 0xFFDF, 0xFFFF, 0xF7BF, 0xF7DF, 0xFFDF, 0xFFDF, 0xF7DF,
  0xFFDF, 0xFFDF, 0xF7DF, 0xF7DF, 0xFFDF, 0xFFDF, 0xF7DF, 0xF7DF, 0xF7DF, 0xF7BF, 0xF7BE, 0xF7BF,
  0xF7DF, 0xFFDF, 0xFFDF, 0xF7DF, 0xF7DF, 0xFFDF, 0xFFDF, 0xFFDF, 0xFFDF, 0xFFDF, 0xFFDF, 0xF7DF,
  0xF7DF, 0xFFDF, 0xF7DF, 0xFFDF, 0xFFDF, 0xF7DF, 0xFFDF, 0xF7DF, 0xF7DF, 0xFFDF, 0xFFDF, 0xFFDF,
  0xFFDF, 0xFFDF, 0xF7DF, 0xF7DF, 0xFFDF, 0xF7DF, 0xFFDF, 0xFFDF, 0xF7DF, 0xFFDF, 0xFFDF, 0xFFDF,
  0xF7DF, 0xFFDF, 0xF7DF, 0xF7DF, 0xF7DF, 0xF7DF, 0xF7DF, 0xF7DF, 0xF7DF, 0xF7DF, 0xF7DF, 0xF7DF,
  0xF7DF, 0xF7DF, 0xF7DF, 0xF7DF, 0xF7DF, 0xF7DF, 0xF7DF, 0xF7DF, 0xF7DF, 0xF7DF, 0xF7DF, 0xF7DF,
  0xF7DF, 0xF7DF, 0xF7DF, 0xF7DF, 0xFFDF, 0xFFDF, 0xF7DF, 0xF7DF, 0xF7DF, 0xFFDF, 0xFFDF, 0xF7DF,
  0xECE3, 0xECE3, 0xECE3, 0xECE3, 0xECE3, 0xECE3, 0xECE3, 0xECE3, 0xECE3, 0xECE3, 0xECE3, 0xECE3,
  0xECE3, 0xECE3, 0xECE3, 0xECE3, 0xECE3, 0xECE3, 0xECE3, 0xECE3, 0xECE3, 0xECE3, 0xECE3, 0xECE3,
  0xECE3, 0xECE3, 0xECE3, 0xECE3, 0xECE3, 0xECE3, 0xECE3, 0xECE3, 0xECE3, 0xECE4, 0xECC2, 0xF588,
  0xFFFF, 0xFFFF, 0xFFFF, 0xFFFF, 0xFFFF, 0xFFFF, 0xFFFF, 0xFFDE, 0xED46, 0xECC3, 0xECE3, 0xECE3,
  0xECE3, 0xECE3, 0xECE3, 0xECE3, 0xECE3, 0xECE3, 0xECE3, 0xECE3, 0xECE3, 0xECE3, 0xECE3, 0xECE3,
  0xECE3, 0xECE3, 0xECE3, 0xECE3, 0xECE3, 0xECE3, 0xECE3, 0xECE3, 0xECE3, 0xECE3, 0xECE3, 0xECE3,
  0xECE3, 0xECE3, 0xECE3, 0xECE3, 0xECE3, 0xECE3, 0xECC2, 0xED68, 0xFFDF, 0xF7DF, 0xFFDF, 0xFFDF,
  0xF7DF, 0xFFDF, 0xFFDF, 0xFFDF, 0xFFDF, 0xFFDF, 0xFFDF, 0xF7DF, 0xFFDF, 0xFFDF, 0xF7DF, 0xF7DF,
  0xF7DF, 0xF7DF, 0xFFDF, 0xFFDF, 0xF7DF, 0xF7DF, 0xFFDF, 0xFFDF, 0xF7DF, 0xFFDF, 0xF7BF, 0xF7BE,
  0xF7DF, 0xF7DF, 0xF7DF, 0xFFDF, 0xFFDF, 0xFFDF, 0xF7DF, 0xFFDF, 0xF7DF, 0xF7DF, 0xF7DF, 0xF7DF,
  0xFFDF, 0xF7DF, 0xFFDF, 0xF7DF, 0xF7DF, 0xF7DF, 0xFFDF, 0xFFDF, 0xFFDF, 0xFFDF, 0xFFDF, 0xF7DF,
  0xFFDF, 0xF7DF, 0xF7DF, 0xF7DF, 0xF7DF, 0xFFDF, 0xFFDF, 0xFFDF, 0xFFDF, 0xFFDF, 0xF7DF, 0xF7DF,
  0xF7DF, 0xF7DF, 0xF7DF, 0xF7DF, 0xF7DF, 0xF7DF, 0xF7BF, 0xF7DF, 0xF7DF, 0xFFDF, 0xFFDF, 0xFFDF,
  0xF7DF, 0xF7DF, 0xF7DF, 0xF7DF, 0xFFDF, 0xFFDF, 0xFFDF, 0xFFDF, 0xF7DF, 0xF7DF, 0xF7DF, 0xFFDF,
  0xFFDF, 0xFFDF, 0xF7DF, 0xF7DF, 0xFFDF, 0xFFDF, 0xF7DF, 0xF7DF, 0xFFDF, 0xFFDF, 0xF7DF, 0xFFDF,
  0xF7DF, 0xF7DF, 0xFFDF, 0xF7DF, 0xF7DF, 0xFFDF, 0xFFDF, 0xF7DF, 0xFFDF, 0xFFDF, 0xFFDF, 0xF7DF,
  0xF7DF, 0xFFDF, 0xF7DF, 0xF7DF, 0xFFDF, 0xF7DF, 0xFFDF, 0xFFDF, 0xF7DF, 0xF7DF, 0xF7DF, 0xFFDF,
  0xFFDF, 0xFFDF, 0xFFDF, 0xF7DF, 0xF7DF, 0xF7DF, 0xF7DF, 0xF7DF, 0xF7DF, 0xF7DF, 0xF7DF, 0xF7DF,
  0xF7DF, 0xFFDF, 0xF7DF, 0xF7DF, 0xF7DF, 0xF7DF, 0xF7DF, 0xF7DF, 0xF7DF, 0xF7DF, 0xFFDF, 0xF7DF,
  0xF7DF, 0xF7DF, 0xF7DF, 0xF7DF, 0xF7DF, 0xF7DF, 0xF7DF, 0xF7DF, 0xFFDF, 0xFFDF, 0xF7DF, 0xF7DF,
  0xECE3, 0xECE3, 0xECE3, 0xECE3, 0xECE3, 0xECE3, 0xECE3, 0xECE3, 0xECE3, 0xECE3, 0xECE3, 0xECE3,
  0xECE3, 0xECE3, 0xECE3, 0xECE3, 0xECE3, 0xECE3, 0xECE3, 0xECE3, 0xECE3, 0xECE3, 0xECE3, 0xECE3,
  0xECE3, 0xECE3, 0xECE3, 0xECE3, 0xECE3, 0xECE3, 0xECE3, 0xECE3, 0xECE3, 0xED04, 0xECA1, 0xF671,
  0xFFFF, 0xFFFF, 0xFFFF, 0xFFFF, 0xFFFF, 0xFFFF, 0xFFFF, 0xFFFF, 0xF62E, 0xECC2, 0xECE4, 0xECE3,
  0xECE3, 0xECE3, 0xECE3, 0xECE3, 0xECE3, 0xECE3, 0xECE3, 0xECE3, 0xECE3, 0xECE3, 0xECE3, 0xECE3,
  0xECE3, 0xECE3, 0xECE3, 0xECE3, 0xECE3, 0xECE3, 0xECE3, 0xECE3, 0xECE3, 0xECE3, 0xECE3, 0xECE3,
  0xECE3, 0xECE3, 0xECE3, 0xECE3, 0xECE3, 0xED04, 0xECC2, 0xED68, 0xFFDF, 0xF7DF, 0xF7DF, 0xFFDF,
  0xF7DF, 0xFFDF, 0xFFDF, 0xFFDF, 0xFFDF, 0xF7DF, 0xFFDF, 0xF7DF, 0xF7DF, 0xF7DF, 0xFFDF, 0xFFDF,
  0xFFDF, 0xF7DF, 0xFFDF, 0xFFDF, 0xF7DF, 0xF7DF, 0xF7DF, 0xFFDF, 0xFFDF, 0xFFDF, 0xF7DF, 0xF7DF,
  0xF7DF, 0xF7DF, 0xF7DF, 0xF7DF, 0xFFDF, 0xFFDF, 0xF7DF, 0xF7DF, 0xF7DF, 0xF7DF, 0xFFDF, 0xF7DF,
  0xF7DF, 0xF7DF, 0xF7DF, 0xF7DF, 0xF7DF, 0xF7DF, 0xFFDF, 0xFFDF, 0xF7DF, 0xF7DF, 0xF7DF, 0xF7DF,
  0xFFDF, 0xF7DF, 0xFFDF, 0xF7DF, 0xF7DF, 0xF7DF, 0xFFDF, 0xF7DF, 0xF7DF, 0xF7DF, 0xF7DF, 0xF7DF,
  0xF7DF, 0xF7DF, 0xF7DF, 0xF7DF, 0xFFDF, 0xF7DF, 0xF7DF, 0xF7DF, 0xF7DF, 0xFFDF, 0xF7DF, 0xFFDF,
  0xFFDF, 0xFFDF, 0xFFDF, 0xF7DF, 0xF7DF, 0xF7DF, 0xF7DF, 0xF7DF, 0xF7DF, 0xFFDF, 0xF7DF, 0xFFDF,
  0xFFDF, 0xFFDF, 0xF7DF, 0xF7DF, 0xFFDF, 0xF7DF, 0xF7DF, 0xF7DF, 0xF7DF, 0xF7DF, 0xF7DF, 0xFFDF,
  0xFFDF, 0xF7DF, 0xF7DF, 0xF7DF, 0xFFDF, 0xFFDF, 0xFFDF, 0xF7DF, 0xFFDF, 0xFFDF, 0xFFDF, 0xFFDF,
  0xF7DF, 0xF7DF, 0xFFDF, 0xFFDF, 0xFFDF, 0xF7DF, 0xFFDF, 0xFFDF, 0xFFDF, 0xF7DF, 0xF7DF, 0xF7DF,
  0xFFDF, 0xF7DF, 0xF7DF, 0xF7DF, 0xFFDF, 0xF7DF, 0xF7DF, 0xF7DF, 0xF7DF, 0xF7DF, 0xF7DF, 0xF7DF,
  0xF7DF, 0xFFDF, 0xF7DF, 0xF7DF, 0xF7DF, 0xF7DF, 0xF7DF, 0xF7DF, 0xF7DF, 0xF7DF, 0xFFDF, 0xF7DF,
  0xF7DF, 0xF7DF, 0xF7DF, 0xF7DF, 0xF7DF, 0xF7DF, 0xF7DF, 0xF7DF, 0xFFDF, 0xFFDF, 0xF7DF, 0xF7DF,
  0xECE3, 0xECE3, 0xECE3, 0xECE3, 0xECE3, 0xECE3, 0xECE3, 0xECE3, 0xECE3, 0xECE3, 0xECE3, 0xECE3,
  0xECE3, 0xECE3, 0xECE3, 0xECE3, 0xECE3, 0xECE3, 0xECE3, 0xECE3, 0xECE3, 0xECE3, 0xECE3, 0xECE3,
  0xECE3, 0xECE3, 0xECE3, 0xECE3, 0xECE3, 0xECE3, 0xECE3, 0xECE3, 0xECE3, 0xECE4, 0xECE3, 0xFF59,
  0xFFFF, 0xFFFF, 0xFFFF, 0xFFFF, 0xFFFF, 0xFFFF, 0xFFFF, 0xFFFF, 0xFF17, 0xECC2, 0xED04, 0xECE3,
  0xECE3, 0xECE3, 0xECE3, 0xECE3, 0xECE3, 0xECE3, 0xECE3, 0xECE3, 0xECE3, 0xECE3, 0xECE3, 0xECE3,
  0xECE3, 0xECE3, 0xECE3, 0xECE3, 0xECE3, 0xECE3, 0xECE3, 0xECE3, 0xECE3, 0xECE3, 0xECE3, 0xECE3,
  0xECE3, 0xECE3, 0xECE3, 0xECE3, 0xECE3, 0xED03, 0xECC2, 0xED68, 0xFFDF, 0xF7DF, 0xF7DF, 0xF7DF,
  0xFFDF, 0xF7DF, 0xFFDF, 0xFFDF, 0xFFDF, 0xF7DF, 0xF7DF, 0xFFDF, 0xFFDF, 0xF7DF, 0xF7DF, 0xF7DF,
  0xF7DF, 0xFFDF, 0xFFDF, 0xFFDF, 0xFFDF, 0xF7DF, 0xFFDF, 0xF7DF, 0xF7DF, 0xF7DF, 0xF7DF, 0xF7DF,
  0xF7DF, 0xF7DF, 0xFFDF, 0xFFDF, 0xFFDF, 0xFFDF, 0xFFDF, 0xF7DF, 0xF7DF, 0xF7DF, 0xFFDF, 0xF7DF,
  0xF7DF, 0xF7DF, 0xF7DF, 0xF7DF, 0xF7DF, 0xF7DF, 0xF7DF, 0xF7DF, 0xF7DF, 0xF7DF, 0xF7DF, 0xF7DF,
  0xFFDF, 0xF7DF, 0xFFDF, 0xFFDF, 0xFFDF, 0xF7DF, 0xF7DF, 0xF7DF, 0xF7DF, 0xF7DF, 0xFFDF, 0xF7DF,
  0xF7DF, 0xF7DF, 0xF7DF, 0xF7DF, 0xF7DF, 0xF7DF, 0xF7DF, 0xF7DF, 0xF7DF, 0xF7DF, 0xFFDF, 0xF7DF,
  0xF7DF, 0xFFDF, 0xF7DF, 0xF7DF, 0xF7DF, 0xF7DF, 0xF7DF, 0xF7DF, 0xF7DF, 0xF7DF, 0xF7DF, 0xF7DF,
  0xFFDF, 0xFFDF, 0xFFDF, 0xFFDF, 0xFFDF, 0xF7DF, 0xFFDF, 0xF7DF, 0xF7DF, 0xF7DF, 0xFFDF, 0xFFDF,
  0xF7DF, 0xF7DF, 0xF7DF, 0xFFDF, 0xF7DF, 0xF7DF, 0xF7DF, 0xFFDF, 0xF7DF, 0xF7DF, 0xF7DF, 0xF7DF,
  0xF7DF, 0xFFDF, 0xF7DF, 0xFFDF, 0xFFDF, 0xFFDF, 0xF7DF, 0xF7DF, 0xF7DF, 0xFFDF, 0xFFDF, 0xFFDF,
  0xF7DF, 0xF7DF, 0xF7DF, 0xF7DF, 0xF7DF, 0xFFDF, 0xF7DF, 0xF7DF, 0xF7DF, 0xF7DF, 0xF7DF, 0xFFDF,
  0xF7DF, 0xF7DF, 0xF7DF, 0xF7DF, 0xF7DF, 0xF7DF, 0xF7DF, 0xF7DF, 0xF7DF, 0xFFDF, 0xF7DF, 0xF7DF,
  0xF7DF, 0xF7DF, 0xF7DF, 0xF7DF, 0xF7DF, 0xF7DF, 0xFFDF, 0xF7DF, 0xFFDF, 0xFFDF, 0xFFDF, 0xF7DF,
  0xECE3, 0xECE3, 0xECE3, 0xECE3, 0xECE3, 0xECE3, 0xECE3, 0xECE3, 0xECE3, 0xECE3, 0xECE3, 0xECE3,
  0xECE3, 0xECE3, 0xECE3, 0xECE3, 0xECE3, 0xECE3, 0xECE3, 0xECE3, 0xECE3, 0xECE3, 0xECE3, 0xECE3,
  0xECE3, 0xECE3, 0xECE3, 0xECE3, 0xECE3, 0xECE3, 0xECE3, 0xECE3, 0xECE4, 0xECC2, 0xED68, 0xFFFF,
  0xFFFF, 0xFFFF, 0xFFFF, 0xFFFF, 0xFFFF, 0xFFFF, 0xFFFF, 0xFFFF, 0xFFDE, 0xF567, 0xECC3, 0xECE3,
  0xECE3, 0xECE3, 0xECE3, 0xECE3, 0xECE3, 0xECE3, 0xECE3, 0xECE3, 0xECE3, 0xECE3, 0xECE3, 0xECE3,
  0xECE3, 0xECE3, 0xECE3, 0xECE3, 0xECE3, 0xECE3, 0xECE3, 0xECE3, 0xECE3, 0xECE3, 0xECE3, 0xECE3,
  0xECE3, 0xECE3, 0xECE3, 0xECE3, 0xECE3, 0xED03, 0xECC2, 0xED68, 0xF7DF, 0xF7DF, 0xF7DF, 0xF7DF,
  0xFFDF, 0xFFDF, 0xFFDF, 0xFFDF, 0xFFDF, 0xF7DF, 0xF7DF, 0xFFDF, 0xFFDF, 0xFFDF, 0xF7DF, 0xFFDF,
  0xFFDF, 0xF7DF, 0xF7DF, 0xF7DF, 0xFFDF, 0xFFDF, 0xF7DF, 0xF7DF, 0xF7DF, 0xF7DF, 0xF7DF, 0xFFDF,
  0xFFDF, 0xFFDF, 0xF7DF, 0xFFDF, 0xF7DF, 0xF7DF, 0xF7DF, 0xFFDF, 0xFFDF, 0xFFDF, 0xF7DF, 0xFFDF,
  0xF7DF, 0xF7DF, 0xF7DF, 0xFFDF, 0xF7DF, 0xF7DF, 0xF7DF, 0xF7DF, 0xF7DF, 0xF7DF, 0xFFDF, 0xFFDF,
  0xFFDF, 0xF7DF, 0xF7DF, 0xF7DF, 0xFFDF, 0xF7DF, 0xF7DF, 0xF7DF, 0xF7DF, 0xF7DF, 0xF7DF, 0xF7DF,
  0xF7DF, 0xFFDF, 0xF7DF, 0xFFDF, 0xFFDF, 0xFFDF, 0xFFDF, 0xF7DF, 0xFFDF, 0xF7DF, 0xF7DF, 0xFFDF,
  0xF7DF, 0xFFDF, 0xFFDF, 0xF7DF, 0xFFDF, 0xFFDF, 0xFFDF, 0xFFDF, 0xFFDF, 0xFFDF, 0xF7DF, 0xFFDF,
  0xF7DF, 0xFFDF, 0xFFDF, 0xF7DF, 0xFFDF, 0xF7DF, 0xF7DF, 0xFFDF, 0xF7DF, 0xFFDF, 0xFFDF, 0xFFDF,
  0xFFDF, 0xF7DF, 0xF7DF, 0xF7DF, 0xF7DF, 0xFFDF, 0xFFDF, 0xFFDF, 0xFFDF, 0xFFDF, 0xFFDF, 0xFFDF,
  0xF7DF, 0xF7DF, 0xFFDF, 0xF7DF, 0xF7DF, 0xF7DF, 0xF7DF, 0xF7DF, 0xF7DF, 0xF7DF, 0xFFDF, 0xF7DF,
  0xFFDF, 0xFFDF, 0xF7DF, 0xF7DF, 0xF7DF, 0xF7DF, 0xF7DF, 0xF7DF, 0xF7DF, 0xFFDF, 0xF7DF, 0xF7DF,
  0xF7DF, 0xFFDF, 0xF7DF, 0xF7DF, 0xF7DF, 0xF7DF, 0xF7DF, 0xF7DF, 0xF7DF, 0xF7DF, 0xF7DF, 0xF7DF,
  0xF7DF, 0xF7DF, 0xF7DF, 0xF7DF, 0xFFDF, 0xFFDF, 0xF7DF, 0xF7DF, 0xF7DF, 0xFFDF, 0xF7DF, 0xF7DF,
  0xECE3, 0xECE3, 0xECE3, 0xECE3, 0xECE3, 0xECE3, 0xECE3, 0xECE3, 0xECE3, 0xECE3, 0xECE3, 0xECE3,
  0xECE3, 0xECE3, 0xECE3, 0xECE3, 0xECE3, 0xECE3, 0xECE3, 0xECE3, 0xECE3, 0xECE3, 0xECE3, 0xECE3,
  0xECE3, 0xECE3, 0xECE3, 0xECE3, 0xECE3, 0xECE3, 0xECE3, 0xECE3, 0xED04, 0xECA2, 0xF651, 0xFFFF,
  0xFFFF, 0xFFFF, 0xFFFF, 0xFFFF, 0xFFFF, 0xFFFF, 0xFFFF, 0xFFFF, 0xFFFF, 0xF62F, 0xECC2, 0xECE4,
  0xECE3, 0xECE3, 0xECE3, 0xECE3, 0xECE3, 0xECE3, 0xECE3, 0xECE3, 0xECE3, 0xECE3, 0xECE3, 0xECE3,
  0xECE3, 0xECE3, 0xECE3, 0xECC3, 0xECC3, 0xECC3, 0xECE3, 0xECE3, 0xECE3, 0xECE3, 0xECE3, 0xECE3,
  0xECE3, 0xECE3, 0xECE3, 0xECE3, 0xECE3, 0xED04, 0xECC2, 0xED68, 0xFFDF, 0xF7DF, 0xF7DF, 0xF7DF,
  0xF7DF, 0xFFDF, 0xFFDF, 0xFFDF, 0xF7DF, 0xF7DF, 0xF7DF, 0xF7DF, 0xF7DF, 0xF7DF, 0xF7DF, 0xFFDF,
  0xF7DF, 0xF7DF, 0xF7DF, 0xF7DF, 0xF7DF, 0xFFDF, 0xFFDF, 0xF7DF, 0xF7DF, 0xFFDF, 0xFFDF, 0xF7DF,
  0xF7DF, 0xF7DF, 0xFFDF, 0xF7DF, 0xFFDF, 0xFFDF, 0xFFDF, 0xF7DF, 0xFFDF, 0xF7DF, 0xF7DF, 0xFFDF,
  0xF7DF, 0xFFDF, 0xF7DF, 0xF7DF, 0xF7DF, 0xF7DF, 0xF7DF, 0xF7DF, 0xF7DF, 0xF7DF, 0xFFDF, 0xFFDF,
  0xFFDF, 0xF7DF, 0xF7DF, 0xF7DF, 0xF7DF, 0xF7DF, 0xF7DF, 0xF7DF, 0xF7DF, 0xF7DF, 0xF7DF, 0xF7DF,
  0xFFDF, 0xFFDF, 0xFFDF, 0xFFDF, 0xFFDF, 0xFFDF, 0xFFDF, 0xF7DF, 0xFFDF, 0xFFDF, 0xFFDF, 0xF7DF,
  0xF7DF, 0xFFDF, 0xF7DF, 0xFFDF, 0xF7DF, 0xFFDF, 0xFFDF, 0xFFDF, 0xFFDF, 0xF7DF, 0xF7DF, 0xF7DF,
  0xF7DF, 0xFFDF, 0xFFDF, 0xF7DF, 0xF7DF, 0xF7DF, 0xFFDF, 0xFFDF, 0xFFDF, 0xF7DF, 0xF7DF, 0xFFDF,
  0xF7DF, 0xFFDF, 0xFFDF, 0xFFDF, 0xF7DF, 0xFFDF, 0xFFDF, 0xFFDF, 0xFFDF, 0xFFDF, 0xFFDF, 0xFFDF,
  0xFFDF, 0xFFDF, 0xFFDF, 0xF7DF, 0xF7DF, 0xF7DF, 0xF7DF, 0xF7DF, 0xFFDF, 0xFFDF, 0xFFDF, 0xFFDF,
  0xFFDF, 0xF7DF, 0xF7DF, 0xFFDF, 0xF7DF, 0xFFDF, 0xF7DF, 0xF7DF, 0xF7DF, 0xF7DF, 0xF7DF, 0xF7DF,
  0xF7DF, 0xF7DF, 0xF7DF, 0xF7DF, 0xF7DF, 0xF7DF, 0xF7DF, 0xF7DF, 0xF7DF, 0xF7DF, 0xF7DF, 0xF7DF,
  0xF7DF, 0xF7DF, 0xFFDF, 0xFFDF, 0xFFDF, 0xFFDF, 0xFFDF, 0xF7DF, 0xF7DF, 0xFFDF, 0xFFDF, 0xF7DF,
  0xECE3, 0xECE3, 0xECE3, 0xECE3, 0xECE3, 0xECE3, 0xECE3, 0xECE3, 0xECE3, 0xECE3, 0xECE3, 0xECE3,
  0xECE3, 0xECE3, 0xED26, 0xED25, 0xED04, 0xED25, 0xED05, 0xED04, 0xED04, 0xED04, 0xED04, 0xED04,
  0xED04, 0xECE4, 0xECE4, 0xECE3, 0xECE3, 0xECE3, 0xECE3, 0xECE3, 0xECE3, 0xECE4, 0xFF7A, 0xFFFF,
  0xFFFF, 0xFFFF, 0xFFFF, 0xFFFF, 0xFFFF, 0xFFFF, 0xFFFF, 0xFFFF, 0xFFFF, 0xFF38, 0xECC2, 0xECE3,
  0xECE4, 0xECE3, 0xECE3, 0xECE4, 0xECE4, 0xECE4, 0xECE4, 0xED04, 0xED04, 0xED05, 0xED05, 0xED04,
  0xED05, 0xED25, 0xED26, 0xED25, 0xED26, 0xED26, 0xECE3, 0xECE3, 0xECE3, 0xECE3, 0xECE3, 0xECE3,
  0xECE3, 0xECE3, 0xECE3, 0xECE3, 0xECE3, 0xECE4, 0xECC2, 0xED68, 0xFFDF, 0xF7DF, 0xF7DF, 0xF7DF,
  0xFFDF, 0xFFDF, 0xFFDF, 0xF7DF, 0xF7DF, 0xF7DF, 0xF7DF, 0xF7DF, 0xFFDF, 0xFFDF, 0xFFDF, 0xF7DF,
  0xF7DF, 0xFFDF, 0xF7DF, 0xFFDF, 0xFFDF, 0xF7DF, 0xFFDF, 0xF7DF, 0xFFDF, 0xFFDF, 0xFFDF, 0xFFDF,
  0xF7DF, 0xF7DF, 0xF7DF, 0xF7DF, 0xFFDF, 0xFFDF, 0xF7DF, 0xF7DF, 0xF7DF, 0xF7DF, 0xF7DF, 0xF7DF,
  0xF7DF, 0xFFDF, 0xFFDF, 0xF7DF, 0xF7DF, 0xF7DF, 0xF7DF, 0xF7DF, 0xF7DF, 0xFFDF, 0xF7DF, 0xF7DF,
  0xF7DF, 0xF7DF, 0xF7DF, 0xF7DF, 0xFFDF, 0xFFDF, 0xFFDF, 0xFFDF, 0xFFDF, 0xF7DF, 0xFFDF, 0xF7DF,
  0xF7DF, 0xF7DF, 0xF7DF, 0xF7DF, 0xF7DF, 0xF7DF, 0xF7DF, 0xFFDF, 0xF7DF, 0xF7DF, 0xF7DF, 0xF7DF,
  0xF7DF, 0xF7DF, 0xFFDF, 0xFFDF, 0xFFDF, 0xF7DF, 0xFFDF, 0xFFDF, 0xF7DF, 0xF7DF, 0xFFDF, 0xF7DF,
  0xFFDF, 0xF7DF, 0xF7DF, 0xFFDF, 0xFFDF, 0xFFDF, 0xF7DF, 0xFFDF, 0xF7DF, 0xF7DF, 0xF7DF, 0xFFDF,
  0xFFDF, 0xFFDF, 0xFFDF, 0xFFDF, 0xF7DF, 0xF7DF, 0xFFDF, 0xF7DF, 0xFFDF, 0xF7DF, 0xF7DF, 0xFFDF,
  0xFFDF, 0xFFDF, 0xF7DF, 0xF7DF, 0xF7DF, 0xF7DF, 0xF7DF, 0xF7DF, 0xFFDF, 0xFFDF, 0xF7DF, 0xFFDF,
  0xFFDF, 0xF7DF, 0xF7DF, 0xFFDF, 0xF7DF, 0xFFDF, 0xF7DF, 0xFFDF, 0xFFDF, 0xFFDF, 0xFFDF, 0xF7DF,
  0xF7DF, 0xFFDF, 0xF7DF, 0xF7DF, 0xF7DF, 0xF7DF, 0xF7DF, 0xF7DF, 0xF7DF, 0xF7DF, 0xFFDF, 0xF7DF,
  0xF7DF, 0xFFDF, 0xFFDF, 0xFFDF, 0xFFDF, 0xF7DF, 0xFFDF, 0xFFDF, 0xF7DF, 0xF7DF, 0xF7DF, 0xF7DF,
  0xECE3, 0xECE3, 0xECE3, 0xECE3, 0xECE3, 0xECE3, 0xECE3, 0xECE3, 0xECE3, 0xECE3, 0xECE3, 0xECE3,
  0xECE3, 0xECC3, 0xF5CB, 0xFF9B, 0xFFDE, 0xFFBC, 0xFF9C, 0xFF9C, 0xFF9C, 0xFF9C, 0xFF9C, 0xFF9C,
  0xFF9B, 0xFF9B, 0xFF7B, 0xFF7B, 0xFF7B, 0xFF7A, 0xFF7A, 0xFF7A, 0xFF7A, 0xFF7A, 0xFFFF, 0xFFFF,
  0xFFFF, 0xFFFF, 0xFFFF, 0xFFFF, 0xFFFF, 0xFFFF, 0xFFFF, 0xFFFF, 0xFFFF, 0xFFFF, 0xFF7A, 0xFF7A,
  0xFF7B, 0xFF7B, 0xFF7B, 0xFF7B, 0xFF9B, 0xFF9C, 0xFF9C, 0xFF9C, 0xFF9C, 0xFFBC, 0xFFBD, 0xFFBD,
  0xFFBD, 0xFFBD, 0xFFBD, 0xFFFF, 0xFF9B, 0xF5AA, 0xECC3, 0xECE3, 0xECE3, 0xECE3, 0xECE3, 0xECE3,
  0xECE3, 0xECE3, 0xECE3, 0xECE3, 0xECE3, 0xECE3, 0xECC2, 0xED68, 0xFFDF, 0xF7DF, 0xFFDF, 0xFFDF,
  0xF7DF, 0xF7DF, 0xFFDF, 0xF7DF, 0xF7DF, 0xF7DF, 0xFFDF, 0xFFDF, 0xFFDF, 0xFFDF, 0xFFDF, 0xF7DF,
  0xF7DF, 0xF7DF, 0xF7DF, 0xFFDF, 0xFFDF, 0xFFDF, 0xFFDF, 0xFFDF, 0xF7DF, 0xF7DF, 0xF7DF, 0xF7DF,
  0xFFDF, 0xFFDF, 0xF7DF, 0xFFDF, 0xFFDF, 0xFFDF, 0xFFDF, 0xFFDF, 0xF7DF, 0xF7DF, 0xFFDF, 0xFFDF,
  0xFFDF, 0xFFDF, 0xF7DF, 0xF7DF, 0xF7DF, 0xFFDF, 0xFFDF, 0xFFDF, 0xFFDF, 0xF7DF, 0xF7DF, 0xF7DF,
  0xFFDF, 0xFFDF, 0xFFDF, 0xF7DF, 0xFFDF, 0xFFDF, 0xF7DF, 0xF7DF, 0xFFDF, 0xF7DF, 0xF7DF, 0xF7DF,
  0xF7DF, 0xF7DF, 0xF7DF, 0xF7DF, 0xFFDF, 0xFFDF, 0xFFDF, 0xFFDF, 0xFFDF, 0xFFDF, 0xF7DF, 0xF7DF,
  0xFFDF, 0xF7DF, 0xF7DF, 0xF7DF, 0xFFDF, 0xFFDF, 0xF7DF, 0xF7DF, 0xF7DF, 0xF7DF, 0xFFDF, 0xFFDF,
  0xFFDF, 0xFFDF, 0xF7DF, 0xF7DF, 0xFFDF, 0xF7DF, 0xF7DF, 0xF7DF, 0xFFDF, 0xF7DF, 0xFFDF, 0xF7DF,
  0xFFDF, 0xFFDF, 0xFFDF, 0xFFDF, 0xFFDF, 0xFFDF, 0xF7DF, 0xF7DF, 0xF7DF, 0xFFDF, 0xF7DF, 0xFFDF,
  0xFFDF, 0xFFDF, 0xFFDF, 0xF7DF, 0xF7DF, 0xF7DF, 0xF7DF, 0xFFDF, 0xF7DF, 0xFFDF, 0xFFDF, 0xFFDF,
  0xFFDF, 0xFFDF, 0xFFDF, 0xFFDF, 0xFFDF, 0xF7DF, 0xF7DF, 0xFFDF, 0xFFDF, 0xFFDF, 0xF7DF, 0xF7DF,
  0xFFDF, 0xF7DF, 0xF7DF, 0xF7DF, 0xFFDF, 0xFFDF, 0xFFDF, 0xF7DF, 0xF7DF, 0xF7DF, 0xF7DF, 0xF7DF,
  0xFFDF, 0xF7DF, 0xF7DF, 0xFFDF, 0xF7DF, 0xF7DF, 0xFFDF, 0xFFDF, 0xFFDF, 0xFFDF, 0xF7DF, 0xF7DF,
  0xECE3, 0xECE3, 0xECE3, 0xECE3, 0xECE3, 0xECE3, 0xECE3, 0xECE3, 0xECE3, 0xECE3, 0xECE3, 0xECE3,
  0xECE3, 0xECE3, 0xECC2, 0xED67, 0xFF38, 0xFFFF, 0xFFFF, 0xFFFF, 0xFFFF, 0xFFFF, 0xFFFF, 0xFFFF,
  0xFFFF, 0xFFFF, 0xFFFF, 0xFFFF, 0xFFFF, 0xFFFF, 0xFFFF, 0xFFFF, 0xFFFF, 0xFFFF, 0xFFFF, 0xFFFF,
  0xFFFF, 0xFFFF, 0xFFFF, 0xFFFF, 0xFFFF, 0xFFFF, 0xFFFF, 0xFFFF, 0xFFFF, 0xFFFF, 0xFFFF, 0xFFFF,
  0xFFFF, 0xFFFF, 0xFFFF, 0xFFFF, 0xFFFF, 0xFFFF, 0xFFFF, 0xFFFF, 0xFFFF, 0xFFFF, 0xFFFF, 0xFFFF,
  0xFFFF, 0xFFFF, 0xFFFF, 0xF6F5, 0xED05, 0xECC2, 0xECE4, 0xECE3, 0xECE3, 0xECE3, 0xECE3, 0xECE3,
  0xECE3, 0xECE3, 0xECE3, 0xECE3, 0xECE3, 0xECE3, 0xECC2, 0xED68, 0xFFDF, 0xF7DF, 0xF7DF, 0xF7DF,
  0xFFDF, 0xFFDF, 0xF7DF, 0xFFDF, 0xFFDF, 0xFFDF, 0xF7DF, 0xF7DF, 0xF7DF, 0xF7DF, 0xFFDF, 0xFFDF,
  0xF7DF, 0xFFDF, 0xF7DF, 0xF7DF, 0xFFDF, 0xFFDF, 0xFFDF, 0xF7DF, 0xF7DF, 0xF7DF, 0xFFDF, 0xFFDF,
  0xF7DF, 0xFFDF, 0xF7DF, 0xFFDF, 0xF7DF, 0xF7DF, 0xFFDF, 0xF7DF, 0xFFDF, 0xF7DF, 0xF7DF, 0xFFDF,
  0xFFDF, 0xF7DF, 0xF7DF, 0xF7DF, 0xF7DF, 0xFFDF, 0xFFDF, 0xFFDF, 0xF7DF, 0xF7DF, 0xFFDF, 0xF7DF,
  0xF7DF, 0xF7DF, 0xFFDF, 0xF7DF, 0xF7DF, 0xF7DF, 0xFFDF, 0xF7DF, 0xFFDF, 0xF7DF, 0xFFDF, 0xF7DF,
  0xFFDF, 0xF7DF, 0xFFDF, 0xFFDF, 0xF7DF, 0xFFDF, 0xF7DF, 0xFFDF, 0xFFDF, 0xF7DF, 0xF7DF, 0xFFDF,
  0xFFDF, 0xFFDF, 0xF7DF, 0xFFDF, 0xFFDF, 0xFFDF, 0xF7DF, 0xF7DF, 0xFFDF, 0xF7DF, 0xF7DF, 0xFFDF,
  0xFFDF, 0xF7DF, 0xFFDF, 0xFFDF, 0xFFDF, 0xF7DF, 0xF7DF, 0xFFDF, 0xFFDF, 0xFFDF, 0xF7DF, 0xFFDF,
  0xF7DF, 0xF7DF, 0xF7DF, 0xF7DF, 0xFFDF, 0xF7DF, 0xFFDF, 0xF7DF, 0xF7DF, 0xFFDF, 0xFFDF, 0xFFDF,
  0xFFDF, 0xF7DF, 0xF7DF, 0xF7DF, 0xF7DF, 0xF7DF, 0xFFDF, 0xFFDF, 0xFFDF, 0xF7DF, 0xF7DF, 0xF7DF,
  0xFFDF, 0xFFDF, 0xF7DF, 0xFFDF, 0xFFDF, 0xFFDF, 0xF7DF, 0xFFDF, 0xF7DF, 0xFFDF, 0xFFDF, 0xF7DF,
  0xF7DF, 0xF7DF, 0xFFDF, 0xF7DF, 0xFFDF, 0xF7DF, 0xFFDF, 0xFFDF, 0xF7DF, 0xF7DF, 0xFFDF, 0xFFDF,
  0xFFDF, 0xFFDF, 0xF7DF, 0xF7DF, 0xF7DF, 0xFFDF, 0xF7DF, 0xF7DF, 0xFFDF, 0xFFDF, 0xF7DF, 0xFFDF,
  0xECE3, 0xECE3, 0xECE3, 0xECE3, 0xECE3, 0xECE3, 0xECE3, 0xECE3, 0xECE3, 0xECE3, 0xECE3, 0xECE3,
  0xECE3, 0xECE3, 0xECE4, 0xECC2, 0xECC2, 0xF62E, 0xFFDE, 0xFFFF, 0xFFFF, 0xFFFF, 0xFFFF, 0xFFFF,
  0xFFFF, 0xFFFF, 0xFFFF, 0xFFFF, 0xFFFF, 0xFFFF, 0xFFFF, 0xFFFF, 0xFFFF, 0xFFFF, 0xFFFF, 0xFFFF,
  0xFFFF, 0xFFFF, 0xFFFF, 0xFFFF, 0xFFFF, 0xFFFF, 0xFFFF, 0xFFFF, 0xFFFF, 0xFFFF, 0xFFFF, 0xFFFF,
  0xFFFF, 0xFFFF, 0xFFFF, 0xFFFF, 0xFFFF, 0xFFFF, 0xFFFF, 0xFFFF, 0xFFFF, 0xFFFF, 0xFFFF, 0xFFFF,
  0xFFFF, 0xFFBD, 0xF5EC, 0xECC2, 0xECE3, 0xECE4, 0xECE3, 0xECE3, 0xECE3, 0xECE3, 0xECE3, 0xECE3,
  0xECE3, 0xECE3, 0xECE3, 0xECE3, 0xECE3, 0xED04, 0xECC2, 0xED68, 0xF7DF, 0xF7DF, 0xF7DF, 0xF7DF,
  0xF7DF, 0xFFDF, 0xFFDF, 0xFFDF, 0xFFDF, 0xF7DF, 0xFFDF, 0xFFDF, 0xFFDF, 0xFFDF, 0xF7DF, 0xFFDF,
  0xFFDF, 0xFFDF, 0xFFDF, 0xFFDF, 0xFFDF, 0xFFDF, 0xF7DF, 0xF7DF, 0xFFDF, 0xF7DF, 0xFFDF, 0xFFDF,
  0xFFDF, 0xF7DF, 0xFFDF, 0xF7DF, 0xF7DF, 0xF7DF, 0xF7DF, 0xFFDF, 0xFFDF, 0xFFDF, 0xF7DF, 0xFFDF,
  0xF7DF, 0xF7DF, 0xF7DF, 0xFFDF, 0xF7DF, 0xF7DF, 0xF7DF, 0xF7DF, 0xF7DF, 0xFFDF, 0xFFDF, 0xFFDF,
  0xFFDF, 0xF7DF, 0xF7DF, 0xF7DF, 0xF7DF, 0xF7DF, 0xFFDF, 0xF7DF, 0xFFDF, 0xF7DF, 0xF7DF, 0xF7DF,
  0xF7DF, 0xFFDF, 0xFFDF, 0xF7DF, 0xF7DF, 0xFFDF, 0xFFDF, 0xF7DF, 0xF7DF, 0xF7DF, 0xFFDF, 0xFFDF,
  0xFFDF, 0xF7DF, 0xF7DF, 0xF7DF, 0xF7DF, 0xFFDF, 0xFFDF, 0xFFDF, 0xFFDF, 0xFFDF, 0xFFDF, 0xF7DF,
  0xF7DF, 0xF7DF, 0xFFDF, 0xFFDF, 0xFFDF, 0xFFDF, 0xFFDF, 0xF7DF, 0xFFDF, 0xFFDF, 0xFFDF, 0xFFDF,
  0xF7DF, 0xF7DF, 0xFFDF, 0xFFDF, 0xF7DF, 0xFFDF, 0xFFDF, 0xFFDF, 0xF7DF, 0xFFDF, 0xFFDF, 0xF7DF,
  0xF7DF, 0xF7DF, 0xFFDF, 0xF7DF, 0xFFDF, 0xFFDF, 0xFFDF, 0xFFDF, 0xF7DF, 0xFFDF, 0xF7DF, 0xF7DF,
  0xF7DF, 0xFFDF, 0xFFDF, 0xF7DF, 0xFFDF, 0xFFDF, 0xFFDF, 0xFFDF, 0xF7DF, 0xF7DF, 0xFFDF, 0xFFDF,
  0xF7DF, 0xF7DF, 0xFFDF, 0xFFDF, 0xF7DF, 0xFFDF, 0xF7DF, 0xFFDF, 0xFFDF, 0xF7DF, 0xFFDF, 0xFFDF,
  0xF7DF, 0xF7DF, 0xF7DF, 0xF7DF, 0xFFDF, 0xFFDF, 0xF7DF, 0xFFDF, 0xF7DF, 0xF7DF, 0xF7DF, 0xFFDF,
  0xECE3, 0xECE3, 0xECE3, 0xECE3, 0xECE3, 0xECE3, 0xECE3, 0xECE3, 0xECE3, 0xECE3, 0xECE3, 0xECE3,
  0xECE3, 0xECE3, 0xECE3, 0xECE3, 0xED04, 0xECC2, 0xED67, 0xFF38, 0xFFFF, 0xFFFF, 0xFFFF, 0xFFFF,
  0xFFFF, 0xFFFF, 0xFFFF, 0xFFFF, 0xFFFF, 0xFFFF, 0xFFFF, 0xFFFF, 0xFFFF, 0xFFFF, 0xFFFF, 0xFFFF,
  0xFFFF, 0xFFFF, 0xFFFF, 0xFFFF, 0xFFFF, 0xFFFF, 0xFFFF, 0xFFFF, 0xFFFF, 0xFFFF, 0xFFFF, 0xFFFF,
  0xFFFF, 0xFFFF, 0xFFFF, 0xFFFF, 0xFFFF, 0xFFFF, 0xFFFF, 0xFFFF, 0xFFFF, 0xFFFF, 0xFFFF, 0xFFFF,
  0xFEF6, 0xED25, 0xECA1, 0xECE4, 0xECE3, 0xECE3, 0xECE3, 0xECE3, 0xECE3, 0xECE3, 0xECE3, 0xECE3,
  0xECE3, 0xECE3, 0xECE3, 0xECE3, 0xECE3, 0xECE3, 0xECC2, 0xED68, 0xF7BE, 0xF7BE, 0xF7BF, 0xF7BF,
  0xF7BF, 0xF7BF, 0xF7BE, 0xF7BF, 0xF7BE, 0xF7BE, 0xF7BE, 0xF7BF, 0xF7BF, 0xF7BF, 0xF7BF, 0xF7BF,
  0xF7BF, 0xF7BF, 0xF7BF, 0xF7BF, 0xF7BF, 0xF7BF, 0xF7BF, 0xF7BF, 0xF7BF, 0xF7BF, 0xF7BF, 0xF7BF,
  0xF7BF, 0xF7BF, 0xF7BE, 0xF7BF, 0xF7BF, 0xF7BF, 0xF7BF, 0xF7BF, 0xF7BF, 0xF7BF, 0xF7BF, 0xF7BF,
  0xF7BF, 0xF7BE, 0xF7BF, 0xF7BF, 0xF7BF, 0xF7BF, 0xF7BF, 0xF7BE, 0xF7BF, 0xF7BF, 0xF7BF, 0xF7BF,
  0xF7BE, 0xF7BF, 0xF7BF, 0xF7BE, 0xF7BE, 0xF7BE, 0xF7BF, 0xF7BF, 0xF7BE, 0xF7BE, 0xF7BE, 0xF7BE,
  0xF7BF, 0xF7BE, 0xF7BF, 0xF7BF, 0xF7BF, 0xF7BF, 0xF7BF, 0xF7BF, 0xF7BF, 0xF7BF, 0xF7BF, 0xF7BF,
  0xF7BF, 0xF7BF, 0xF7BF, 0xF7BF, 0xF7BF, 0xF7BE, 0xF7BE, 0xF7BF, 0xF7BF, 0xF7BF, 0xF7BF, 0xF7BF,
  0xF7BF, 0xF7BF, 0xF7BF, 0xF7BE, 0xF7BF, 0xF7BF, 0xF7BF, 0xF7BF, 0xF7BE, 0xF7BE, 0xF7BF, 0xF7BF,
  0xF7BF, 0xF7BF, 0xF7BF, 0xF7BF, 0xF7BF, 0xF7BF, 0xF7BE, 0xF7BF, 0xF7BF, 0xF7BF, 0xF7BF, 0xF7BF,
  0xF7BF, 0xF7BF, 0xF7BF, 0xF7BF, 0xF7BF, 0xF7BF, 0xF7BE, 0xF7BE, 0xF7BF, 0xF7BF, 0xF7BF, 0xF7BF,
  0xF7BF, 0xF7BF, 0xF7BF, 0xF7BF, 0xF7BF, 0xF7BF, 0xF7BF, 0xF7BF, 0xF7BF, 0xF7BF, 0xF7BE, 0xF7BE,
  0xF7BF, 0xF7BE, 0xF7BF, 0xF7BF, 0xF7BF, 0xF7BF, 0xF7BE, 0xF7BF, 0xF7BF, 0xF7BF, 0xF7BF, 0xF7BF,
  0xF7BF, 0xF7BF, 0xF7BF, 0xF7BF, 0xF7BF, 0xF7BF, 0xF7BF, 0xF7BF, 0xF7BF, 0xF7BE, 0xF7BF, 0xF7BF,
  0xECE3, 0xECE3, 0xECE3, 0xECE3, 0xECE3, 0xECE3, 0xECE3, 0xECE3, 0xECE3, 0xECE3, 0xECE3, 0xECE3,
  0xECE3, 0xECE3, 0xECE3, 0xECE3, 0xECE3, 0xED04, 0xECE2, 0xECE2, 0xF64F, 0xFFFF, 0xFFFF, 0xFFFF,
  0xFFFF, 0xFFFF, 0xFFFF, 0xFFFF, 0xFFFF, 0xFFFF, 0xFFFF, 0xFFFF, 0xFFFF, 0xFFFF, 0xFFFF, 0xFFFF,
  0xFFFF, 0xFFFF, 0xFFFF, 0xFFFF, 0xFFFF, 0xFFFF, 0xFFFF, 0xFFFF, 0xFFFF, 0xFFFF, 0xFFFF, 0xFFFF,
  0xFFFF, 0xFFFF, 0xFFFF, 0xFFFF, 0xFFFF, 0xFFFF, 0xFFFF, 0xFFFF, 0xFFFF, 0xFFFF, 0xFFBD, 0xF60D,
  0xECC2, 0xECC3, 0xECE4, 0xECE3, 0xECE3, 0xECE3, 0xECE3, 0xECE3, 0xECE3, 0xECE3, 0xECE3, 0xECE3,
  0xECE3, 0xECE3, 0xECE3, 0xECE3, 0xECE3, 0xECE3, 0xECC2, 0xF589, 0xFFFF, 0xFFFF, 0xFFFF, 0xFFFF,
  0xFFFF, 0xFFFF, 0xFFFF, 0xFFFF, 0xFFFF, 0xFFFF, 0xFFFF, 0xFFFF, 0xFFFF, 0xFFFF, 0xFFFF, 0xFFFF,
  0xFFFF, 0xFFFF, 0xFFFF, 0xFFFF, 0xFFFF, 0xFFFF, 0xFFFF, 0xFFFF, 0xFFFF, 0xFFFF, 0xFFFF, 0xFFFF,
  0xFFFF, 0xFFFF, 0xFFFF, 0xFFFF, 0xFFFF, 0xFFFF, 0xFFFF, 0xFFFF, 0xFFFF, 0xFFFF, 0xFFFF, 0xFFFF,
  0xFFFF, 0xFFFF, 0xFFFF, 0xFFFF, 0xFFFF, 0xFFFF, 0xFFFF, 0xFFFF, 0xFFFF, 0xFFFF, 0xFFFF, 0xFFFF,
  0xFFFF, 0xFFFF, 0xFFFF, 0xFFFF, 0xFFFF, 0xFFFF, 0xFFFF, 0xFFFF, 0xFFFF, 0xFFFF, 0xFFFF, 0xFFFF,
  0xFFFF, 0xFFFF, 0xFFFF, 0xFFFF, 0xFFFF, 0xFFFF, 0xFFFF, 0xFFFF, 0xFFFF, 0xFFFF, 0xFFFF, 0xFFFF,
  0xFFFF, 0xFFFF, 0xFFFF, 0xFFFF, 0xFFFF, 0xFFFF, 0xFFFF, 0xFFFF, 0xFFFF, 0xFFFF, 0xFFFF, 0xFFFF,
  0xFFFF, 0xFFFF, 0xFFFF, 0xFFFF, 0xFFFF, 0xFFFF, 0xFFFF, 0xFFFF, 0xFFFF, 0xFFFF, 0xFFFF, 0xFFFF,
  0xFFFF, 0xFFFF, 0xFFFF, 0xFFFF, 0xFFFF, 0xFFFF, 0xFFFF, 0xFFFF, 0xFFFF, 0xFFFF, 0xFFFF, 0xFFFF,
  0xFFFF, 0xFFFF, 0xFFFF, 0xFFFF, 0xFFFF, 0xFFFF, 0xFFFF, 0xFFFF, 0xFFFF, 0xFFFF, 0xFFFF, 0xFFFF,
  0xFFFF, 0xFFFF, 0xFFFF, 0xFFFF, 0xFFFF, 0xFFFF, 0xFFFF, 0xFFFF, 0xFFFF, 0xFFFF, 0xFFFF, 0xFFFF,
  0xFFFF, 0xFFFF, 0xFFFF, 0xFFFF, 0xFFFF, 0xFFFF, 0xFFFF, 0xFFFF, 0xFFFF, 0xFFFF, 0xFFFF, 0xFFFF,
  0xFFFF, 0xFFFF, 0xFFFF, 0xFFFF, 0xFFFF, 0xFFFF, 0xFFFF, 0xFFFF, 0xFFFF, 0xFFFF, 0xFFFF, 0xFFFF,
  0xECE3, 0xECE3, 0xECE3, 0xECE3, 0xECE3, 0xECE3, 0xECE3, 0xECE3, 0xECE3, 0xECE3, 0xECE3, 0xECE3,
  0xECE3, 0xECE3, 0xECE3, 0xECE3, 0xECE3, 0xECE3, 0xECE4, 0xED04, 0xECC1, 0xED67, 0xFF38, 0xFFFF,
  0xFFFF, 0xFFFF, 0xFFFF, 0xFFFF, 0xFFFF, 0xFFFF, 0xFFFF, 0xFFFF, 0xFFFF, 0xFFFF, 0xFFFF, 0xFFFF,
  0xFFFF, 0xFFFF, 0xFFFF, 0xFFFF, 0xFFFF, 0xFFFF, 0xFFFF, 0xFFFF, 0xFFFF, 0xFFFF, 0xFFFF, 0xFFFF,
  0xFFFF, 0xFFFF, 0xFFFF, 0xFFFF, 0xFFFF, 0xFFFF, 0xFFFF, 0xFFFF, 0xFFFF, 0xFF16, 0xED25, 0xECA1,
  0xECE4, 0xECE3, 0xECE3, 0xECE3, 0xECE3, 0xECE3, 0xECE3, 0xECE3, 0xECE3, 0xECE3, 0xECE3, 0xECE3,
  0xECE3, 0xECE3, 0xECE3, 0xECE3, 0xECE3, 0xECE3, 0xF503, 0xDCE6, 0x9492, 0x9492, 0x9471, 0x8C71,
  0x8C71, 0x9471, 0x9471, 0x9471, 0x9471, 0x9471, 0x9471, 0x9471, 0x9471, 0x9471, 0x9471, 0x9471,
  0x9471, 0x9471, 0x9471, 0x9471, 0x9471, 0x9471, 0x8C71, 0x8C71, 0x9471, 0x9471, 0x9471, 0x9472,
  0x9472, 0x9471, 0x9471, 0x9471, 0x9472, 0x9471, 0x9471, 0x9471, 0x9471, 0x9471, 0x8C71, 0x9471,
  0x9472, 0x9472, 0x9471, 0x8C71, 0x8C71, 0x9472, 0x9472, 0x9471, 0x9471, 0x9471, 0x9471, 0x8C71,
  0x8C71, 0x9471, 0x9472, 0x9471, 0x9471, 0x9471, 0x9472, 0x8C71, 0x9471, 0x9472, 0x9471, 0x9471,
  0x9471, 0x9471, 0x9471, 0x9471, 0x9471, 0x9471, 0x8C71, 0x9471, 0x9471, 0x8C71, 0x8C71, 0x9471,
  0x9471, 0x9471, 0x9471, 0x9472, 0x9472, 0x9471, 0x9471, 0x8C71, 0x8C71, 0x9471, 0x9472, 0x9472,
  0x9472, 0x9472, 0x9471, 0x9471, 0x9471, 0x9471, 0x8C71, 0x8C71, 0x8C71, 0x9471, 0x9472, 0x9471,
  0x9471, 0x8C71, 0x8C71, 0x8C71, 0x8C71, 0x8C71, 0x8C71, 0x8C71, 0x9471, 0x9471, 0x9472, 0x9472,
  0x9471, 0x8C71, 0x8C71, 0x8C71, 0x8C71, 0x8C71, 0x9471, 0x9471, 0x9471, 0x9471, 0x9471, 0x9471,
  0x9471, 0x9471, 0x9471, 0x9472, 0x9472, 0x9472, 0x9472, 0x9472, 0x9471, 0x9472, 0x9471, 0x8C71,
  0x8C71, 0x9471, 0x9472, 0x9471, 0x9471, 0x9471, 0x9471, 0x8C71, 0x9471, 0x9471, 0x9471, 0x9471,
  0x9472, 0x9472, 0x9471, 0x9471, 0x9471, 0x8C71, 0x9471, 0x9471, 0x9472, 0x9492, 0x9471, 0x9471,
  0xECE3, 0xECE3, 0xECE3, 0xECE3, 0xECE3, 0xECE3, 0xECE3, 0xECE3, 0xECE3, 0xECE3, 0xECE3, 0xECE3,
  0xECE3, 0xECE3, 0xECE3, 0xECE3, 0xECE3, 0xECE3, 0xECE3, 0xECE3, 0xED04, 0xECE2, 0xECC3, 0xF650,
  0xFFFF, 0xFFFF, 0xFFFF, 0xFFFF, 0xFFFF, 0xFFFF, 0xFFFF, 0xFFFF, 0xFFFF, 0xFFFF, 0xFFFF, 0xFFFF,
  0xFFFF, 0xFFFF, 0xFFFF, 0xFFFF, 0xFFFF, 0xFFFF, 0xFFFF, 0xFFFF, 0xFFFF, 0xFFFF, 0xFFFF, 0xFFFF,
  0xFFFF, 0xFFFF, 0xFFFF, 0xFFFF, 0xFFFF, 0xFFFF, 0xFFFF, 0xFFDE, 0xF60D, 0xECC2, 0xECE3, 0xECE4,
  0xECE3, 0xECE3, 0xECE3, 0xECE3, 0xECE3, 0xECE3, 0xECE3, 0xECE3, 0xECE3, 0xECE3, 0xECE3, 0xECE3,
  0xECE3, 0xECE3, 0xECE3, 0xECE3, 0xECE3, 0xECE3, 0xF523, 0xCC23, 0x1062, 0x1061, 0x1082, 0x1082,
  0x1082, 0x1082, 0x1082, 0x1082, 0x1082, 0x1082, 0x1082, 0x1082, 0x1082, 0x1082, 0x1082, 0x1082,
  0x1082, 0x1082, 0x1082, 0x1082, 0x1082, 0x1082, 0x1082, 0x1082, 0x1082, 0x1082, 0x1082, 0x1082,
  0x1082, 0x1082, 0x1082, 0x1082, 0x1082, 0x1082, 0x1082, 0x1082, 0x1082, 0x1082, 0x1082, 0x1082,
  0x1082, 0x1082, 0x1082, 0x1082, 0x1082, 0x1082, 0x1082, 0x1082, 0x1082, 0x1082, 0x1082, 0x1082,
  0x1082, 0x1082, 0x1082, 0x1082, 0x1082, 0x1082, 0x1082, 0x1082, 0x1082, 0x1082, 0x1082, 0x1082,
  0x1082, 0x1082, 0x1082, 0x1082, 0x1082, 0x1082, 0x1082, 0x1082, 0x1082, 0x1082, 0x1082, 0x1082,
  0x1082, 0x1082, 0x1082, 0x1082, 0x1082, 0x1082, 0x1082, 0x1082, 0x1082, 0x1082, 0x1082, 0x1082,
  0x1082, 0x1082, 0x1082, 0x1082, 0x1082, 0x1082, 0x1082, 0x1082, 0x1082, 0x1082, 0x1082, 0x1082,
  0x1082, 0x1082, 0x1061, 0x1061, 0x1082, 0x1082, 0x1082, 0x1082, 0x1082, 0x1082, 0x1082, 0x1082,
  0x1082, 0x1082, 0x1082, 0x1082, 0x1082, 0x1082, 0x1082, 0x1082, 0x1082, 0x1082, 0x1082, 0x1082,
  0x1082, 0x1082, 0x1082, 0x1082, 0x1082, 0x1082, 0x1082, 0x1082, 0x1082, 0x1082, 0x1082, 0x1082,
  0x1082, 0x1082, 0x1082, 0x1082, 0x1082, 0x1082, 0x1082, 0x1082, 0x1082, 0x1082, 0x1082, 0x1082,
  0x1082, 0x1082, 0x1082, 0x1082, 0x1082, 0x1082, 0x1082, 0x1082, 0x1082, 0x1082, 0x1082, 0x1082,
  0xECE3, 0xECE3, 0xECE3, 0xECE3, 0xECE3, 0xECE3, 0xECE3, 0xECE3, 0xECE3, 0xECE3, 0xECE3, 0xECE3,
  0xECE3, 0xECE3, 0xECE3, 0xECE3, 0xECE3, 0xECE3, 0xECE3, 0xECE3, 0xECE3, 0xECE4, 0xECE3, 0xECA1,
  0xF568, 0xFF59, 0xFFFF, 0xFFFF, 0xFFFF, 0xFFFF, 0xFFFF, 0xFFFF, 0xFFFF, 0xFFFF, 0xFFFF, 0xFFFF,
  0xFFFF, 0xFFFF, 0xFFFF, 0xFFFF, 0xFFFF, 0xFFFF, 0xFFFF, 0xFFFF, 0xFFFF, 0xFFFF, 0xFFFF, 0xFFFF,
  0xFFFF, 0xFFFF, 0xFFFF, 0xFFFF, 0xFFFF, 0xFFFF, 0xFF16, 0xED46, 0xECC2, 0xECE4, 0xECE4, 0xECE3,
  0xECE3, 0xECE3, 0xECE3, 0xECE3, 0xECE3, 0xECE3, 0xECE3, 0xECE3, 0xECE3, 0xECE3, 0xECE3, 0xECE3,
  0xECE3, 0xECE3, 0xECE3, 0xECE3, 0xECE3, 0xECE3, 0xF503, 0xCC23, 0x2104, 0x2104, 0x2104, 0x2104,
  0x2104, 0x2104, 0x2124, 0x2104, 0x2104, 0x2104, 0x2104, 0x2124, 0x2104, 0x2104, 0x2104, 0x2104,
  0x2104, 0x2104, 0x2104, 0x2104, 0x2104, 0x2104, 0x2104, 0x2104, 0x2104, 0x2104, 0x2104, 0x2104,
  0x2104, 0x2104, 0x2104, 0x2104, 0x2104, 0x2104, 0x2104, 0x2104, 0x2104, 0x2104, 0x2104, 0x2104,
  0x2104, 0x2104, 0x2104, 0x2104, 0x2104, 0x2104, 0x2104, 0x2104, 0x2104, 0x2104, 0x2104, 0x2104,
  0x2104, 0x2104, 0x2104, 0x2104, 0x2104, 0x2104, 0x2104, 0x2104, 0x2104, 0x2104, 0x2104, 0x2104,
  0x2104, 0x2104, 0x2104, 0x2104, 0x2104, 0x2104, 0x2104, 0x2104, 0x2104, 0x2104, 0x2104, 0x2104,
  0x2104, 0x2104, 0x2104, 0x2104, 0x2104, 0x2104, 0x2104, 0x2104, 0x2104, 0x2104, 0x2104, 0x2104,
  0x2104, 0x2104, 0x2104, 0x2104, 0x2104, 0x2104, 0x2104, 0x2104, 0x2104, 0x2104, 0x2104, 0x2104,
  0x2104, 0x2104, 0x2104, 0x2104, 0x2104, 0x2104, 0x2104, 0x2104, 0x2104, 0x2104, 0x2104, 0x2104,
  0x2104, 0x2104, 0x2104, 0x2104, 0x2104, 0x2104, 0x2104, 0x2104, 0x2104, 0x2104, 0x2104, 0x2104,
  0x2104, 0x2104, 0x2104, 0x2104, 0x2104, 0x2104, 0x2104, 0x2104, 0x2104, 0x2124, 0x2104, 0x2104,
  0x2104, 0x2104, 0x2104, 0x2104, 0x2104, 0x2104, 0x2104, 0x2104, 0x2104, 0x2104, 0x2104, 0x2104,
  0x2104, 0x2104, 0x2104, 0x2104, 0x2104, 0x2104, 0x2104, 0x2104, 0x2104, 0x2104, 0x2124, 0x2104,
  0xECE3, 0xECE3, 0xECE3, 0xECE3, 0xECE3, 0xECE3, 0xECE3, 0xECE3, 0xECE3, 0xECE3, 0xECE3, 0xECE3,
  0xECE3, 0xECE3, 0xECE3, 0xECE3, 0xECE3, 0xECE3, 0xECE3, 0xECE3, 0xECE3, 0xECE3, 0xECE3, 0xED04,
  0xECC2, 0xECE3, 0xF650, 0xFFFF, 0xFFFF, 0xFFFF, 0xFFFF, 0xFFFF, 0xFFFF, 0xFFFF, 0xFFFF, 0xFFFF,
  0xFFFF, 0xFFFF, 0xFFFF, 0xFFFF, 0xFFFF, 0xFFFF, 0xFFFF, 0xFFFF, 0xFFFF, 0xFFFF, 0xFFFF, 0xFFFF,
  0xFFFF, 0xFFFF, 0xFFFF, 0xFFFF, 0xFFDE, 0xF60E, 0xECC2, 0xECE3, 0xED04, 0xECE3, 0xECE3, 0xECE3,
  0xECE3, 0xECE3, 0xECE3, 0xECE3, 0xECE3, 0xECE3, 0xECE3, 0xECE3, 0xECE3, 0xECE3, 0xECE3, 0xECE3,
  0xECE3, 0xECE3, 0xECE3, 0xECE3, 0xECE3, 0xECE3, 0xF503, 0xCC23, 0x2104, 0x2104, 0x2104, 0x20E4,
  0x20E3, 0x20E4, 0x2104, 0x2104, 0x2104, 0x2104, 0x20E4, 0x20E4, 0x2104, 0x2104, 0x2104, 0x20E4,
  0x2104, 0x20E3, 0x20E4, 0x20E4, 0x20E4, 0x2104, 0x20E3, 0x20E4, 0x20E3, 0x20E3, 0x20E3, 0x20E4,
  0x20E3, 0x20E4, 0x20E4, 0x20E4, 0x20E3, 0x20E3, 0x20E4, 0x20E4, 0x20E4, 0x2104, 0x20E4, 0x20E4,
  0x2104, 0x2104, 0x2104, 0x2104, 0x20E4, 0x20E4, 0x20E4, 0x20E3, 0x20E3, 0x20E3, 0x20E4, 0x20E3,
  0x20E4, 0x20E3, 0x20E4, 0x2104, 0x20E4, 0x20E4, 0x2104, 0x2104, 0x20E4, 0x2104, 0x2104, 0x2104,
  0x2104, 0x2104, 0x2104, 0x20E4, 0x20E4, 0x2104, 0x2104, 0x20E4, 0x20E4, 0x2104, 0x20E4, 0x20E4,
  0x20E4, 0x20E4, 0x20E4, 0x20E4, 0x2104, 0x20E4, 0x20E4, 0x20E4, 0x20E4, 0x20E3, 0x20E3, 0x20E3,
  0x20E3, 0x20E4, 0x20E4, 0x20E3, 0x20E4, 0x20E3, 0x20E4, 0x20E3, 0x20E4, 0x20E4, 0x20E3, 0x20E4,
  0x20E3, 0x20E4, 0x2104, 0x2104, 0x2104, 0x20E4, 0x20E4, 0x2104, 0x2104, 0x2104, 0x20E4, 0x2104,
  0x2104, 0x20E4, 0x20E4, 0x2104, 0x2104, 0x2104, 0x20E4, 0x2104, 0x20E4, 0x20E4, 0x2104, 0x2104,
  0x20E4, 0x20E4, 0x2104, 0x2104, 0x2104, 0x20E4, 0x20E4, 0x2104, 0x2104, 0x2104, 0x2104, 0x20E4,
  0x2104, 0x20E4, 0x20E4, 0x20E4, 0x20E3, 0x2104, 0x2104, 0x20E4, 0x20E4, 0x2104, 0x20E4, 0x20E4,
  0x20E4, 0x2104, 0x2104, 0x2104, 0x20E4, 0x20E4, 0x20E4, 0x20E4, 0x2104, 0x2104, 0x2104, 0x20E4,
  0xECE3, 0xECE3, 0xECE3, 0xECE3, 0xECE3, 0xECE3, 0xECE3, 0xECE3, 0xECE3, 0xECE3, 0xECE3, 0xECE3,
  0xECE3, 0xECE3, 0xECE3, 0xECE3, 0xECE3, 0xECE3, 0xECE3, 0xECE3, 0xECE3, 0xECE3, 0xECE3, 0xECE3,
  0xECE4, 0xECE3, 0xECA1, 0xED68, 0xFF39, 0xFFFF, 0xFFFF, 0xFFFF, 0xFFFF, 0xFFFF, 0xFFFF, 0xFFFF,
  0xFFFF, 0xFFFF, 0xFFFF, 0xFFFF, 0xFFFF, 0xFFFF, 0xFFFF, 0xFFFF, 0xFFFF, 0xFFFF, 0xFFFF, 0xFFFF,
  0xFFFF, 0xFFFF, 0xFFFF, 0xFF17, 0xED26, 0xECA2, 0xECE4, 0xECE3, 0xECE3, 0xECE3, 0xECE3, 0xECE3,
  0xECE3, 0xECE3, 0xECE3, 0xECE3, 0xECE3, 0xECE3, 0xECE3, 0xECE3, 0xECE3, 0xECE3, 0xECE3, 0xECE3,
  0xECE3, 0xECE3, 0xECE3, 0xECE3, 0xECE3, 0xECE3, 0xF503, 0xCC43, 0x20E4, 0x20E3, 0x20E3, 0x20E3,
  0x20E4, 0x2104, 0x2104, 0x2104, 0x2104, 0x2104, 0x20E4, 0x2104, 0x20E4, 0x20E4, 0x20E4, 0x2104,
  0x20E4, 0x20E4, 0x20E3, 0x20E3, 0x20E4, 0x20E3, 0x20E4, 0x20E4, 0x20E3, 0x20E3, 0x20E4, 0x20E3,
  0x20E3, 0x20E4, 0x20E3, 0x20E3, 0x20E4, 0x20E3, 0x20E4, 0x20E4, 0x20E4, 0x20E3, 0x20E3, 0x20E4,
  0x2104, 0x2104, 0x2104, 0x2104, 0x20E4, 0x20E4, 0x20E4, 0x20E4, 0x20E3, 0x20E3, 0x20E3, 0x20E3,
  0x20E3, 0x20E3, 0x20E4, 0x20E4, 0x20E4, 0x20E4, 0x20E4, 0x2104, 0x20E4, 0x2104, 0x2104, 0x2104,
  0x2104, 0x2104, 0x2104, 0x2103, 0x20E3, 0x2103, 0x20E4, 0x20E4, 0x20E4, 0x20E4, 0x20E4, 0x20E3,
  0x20E3, 0x20E4, 0x20E4, 0x2104, 0x20E4, 0x20E4, 0x20E3, 0x20E3, 0x20E3, 0x20E4, 0x20E3, 0x20E3,
  0x20E4, 0x20E4, 0x20E4, 0x20E4, 0x20E3, 0x20E3, 0x20E4, 0x20E4, 0x20E3, 0x2104, 0x20E4, 0x20E4,
  0x2104, 0x20E4, 0x20E4, 0x20E4, 0x20E3, 0x20E3, 0x2103, 0x20E4, 0x20E4, 0x20E4, 0x2104, 0x20E4,
  0x20E4, 0x20E3, 0x20E4, 0x2103, 0x20E4, 0x20E4, 0x20E4, 0x2104, 0x20E3, 0x2104, 0x20E4, 0x20E4,
  0x20E4, 0x20E4, 0x20E4, 0x2104, 0x20E4, 0x2104, 0x2104, 0x20E4, 0x20E4, 0x20E4, 0x20E4, 0x2104,
  0x2104, 0x20E3, 0x20E4, 0x20E3, 0x20E3, 0x20E3, 0x20E3, 0x2104, 0x2104, 0x20E3, 0x20E4, 0x2104,
  0x20E4, 0x2104, 0x2104, 0x20E4, 0x2103, 0x20E3, 0x20E4, 0x2104, 0x2104, 0x2104, 0x2104, 0x2104,
  0xECE3, 0xECE3, 0xECE3, 0xECE3, 0xECE3, 0xECE3, 0xECE3, 0xECE3, 0xECE3, 0xECE3, 0xECE3, 0xECE3,
  0xECE3, 0xECE3, 0xECE3, 0xECE3, 0xECE3, 0xECE3, 0xECE3, 0xECE3, 0xECE3, 0xECE3, 0xECE3, 0xECE3,
  0xECE3, 0xECE3, 0xED04, 0xECC2, 0xECE3, 0xF650, 0xFFDF, 0xFFFF, 0xFFFF, 0xFFFF, 0xFFFF, 0xFFFF,
  0xFFFF, 0xFFFF, 0xFFFF, 0xFFFF, 0xFFFF, 0xFFFF, 0xFFFF, 0xFFFF, 0xFFFF, 0xFFFF, 0xFFFF, 0xFFFF,
  0xFFFF, 0xFFDE, 0xF62E, 0xECC2, 0xECC2, 0xECE4, 0xECE3, 0xECE3, 0xECE3, 0xECE3, 0xECE3, 0xECE3,
  0xECE3, 0xECE3, 0xECE3, 0xECE3, 0xECE3, 0xECE3, 0xECE3, 0xECE3, 0xECE3, 0xECE3, 0xECE3, 0xECE3,
  0xECE3, 0xECE3, 0xECE3, 0xECE3, 0xECE3, 0xECE3, 0xF503, 0xCC43, 0x20E4, 0x20E3, 0x20E3, 0x20E3,
  0x20E4, 0x2104, 0x2104, 0x2104, 0x2104, 0x2104, 0x20E4, 0x2104, 0x2104, 0x20E4, 0x2104, 0x20E4,
  0x2103, 0x20E4, 0x20E3, 0x20E3, 0x20E3, 0x20E3, 0x20E3, 0x20E3, 0x20E3, 0x20E3, 0x20E3, 0x20E4,
  0x20E3, 0x20E3, 0x20E3, 0x20E3, 0x20E4, 0x20E4, 0x20E4, 0x20E3, 0x20E4, 0x20E4, 0x20E3, 0x20E4,
  0x20E4, 0x2104, 0x2104, 0x2104, 0x20E4, 0x20E4, 0x2104, 0x2104, 0x20E4, 0x20E3, 0x20E3, 0x20E3,
  0x20E3, 0x20E3, 0x20E3, 0x20E3, 0x20E4, 0x2104, 0x20E3, 0x20E4, 0x20E3, 0x20E3, 0x20E3, 0x20E3,
  0x2104, 0x2104, 0x2104, 0x2104, 0x20E4, 0x2104, 0x2104, 0x20E4, 0x20E4, 0x20E4, 0x20E3, 0x20E3,
  0x20E4, 0x20E4, 0x20E4, 0x2104, 0x20E4, 0x20E4, 0x20E3, 0x20E3, 0x20E3, 0x20E3, 0x20E3, 0x20E3,
  0x20E3, 0x20E3, 0x20E3, 0x20E3, 0x20E3, 0x20E3, 0x20E4, 0x20E3, 0x20E4, 0x2104, 0x20E4, 0x2104,
  0x20E3, 0x20E3, 0x20E3, 0x20E4, 0x20E3, 0x20E3, 0x20E4, 0x20E3, 0x20E4, 0x20E3, 0x20E4, 0x20E4,
  0x20E4, 0x20E4, 0x20E4, 0x20E3, 0x20E4, 0x20E3, 0x20E3, 0x2104, 0x20E4, 0x20E4, 0x20E3, 0x20E4,
  0x20E4, 0x20E3, 0x20E4, 0x20E4, 0x2104, 0x20E4, 0x20E4, 0x20E4, 0x2104, 0x20E3, 0x20E4, 0x20E3,
  0x20E4, 0x20E3, 0x20E4, 0x20E3, 0x20E3, 0x20E4, 0x20E3, 0x20E4, 0x20E4, 0x2104, 0x2104, 0x2104,
  0x2104, 0x2104, 0x2104, 0x2104, 0x2104, 0x2104, 0x2104, 0x20E4, 0x2104, 0x20E4, 0x20E4, 0x20E3,
  0xECE3, 0xECE3, 0xECE3, 0xECE3, 0xECE3, 0xECE3, 0xECE3, 0xECE3, 0xECE3, 0xECE3, 0xECE3, 0xECE3,
  0xECE3, 0xECE3, 0xECE3, 0xECE3, 0xECE3, 0xECE3, 0xECE3, 0xECE3, 0xECE3, 0xECE3, 0xECE3, 0xECE3,
  0xECE3, 0xECE3, 0xECE3, 0xECE4, 0xECC3, 0xECE4, 0xFFBD, 0xFFFF, 0xFFFF, 0xFFFF, 0xFFFF, 0xFFFF,
  0xFFFF, 0xFFFF, 0xFFFF, 0xFFFF, 0xFFFF, 0xFFFF, 0xFFFF, 0xFFFF, 0xFFFF, 0xFFFF, 0xFFFF, 0xFFFF,
  0xFFFF, 0xFF7B, 0xECC2, 0xECE3, 0xECE3, 0xECE3, 0xECE3, 0xECE3, 0xECE3, 0xECE3, 0xECE3, 0xECE3,
  0xECE3, 0xECE3, 0xECE3, 0xECE3, 0xECE3, 0xECE3, 0xECE3, 0xECE3, 0xECE3, 0xECE3, 0xECE3, 0xECE3,
  0xECE3, 0xECE3, 0xECE3, 0xECE3, 0xECE3, 0xECE3, 0xF503, 0xCC43, 0x20E4, 0x20E3, 0x20E3, 0x20E3,
  0x20E4, 0x20E4, 0x20E4, 0x2104, 0x2104, 0x2104, 0x20E3, 0x2104, 0x2104, 0x20E4, 0x2104, 0x20E4,
  0x20E3, 0x20E3, 0x20E4, 0x20E3, 0x20E3, 0x20E3, 0x20E3, 0x20E3, 0x20E3, 0x20E3, 0x20E4, 0x20E4,
  0x20E4, 0x20E3, 0x20E3, 0x20E3, 0x20E3, 0x2104, 0x20E4, 0x20E4, 0x20E3, 0x20E4, 0x20E3, 0x20E4,
  0x2104, 0x20E4, 0x20E3, 0x20E4, 0x20E4, 0x2104, 0x2104, 0x20E3, 0x20E4, 0x20E3, 0x20E3, 0x20E3,
  0x20E3, 0x20E3, 0x20E4, 0x20E4, 0x20E3, 0x20E4, 0x20E3, 0x20E3, 0x20E4, 0x2103, 0x20E4, 0x2104,
  0x20E4, 0x2104, 0x20E4, 0x2104, 0x2104, 0x20E4, 0x2104, 0x20E4, 0x20E4, 0x2104, 0x20E4, 0x20E4,
  0x20E4, 0x20E3, 0x20E3, 0x20E3, 0x2103, 0x20E4, 0x20E3, 0x20E3, 0x20E4, 0x20E3, 0x20E3, 0x20E4,
  0x20E3, 0x20E3, 0x20E4, 0x20E3, 0x20E4, 0x20E3, 0x20E4, 0x20E3, 0x20E4, 0x2103, 0x20E4, 0x2104,
  0x20E4, 0x20E3, 0x20E3, 0x20E3, 0x20E4, 0x20E3, 0x20E3, 0x20E4, 0x20E3, 0x20E3, 0x20E4, 0x20E3,
  0x20E3, 0x20E3, 0x20E4, 0x20E3, 0x20E4, 0x20E4, 0x20E4, 0x20E4, 0x2104, 0x20E3, 0x20E3, 0x20E3,
  0x20E4, 0x20E3, 0x20E3, 0x20E3, 0x20E4, 0x20E3, 0x20E4, 0x20E3, 0x20E4, 0x20E3, 0x20E3, 0x20E4,
  0x20E3, 0x20E3, 0x20E3, 0x20E3, 0x20E3, 0x20E4, 0x20E3, 0x20E3, 0x2104, 0x20E4, 0x20E4, 0x2104,
  0x2104, 0x2104, 0x2104, 0x2104, 0x20E4, 0x2104, 0x2104, 0x2104, 0x20E4, 0x2104, 0x20E4, 0x20E3,
  0xECE3, 0xECE3, 0xECE3, 0xECE3, 0xECE3, 0xECE3, 0xECE3, 0xECE3, 0xECE3, 0xECE3, 0xECE3, 0xECE3,
  0xECE3, 0xECE3, 0xECE3, 0xECE3, 0xECE3, 0xECE3, 0xECE3, 0xECE3, 0xECE3, 0xECE3, 0xECE3, 0xECE3,
  0xECE3, 0xECE3, 0xECE3, 0xECE4, 0xECC2, 0xF60E, 0xFFFF, 0xFFFF, 0xFFFF, 0xFFFF, 0xFFFF, 0xFFFF,
  0xFFFF, 0xFFFF, 0xFFFF, 0xFFFF, 0xFFFF, 0xFFFF, 0xFFFF, 0xFFFF, 0xFFFF, 0xFFFF, 0xFFFF, 0xFFFF,
  0xFFFF, 0xFFFF, 0xF5CB, 0xECA2, 0xECE3, 0xECE3, 0xECE3, 0xECE3, 0xECE3, 0xECE3, 0xECE3, 0xECE3,
  0xECE3, 0xECE3, 0xECE3, 0xECE3, 0xECE3, 0xECE3, 0xECE3, 0xECE3, 0xECE3, 0xECE3, 0xECE3, 0xECE3,
  0xECE3, 0xECE3, 0xECE3, 0xECE3, 0xECE3, 0xECE3, 0xF503, 0xCC43, 0x20E4, 0x20E3, 0x20E4, 0x2103,
  0x20E3, 0x20E4, 0x2104, 0x20E4, 0x2104, 0x2104, 0x2104, 0x2104, 0x2104, 0x2104, 0x20E4, 0x2104,
  0x20E4, 0x20E3, 0x20E3, 0x20E3, 0x20E3, 0x20E3, 0x20E4, 0x20E4, 0x20E4, 0x20E4, 0x20E4, 0x20E3,
  0x20E3, 0x20E4, 0x20E4, 0x20E4, 0x20E4, 0x20E3, 0x20E3, 0x20E3, 0x20E4, 0x20E4, 0x20E4, 0x20E3,
  0x20E3, 0x20E4, 0x20E3, 0x20E3, 0x20E4, 0x2103, 0x20E4, 0x20E4, 0x20E3, 0x20E4, 0x20E3, 0x20E3,
  0x20E3, 0x20E3, 0x20E3, 0x20E4, 0x20E3, 0x20E3, 0x20E3, 0x2103, 0x20E4, 0x2104, 0x2104, 0x20E4,
  0x2104, 0x2104, 0x2104, 0x2104, 0x20E3, 0x20E4, 0x20E4, 0x20E3, 0x20E4, 0x20E4, 0x20E3, 0x20E4,
  0x20E4, 0x20E4, 0x2104, 0x2103, 0x2103, 0x20E4, 0x20E4, 0x20E4, 0x20E3, 0x20E4, 0x20E4, 0x20E3,
  0x20E3, 0x20E4, 0x20E4, 0x20E3, 0x20E4, 0x20E4, 0x20E4, 0x20E4, 0x20E3, 0x20E3, 0x2104, 0x20E4,
  0x20E4, 0x20E4, 0x20E3, 0x20E3, 0x20E3, 0x20E3, 0x20E3, 0x20E3, 0x20E4, 0x20E3, 0x20E4, 0x20E3,
  0x20E4, 0x20E4, 0x20E3, 0x20E4, 0x20E3, 0x20E3, 0x20E4, 0x20E4, 0x20E3, 0x20E3, 0x20E3, 0x20E4,
  0x20E4, 0x20E3, 0x20E3, 0x20E4, 0x20E3, 0x20E3, 0x20E4, 0x20E3, 0x20E3, 0x20E4, 0x20E3, 0x20E3,
  0x20E3, 0x20E3, 0x20E3, 0x20E3, 0x20E3, 0x20E3, 0x20E3, 0x20E4, 0x20E4, 0x2104, 0x20E4, 0x20E4,
  0x2104, 0x2104, 0x20E4, 0x20E4, 0x2104, 0x2104, 0x2104, 0x20E4, 0x20E4, 0x20E4, 0x20E4, 0x20E3,
  0xECE3, 0xECE3, 0xECE3, 0xECE3, 0xECE3, 0xECE3, 0xECE3, 0xECE3, 0xECE3, 0xECE3, 0xECE3, 0xECE3,
  0xECE3, 0xECE3, 0xECE3, 0xECE3, 0xECE3, 0xECE3, 0xECE3, 0xECE3, 0xECE3, 0xECE3, 0xECE3, 0xECE3,
  0xECE3, 0xECE3, 0xECE3, 0xED04, 0xECC2, 0xFF17, 0xFFFF, 0xFFFF, 0xFFFF, 0xFFFF, 0xFFFF, 0xFFFF,
  0xFFFF, 0xFFFF, 0xFFFF, 0xFFFF, 0xFFFF, 0xFFFF, 0xFFFF, 0xFFFF, 0xFFFF, 0xFFFF, 0xFFFF, 0xFFFF,
  0xFFFF, 0xFFFF, 0xF6B4, 0xECA1, 0xED04, 0xECE3, 0xECE3, 0xECE3, 0xECE3, 0xECE3, 0xECE3, 0xECE3,
  0xECE3, 0xECE3, 0xECE3, 0xECE3, 0xECE3, 0xECE3, 0xECE3, 0xECE3, 0xECE3, 0xECE3, 0xECE3, 0xECE3,
  0xECE3, 0xECE3, 0xECE3, 0xECE3, 0xECE3, 0xECE3, 0xF503, 0xCC43, 0x20E4, 0x20E3, 0x2104, 0x20E3,
  0x20E4, 0x20E3, 0x20E4, 0x2104, 0x2104, 0x2104, 0x20E4, 0x20E4, 0x2104, 0x2104, 0x20E4, 0x2104,
  0x2104, 0x20E3, 0x20E4, 0x20E3, 0x20E3, 0x20E4, 0x20E3, 0x20E3, 0x20E4, 0x20E3, 0x20E4, 0x20E3,
  0x20E4, 0x20E4, 0x20E4, 0x20E4, 0x20E3, 0x20E3, 0x20E3, 0x20E3, 0x20E4, 0x20E4, 0x2103, 0x20E3,
  0x20E3, 0x20E3, 0x20E4, 0x20E3, 0x20E4, 0x20E4, 0x20E4, 0x20E4, 0x20E4, 0x20E3, 0x20E3, 0x20E3,
  0x20E3, 0x20E3, 0x20E3, 0x20E3, 0x20E3, 0x20E3, 0x20E4, 0x20E3, 0x20E4, 0x20E4, 0x20E4, 0x20E4,
  0x20E4, 0x2104, 0x20E3, 0x20E3, 0x20E3, 0x20E3, 0x20E4, 0x2104, 0x20E4, 0x20E4, 0x20E4, 0x20E3,
  0x20E4, 0x20E4, 0x20E4, 0x20E4, 0x2104, 0x2104, 0x2103, 0x20E4, 0x20E3, 0x20E3, 0x20E3, 0x20E4,
  0x20E4, 0x20E3, 0x20E3, 0x20E4, 0x20E3, 0x20E4, 0x20E3, 0x20E4, 0x2103, 0x20E4, 0x20E4, 0x20E4,
  0x20E3, 0x20E4, 0x20E3, 0x20E3, 0x20E3, 0x20E3, 0x20E3, 0x20E4, 0x20E3, 0x20E3, 0x20E3, 0x20E3,
  0x20E3, 0x20E3, 0x20E4, 0x20E3, 0x20E3, 0x20E4, 0x20E3, 0x2103, 0x20E4, 0x20E4, 0x20E3, 0x20E3,
  0x20E4, 0x20E4, 0x20E3, 0x20E3, 0x20E4, 0x20E4, 0x20E3, 0x20E3, 0x20E3, 0x20E3, 0x20E3, 0x20E3,
  0x20E3, 0x20E3, 0x20E3, 0x20E3, 0x20E3, 0x20E3, 0x20E4, 0x2104, 0x2104, 0x2104, 0x20E4, 0x20E4,
  0x20E4, 0x2104, 0x20E4, 0x2104, 0x20E4, 0x2104, 0x2104, 0x20E4, 0x20E4, 0x2103, 0x20E4, 0x20E4,
  0xECE3, 0xECE3, 0xECE3, 0xECE3, 0xECE3, 0xECE3, 0xECE3, 0xECE3, 0xECE3, 0xECE3, 0xECE3, 0xECE3,
  0xECE3, 0xECE3, 0xECE3, 0xECE3, 0xECE3, 0xECE3, 0xECE3, 0xECE3, 0xECE3, 0xECE3, 0xECE3, 0xECE3,
  0xECE3, 0xECE3, 0xECE3, 0xECE3, 0xED47, 0xFFDE, 0xFFFF, 0xFFFF, 0xFFFF, 0xFFFF, 0xFFFF, 0xFFFF,
  0xFFFF, 0xFFFF, 0xFFFF, 0xFFFF, 0xFFFF, 0xFFFF, 0xFFFF, 0xFFFF, 0xFFFF, 0xFFFF, 0xFFFF, 0xFFFF,
  0xFFFF, 0xFFFF, 0xFFBD, 0xED25, 0xECC3, 0xECE3, 0xECE3, 0xECE3, 0xECE3, 0xECE3, 0xECE3, 0xECE3,
  0xECE3, 0xECE3, 0xECE3, 0xECE3, 0xECE3, 0xECE3, 0xECE3, 0xECE3, 0xECE3, 0xECE3, 0xECE3, 0xECE3,
  0xECE3, 0xECE3, 0xECE3, 0xECE3, 0xECE3, 0xECE3, 0xF503, 0xCC43, 0x20E4, 0x20E3, 0x2104, 0x20E4,
  0x20E4, 0x20E4, 0x20E4, 0x2104, 0x2104, 0x2104, 0x20E3, 0x20E4, 0x2104, 0x2104, 0x20E4, 0x20E4,
  0x2103, 0x20E3, 0x20E4, 0x20E4, 0x20E4, 0x20E3, 0x20E3, 0x20E3, 0x20E4, 0x20E4, 0x20E3, 0x20E4,
  0x20E4, 0x20E4, 0x20E3, 0x20E3, 0x20E3, 0x20E4, 0x20E3, 0x20E4, 0x20E4, 0x20E3, 0x20E3, 0x20E3,
  0x20E4, 0x20E4, 0x20E3, 0x20E4, 0x20E4, 0x20E3, 0x20E3, 0x20E4, 0x20E3, 0x20E4, 0x20E4, 0x20E3,
  0x20E3, 0x20E3, 0x20E4, 0x20E3, 0x20E3, 0x20E3, 0x20E4, 0x20E4, 0x20E3, 0x20E3, 0x20E4, 0x2104,
  0x20E4, 0x20E4, 0x20E4, 0x20E3, 0x20E4, 0x20E4, 0x20E3, 0x20E4, 0x2103, 0x20E3, 0x20E4, 0x20E4,
  0x20E4, 0x20E4, 0x20E4, 0x20E3, 0x20E4, 0x20E4, 0x2104, 0x20E4, 0x20E4, 0x20E4, 0x20E4, 0x20E4,
  0x20E4, 0x20E3, 0x20E4, 0x20E4, 0x20E3, 0x20E3, 0x20E4, 0x20E3, 0x20E3, 0x20E4, 0x20E3, 0x20E4,
  0x20E4, 0x20E3, 0x20E3, 0x20E3, 0x20E3, 0x20E3, 0x20E3, 0x20E3, 0x20E3, 0x20E4, 0x20E3, 0x20E3,
  0x20E4, 0x20E3, 0x20E3, 0x20E3, 0x20E4, 0x2104, 0x20E4, 0x20E4, 0x2104, 0x20E3, 0x20E3, 0x20E4,
  0x20E4, 0x20E3, 0x20E4, 0x20E4, 0x20E3, 0x20E4, 0x20E4, 0x20E4, 0x20E4, 0x20E3, 0x20E3, 0x20E3,
  0x20E3, 0x20E3, 0x20E3, 0x20E3, 0x20E3, 0x20E3, 0x20E3, 0x20E3, 0x20E4, 0x2104, 0x20E4, 0x20E4,
  0x2104, 0x2104, 0x20E4, 0x2104, 0x20E4, 0x2104, 0x20E4, 0x2104, 0x2104, 0x20E4, 0x20E4, 0x20E4,
  0xECE3, 0xECE3, 0xECE3, 0xECE3, 0xECE3, 0xECE3, 0xECE3, 0xECE3, 0xECE3, 0xECE3, 0xECE3, 0xECE3,
  0xECE3, 0xECE3, 0xECE3, 0xECE3, 0xECE3, 0xECE3, 0xECE3, 0xECE3, 0xECE3, 0xECE3, 0xECE3, 0xECE3,
  0xECE3, 0xECE3, 0xED04, 0xECA1, 0xF62F, 0xFFFF, 0xFFFF, 0xFFFF, 0xFFFF, 0xFFFF, 0xFFFF, 0xFFFF,
  0xFFFF, 0xFFFF, 0xFFFF, 0xFFFF, 0xFFFF, 0xFFFF, 0xFFFF, 0xFFFF, 0xFFFF, 0xFFFF, 0xFFFF, 0xFFFF,
  0xFFFF, 0xFFFF, 0xFFFF, 0xF5EC, 0xECA2, 0xECE4, 0xECE3, 0xECE3, 0xECE3, 0xECE3, 0xECE3, 0xECE3,
  0xECE3, 0xECE3, 0xECE3, 0xECE3, 0xECE3, 0xECE3, 0xECE3, 0xECE3, 0xECE3, 0xECE3, 0xECE3, 0xECE3,
  0xECE3, 0xECE3, 0xECE3, 0xECE3, 0xECE3, 0xECE3, 0xF503, 0xCC43, 0x20E4, 0x20E3, 0x20E4, 0x20E4,
  0x20E4, 0x2104, 0x20E3, 0x2104, 0x20E4, 0x2104, 0x2103, 0x20E4, 0x20E3, 0x20E3, 0x2104, 0x20E4,
  0x20E3, 0x2104, 0x20E3, 0x20E4, 0x20E3, 0x20E3, 0x20E3, 0x20E4, 0x20E4, 0x20E3, 0x20E4, 0x2104,
  0x20E4, 0x20E3, 0x20E3, 0x20E4, 0x20E3, 0x20E4, 0x20E4, 0x20E3, 0x20E4, 0x20E4, 0x20E3, 0x20E3,
  0x20E3, 0x20E4, 0x20E4, 0x20E3, 0x20E4, 0x20E4, 0x20E3, 0x2103, 0x20E4, 0x20E3, 0x20E3, 0x20E3,
  0x20E3, 0x20E4, 0x20E3, 0x20E4, 0x20E3, 0x20E4, 0x20E4, 0x20E3, 0x20E4, 0x20E4, 0x2104, 0x20E4,
  0x20E3, 0x20E4, 0x20E3, 0x20E4, 0x20E4, 0x2103, 0x20E3, 0x2104, 0x20E4, 0x2103, 0x20E4, 0x20E3,
  0x20E3, 0x20E3, 0x20E4, 0x20E3, 0x20E4, 0x20E4, 0x20E4, 0x2104, 0x20E3, 0x20E4, 0x20E4, 0x20E4,
  0x20E4, 0x20E3, 0x20E4, 0x20E4, 0x20E3, 0x20E4, 0x20E3, 0x20E3, 0x20E3, 0x20E4, 0x20E3, 0x20E3,
  0x20E4, 0x20E3, 0x20E3, 0x20E3, 0x20E3, 0x20E3, 0x20E3, 0x20E3, 0x20E3, 0x20E4, 0x20E4, 0x20E3,
  0x20E3, 0x20E3, 0x20E3, 0x20E4, 0x20E3, 0x20E4, 0x20E4, 0x20E4, 0x20E4, 0x20E3, 0x20E3, 0x20E4,
  0x20E4, 0x20E3, 0x20E4, 0x20E3, 0x20E4, 0x20E3, 0x20E3, 0x20E3, 0x20E4, 0x20E3, 0x20E3, 0x20E3,
  0x20E3, 0x20E3, 0x20E4, 0x20E3, 0x20E3, 0x20E3, 0x20E4, 0x20E3, 0x20E4, 0x2104, 0x20E4, 0x20E4,
  0x2104, 0x2104, 0x20E4, 0x20E4, 0x2104, 0x2104, 0x20E4, 0x20E4, 0x20E3, 0x2104, 0x20E3, 0x20E3,
  0xECE3, 0xECE3, 0xECE3, 0xECE3, 0xECE3, 0xECE3, 0xECE3, 0xECE3, 0xECE3, 0xECE3, 0xECE3, 0xECE3,
  0xECE3, 0xECE3, 0xECE3, 0xECE3, 0xECE3, 0xECE3, 0xECE3, 0xECE3, 0xECE3, 0xECE3, 0xECE3, 0xECE3,
  0xECE3, 0xECE3, 0xECE4, 0xECC2, 0xFF38, 0xFFFF, 0xFFFF, 0xFFFF, 0xFFFF, 0xFFFF, 0xFFFF, 0xFFFF,
  0xFFFF, 0xFFFF, 0xFFFF, 0xFFFF, 0xFFFF, 0xFFFF, 0xFFFF, 0xFFFF, 0xFFFF, 0xFFFF, 0xFFFF, 0xFFFF,
  0xFFFF, 0xFFFF, 0xFFFF, 0xFEF6, 0xECC2, 0xECE4, 0xECE3, 0xECE3, 0xECE3, 0xECE3, 0xECE3, 0xECE3,
  0xECE3, 0xECE3, 0xECE3, 0xECE3, 0xECE3, 0xECE3, 0xECE3, 0xECE3, 0xECE3, 0xECE3, 0xECE3, 0xECE3,
  0xECE3, 0xECE3, 0xECE3, 0xECE3, 0xECE3, 0xECE3, 0xF503, 0xCC43, 0x20E4, 0x20E3, 0x2104, 0x20E4,
  0x2104, 0x20E4, 0x20E4, 0x2104, 0x2104, 0x20E4, 0x20E4, 0x20E3, 0x20E3, 0x20E4, 0x2103, 0x2104,
  0x20E4, 0x20E4, 0x2103, 0x20E3, 0x20E3, 0x20E3, 0x20E3, 0x20E3, 0x20E4, 0x20E3, 0x20E4, 0x20E3,
  0x20E4, 0x20E4, 0x20E4, 0x20E3, 0x20E4, 0x20E4, 0x2104, 0x20E3, 0x20E3, 0x20E4, 0x20E3, 0x20E4,
  0x20E4, 0x20E4, 0x20E3, 0x20E3, 0x20E3, 0x2103, 0x20E3, 0x20E3, 0x20E4, 0x20E3, 0x20E3, 0x20E4,
  0x20E3, 0x20E3, 0x20E4, 0x2104, 0x20E4, 0x20E4, 0x20E4, 0x2104, 0x2104, 0x20E4, 0x20E3, 0x20E4,
  0x20E3, 0x20E4, 0x20E4, 0x20E4, 0x20E4, 0x20E3, 0x20E3, 0x20E4, 0x20E4, 0x20E3, 0x20E3, 0x20E3,
  0x20E3, 0x20E3, 0x20E4, 0x20E4, 0x20E4, 0x20E3, 0x20E4, 0x2104, 0x2104, 0x2103, 0x20E3, 0x20E4,
  0x20E3, 0x20E4, 0x20E3, 0x20E4, 0x2104, 0x20E4, 0x20E3, 0x20E3, 0x20E3, 0x20E3, 0x20E4, 0x20E4,
  0x20E4, 0x20E3, 0x20E3, 0x20E3, 0x20E4, 0x20E3, 0x20E4, 0x20E3, 0x20E4, 0x20E4, 0x20E4, 0x20E3,
  0x20E4, 0x20E3, 0x20E3, 0x20E3, 0x20E4, 0x2104, 0x20E4, 0x20E4, 0x20E4, 0x20E3, 0x20E4, 0x20E3,
  0x20E4, 0x20E4, 0x20E4, 0x20E3, 0x20E3, 0x20E4, 0x20E3, 0x20E3, 0x20E4, 0x20E3, 0x20E3, 0x20E3,
  0x20E3, 0x20E4, 0x20E3, 0x20E3, 0x20E3, 0x20E4, 0x20E3, 0x20E3, 0x20E4, 0x20E3, 0x20E3, 0x2103,
  0x2104, 0x20E4, 0x2104, 0x20E4, 0x2104, 0x2104, 0x2104, 0x20E4, 0x2104, 0x20E3, 0x20E3, 0x20E3,
  0xECE3, 0xECE3, 0xECE3, 0xECE3, 0xECE3, 0xECE3, 0xECE3, 0xECE3, 0xECE3, 0xECE3, 0xECE3, 0xECE3,
  0xECE3, 0xECE3, 0xECE3, 0xECE3, 0xECE3, 0xECE3, 0xECE3, 0xECE3, 0xECE3, 0xECE3, 0xECE3, 0xECE3,
  0xECE3, 0xECE4, 0xECC3, 0xED48, 0xFFFF, 0xFFFF, 0xFFFF, 0xFFFF, 0xFFFF, 0xFFFF, 0xFFFF, 0xFFFF,
  0xFFFF, 0xFFFF, 0xFFFF, 0xFF7A, 0xFF7B, 0xFFFF, 0xFFFF, 0xFFFF, 0xFFFF, 0xFFFF, 0xFFFF, 0xFFFF,
  0xFFFF, 0xFFFF, 0xFFFF, 0xFFDE, 0xED46, 0xECC3, 0xECE3, 0xECE3, 0xECE3, 0xECE3, 0xECE3, 0xECE3,
  0xECE3, 0xECE3, 0xECE3, 0xECE3, 0xECE3, 0xECE3, 0xECE3, 0xECE3, 0xECE3, 0xECE3, 0xECE3, 0xECE3,
  0xECE3, 0xECE3, 0xECE3, 0xECE3, 0xECE3, 0xECE3, 0xF503, 0xCC43, 0x20E4, 0x20E3, 0x20E3, 0x2104,
  0x20E4, 0x20E4, 0x20E4, 0x20E4, 0x20E4, 0x20E4, 0x20E3, 0x20E4, 0x20E3, 0x20E4, 0x20E3, 0x20E4,
  0x20E4, 0x20E3, 0x2104, 0x20E3, 0x20E4, 0x20E4, 0x20E3, 0x20E3, 0x20E4, 0x20E3, 0x20E3, 0x2104,
  0x20E4, 0x2104, 0x20E4, 0x20E4, 0x20E4, 0x20E4, 0x20E3, 0x20E4, 0x20E4, 0x20E4, 0x2103, 0x20E4,
  0x20E3, 0x20E4, 0x20E4, 0x20E4, 0x20E4, 0x20E4, 0x20E4, 0x20E3, 0x20E4, 0x2104, 0x20E3, 0x20E3,
  0x20E4, 0x20E3, 0x20E4, 0x20E4, 0x2104, 0x20E4, 0x20E4, 0x20E4, 0x2104, 0x2104, 0x20E4, 0x20E4,
  0x20E4, 0x20E3, 0x20E3, 0x20E3, 0x20E3, 0x20E3, 0x20E3, 0x20E4, 0x20E3, 0x20E4, 0x20E3, 0x20E4,
  0x20E4, 0x20E4, 0x20E3, 0x20E3, 0x20E4, 0x20E4, 0x20E4, 0x2104, 0x2104, 0x20E4, 0x20E3, 0x20E4,
  0x20E4, 0x2104, 0x20E4, 0x20E4, 0x20E3, 0x20E4, 0x20E3, 0x2104, 0x20E3, 0x20E3, 0x20E4, 0x20E4,
  0x20E4, 0x2104, 0x20E4, 0x20E3, 0x20E4, 0x20E3, 0x20E3, 0x20E4, 0x20E3, 0x20E4, 0x20E3, 0x20E4,
  0x20E3, 0x20E4, 0x20E3, 0x20E3, 0x20E4, 0x20E4, 0x20E4, 0x20E4, 0x20E4, 0x20E4, 0x20E4, 0x20E4,
  0x20E4, 0x20E3, 0x20E3, 0x20E4, 0x20E4, 0x20E4, 0x20E3, 0x20E3, 0x20E3, 0x20E3, 0x20E4, 0x20E4,
  0x20E4, 0x20E3, 0x20E3, 0x20E3, 0x20E4, 0x20E3, 0x20E3, 0x20E4, 0x20E4, 0x20E4, 0x20E4, 0x20E4,
  0x20E4, 0x20E3, 0x20E4, 0x20E4, 0x2104, 0x2104, 0x2104, 0x2104, 0x20E4, 0x20E4, 0x20E4, 0x20E3,
  0xECE3, 0xECE3, 0xECE3, 0xECE3, 0xECE3, 0xECE3, 0xECE3, 0xECE3, 0xECE3, 0xECE3, 0xECE3, 0xECE3,
  0xECE3, 0xECE3, 0xECE3, 0xECE3, 0xECE3, 0xECE3, 0xECE3, 0xECE3, 0xECE3, 0xECE3, 0xECE3, 0xECE3,
  0xECE3, 0xECE4, 0xECA2, 0xF650, 0xFFFF, 0xFFFF, 0xFFFF, 0xFFFF, 0xFFFF, 0xFFFF, 0xFFFF, 0xFFFF,
  0xFFFF, 0xFFFF, 0xF6B3, 0xED04, 0xED05, 0xFEF5, 0xFFFF, 0xFFFF, 0xFFFF, 0xFFFF, 0xFFFF, 0xFFFF,
  0xFFFF, 0xFFFF, 0xFFFF, 0xFFFF, 0xF60E, 0xECA1, 0xECE4, 0xECE3, 0xECE3, 0xECE3, 0xECE3, 0xECE3,
  0xECE3, 0xECE3, 0xECE3, 0xECE3, 0xECE3, 0xECE3, 0xECE3, 0xECE3, 0xECE3, 0xECE3, 0xECE3, 0xECE3,
  0xECE3, 0xECE3, 0xECE3, 0xECE3, 0xECE3, 0xECE3, 0xF503, 0xCC43, 0x20E4, 0x20E3, 0x2104, 0x20E4,
  0x2104, 0x2103, 0x20E3, 0x2104, 0x2104, 0x20E4, 0x20E3, 0x20E4, 0x20E3, 0x20E4, 0x20E3, 0x20E3,
  0x20E4, 0x20E4, 0x20E3, 0x20E3, 0x20E4, 0x20E3, 0x20E4, 0x20E4, 0x20E3, 0x20E3, 0x20E4, 0x20E4,
  0x20E4, 0x20E4, 0x20E4, 0x20E3, 0x2104, 0x20E3, 0x20E4, 0x2104, 0x2104, 0x20E4, 0x20E4, 0x2104,
  0x20E3, 0x20E4, 0x20E3, 0x20E4, 0x20E4, 0x2104, 0x20E3, 0x20E3, 0x20E3, 0x20E3, 0x20E4, 0x20E4,
  0x20E3, 0x20E3, 0x2104, 0x2104, 0x20E4, 0x2104, 0x2104, 0x20E4, 0x20E4, 0x2104, 0x2104, 0x2104,
  0x20E4, 0x20E4, 0x20E3, 0x20E3, 0x20E4, 0x20E4, 0x20E4, 0x20E3, 0x20E3, 0x20E4, 0x20E3, 0x20E4,
  0x20E4, 0x20E4, 0x20E4, 0x20E3, 0x20E4, 0x2104, 0x2104, 0x20E4, 0x2103, 0x20E3, 0x20E4, 0x20E4,
  0x20E4, 0x20E4, 0x20E4, 0x2104, 0x20E3, 0x20E4, 0x20E4, 0x20E4, 0x20E3, 0x20E4, 0x2104, 0x20E4,
  0x20E3, 0x20E4, 0x20E4, 0x20E3, 0x20E3, 0x2104, 0x2104, 0x2103, 0x20E4, 0x20E4, 0x20E3, 0x20E4,
  0x20E4, 0x20E4, 0x20E4, 0x20E4, 0x20E4, 0x20E4, 0x20E4, 0x20E4, 0x20E3, 0x20E4, 0x20E4, 0x20E4,
  0x20E4, 0x20E3, 0x20E3, 0x20E3, 0x20E4, 0x20E3, 0x20E4, 0x20E4, 0x20E3, 0x20E4, 0x20E4, 0x20E3,
  0x2104, 0x20E4, 0x20E4, 0x20E4, 0x2103, 0x20E4, 0x20E4, 0x20E4, 0x20E4, 0x20E3, 0x20E3, 0x20E4,
  0x20E4, 0x20E4, 0x20E4, 0x20E3, 0x20E4, 0x2104, 0x20E4, 0x20E4, 0x2104, 0x2104, 0x20E4, 0x20E3,
  0xECE3, 0xECE3, 0xECE3, 0xECE3, 0xECE3, 0xECE3, 0xECE3, 0xECE3, 0xECE3, 0xECE3, 0xECE3, 0xECE3,
  0xECE3, 0xECE3, 0xECE3, 0xECE3, 0xECE3, 0xECE3, 0xECE3, 0xECE3, 0xECE3, 0xECE3, 0xECE3, 0xECE3,
  0xECE3, 0xECE3, 0xECE3, 0xFF5A, 0xFFFF, 0xFFFF, 0xFFFF, 0xFFFF, 0xFFFF, 0xFFFF, 0xFFFF, 0xFFFF,
  0xFFBC, 0xF5CB, 0xECA1, 0xECE3, 0xECE3, 0xECC2, 0xF60D, 0xFFDE, 0xFFFF, 0xFFFF, 0xFFFF, 0xFFFF,
  0xFFFF, 0xFFFF, 0xFFFF, 0xFFFF, 0xFF17, 0xECC2, 0xECE3, 0xECE3, 0xECE3, 0xECE3, 0xECE3, 0xECE3,
  0xECE3, 0xECE3, 0xECE3, 0xECE3, 0xECE3, 0xECE3, 0xECE3, 0xECE3, 0xECE3, 0xECE3, 0xECE3, 0xECE3,
  0xECE3, 0xECE3, 0xECE3, 0xECE3, 0xECE3, 0xECE3, 0xF503, 0xCC23, 0x20E4, 0x20E4, 0x20E4, 0x20E3,
  0x2104, 0x20E4, 0x20E3, 0x20E4, 0x20E3, 0x20E4, 0x20E4, 0x20E3, 0x20E4, 0x20E4, 0x20E4, 0x20E4,
  0x20E3, 0x20E3, 0x20E3, 0x20E3, 0x20E4, 0x20E4, 0x20E3, 0x20E4, 0x20E3, 0x20E4, 0x20E4, 0x20E4,
  0x20E4, 0x20E3, 0x20E4, 0x20E4, 0x20E3, 0x20E4, 0x20E4, 0x20E4, 0x2104, 0x20E4, 0x20E4, 0x2104,
  0x20E3, 0x20E4, 0x20E3, 0x20E3, 0x20E4, 0x20E4, 0x20E3, 0x20E3, 0x20E3, 0x20E4, 0x20E4, 0x2104,
  0x20E4, 0x20E4, 0x2104, 0x2104, 0x2104, 0x2104, 0x2104, 0x20E4, 0x2104, 0x2104, 0x20E4, 0x20E3,
  0x2104, 0x20E4, 0x20E3, 0x20E4, 0x20E3, 0x20E3, 0x20E3, 0x20E3, 0x20E3, 0x20E3, 0x20E3, 0x20E3,
  0x20E3, 0x20E4, 0x20E4, 0x2104, 0x20E4, 0x20E4, 0x2104, 0x20E4, 0x2104, 0x20E4, 0x20E4, 0x2104,
  0x20E3, 0x20E4, 0x2104, 0x20E4, 0x20E4, 0x20E4, 0x20E4, 0x20E4, 0x20E4, 0x20E3, 0x20E4, 0x20E4,
  0x20E3, 0x20E4, 0x2104, 0x20E3, 0x2104, 0x20E4, 0x2104, 0x2104, 0x20E4, 0x20E4, 0x20E4, 0x20E3,
  0x20E4, 0x20E4, 0x20E4, 0x2104, 0x20E4, 0x20E4, 0x2104, 0x2104, 0x20E3, 0x20E4, 0x20E4, 0x20E3,
  0x20E4, 0x2104, 0x20E4, 0x20E4, 0x20E3, 0x20E3, 0x20E3, 0x20E4, 0x20E3, 0x20E4, 0x2104, 0x20E4,
  0x20E3, 0x2104, 0x2104, 0x2104, 0x20E4, 0x20E4, 0x2104, 0x20E3, 0x20E3, 0x20E3, 0x20E3, 0x20E3,
  0x20E4, 0x20E4, 0x20E4, 0x20E4, 0x20E4, 0x2104, 0x2104, 0x2104, 0x20E4, 0x20E4, 0x20E3, 0x20E3,
  0xECE3, 0xECE3, 0xECE3, 0xECE3, 0xECE3, 0xECE3, 0xECE3, 0xECE3, 0xECE3, 0xECE3, 0xECE3, 0xECE3,
  0xECE3, 0xECE3, 0xECE3, 0xECE3, 0xECE3, 0xECE3, 0xECE3, 0xECE3, 0xECE3, 0xECE3, 0xECE3, 0xECE3,
  0xECE4, 0xECC2, 0xF589, 0xFFFF, 0xFFFF, 0xFFFF, 0xFFFF, 0xFFFF, 0xFFFF, 0xFFFF, 0xFFFF, 0xF6F6,
  0xED05, 0xECA2, 0xED04, 0xECE3, 0xECE4, 0xED04, 0xECC1, 0xED26, 0xFF38, 0xFFFF, 0xFFFF, 0xFFFF,
  0xFFFF, 0xFFFF, 0xFFFF, 0xFFFF, 0xFFDE, 0xED47, 0xECC2, 0xECE3, 0xECE3, 0xECE3, 0xECE3, 0xECE3,
  0xECE3, 0xECE3, 0xECE3, 0xECE3, 0xECE3, 0xECE3, 0xECE3, 0xECE3, 0xECE3, 0xECE3, 0xECE3, 0xECE3,
  0xECE3, 0xECE3, 0xECE3, 0xECE3, 0xECE3, 0xECE3, 0xF503, 0xCC23, 0x20E4, 0x20E3, 0x20E4, 0x2104,
  0x20E4, 0x20E4, 0x20E3, 0x20E4, 0x20E4, 0x20E3, 0x20E4, 0x20E4, 0x20E4, 0x20E4, 0x2104, 0x20E4,
  0x20E3, 0x20E4, 0x20E3, 0x20E4, 0x2104, 0x20E4, 0x20E4, 0x20E4, 0x20E3, 0x20E3, 0x20E4, 0x20E4,
  0x20E3, 0x20E3, 0x20E3, 0x20E4, 0x20E3, 0x20E4, 0x20E3, 0x20E4, 0x20E4, 0x20E4, 0x2104, 0x20E3,
  0x20E4, 0x20E4, 0x2104, 0x20E4, 0x20E4, 0x20E3, 0x2104, 0x20E4, 0x20E3, 0x20E4, 0x2103, 0x20E4,
  0x20E3, 0x2104, 0x2104, 0x2104, 0x2104, 0x20E4, 0x2104, 0x2104, 0x2104, 0x2104, 0x2104, 0x20E4,
  0x20E4, 0x20E4, 0x20E3, 0x20E3, 0x20E3, 0x20E4, 0x20E3, 0x20E3, 0x20E4, 0x20E3, 0x20E4, 0x20E4,
  0x20E3, 0x20E3, 0x20E4, 0x20E3, 0x20E4, 0x2104, 0x2104, 0x2104, 0x20E4, 0x2104, 0x2103, 0x20E4,
  0x20E4, 0x2104, 0x20E4, 0x20E4, 0x20E4, 0x20E4, 0x20E3, 0x20E4, 0x20E4, 0x20E3, 0x20E4, 0x20E3,
  0x20E4, 0x20E4, 0x2103, 0x20E4, 0x20E4, 0x2104, 0x2104, 0x2104, 0x20E4, 0x20E3, 0x20E4, 0x20E3,
  0x20E4, 0x20E4, 0x20E4, 0x20E4, 0x2104, 0x2104, 0x2104, 0x20E4, 0x20E3, 0x20E4, 0x20E3, 0x20E4,
  0x2104, 0x20E4, 0x20E4, 0x20E4, 0x20E3, 0x20E3, 0x20E3, 0x20E4, 0x2104, 0x2104, 0x20E4, 0x2104,
  0x2104, 0x20E3, 0x20E4, 0x20E4, 0x20E4, 0x2104, 0x20E4, 0x20E4, 0x20E3, 0x20E4, 0x20E4, 0x20E4,
  0x20E4, 0x20E4, 0x20E4, 0x20E3, 0x20E4, 0x20E4, 0x2104, 0x20E3, 0x20E4, 0x20E3, 0x20E4, 0x20E4,
  0xECE3, 0xECE3, 0xECE3, 0xECE3, 0xECE3, 0xECE3, 0xECE3, 0xECE3, 0xECE3, 0xECE3, 0xECE3, 0xECE3,
  0xECE3, 0xECE3, 0xECE3, 0xECE3, 0xECE3, 0xECE3, 0xECE3, 0xECE3, 0xECE3, 0xECE3, 0xECE3, 0xECE3,
  0xED04, 0xECC2, 0xF692, 0xFFFF, 0xFFFF, 0xFFFF, 0xFFFF, 0xFFFF, 0xFFFF, 0xFFDE, 0xF60E, 0xECC2,
  0xECC3, 0xECE4, 0xECE3, 0xECE3, 0xECE3, 0xECE3, 0xECE4, 0xECE3, 0xECE3, 0xF650, 0xFFFF, 0xFFFF,
  0xFFFF, 0xFFFF, 0xFFFF, 0xFFFF, 0xFFFF, 0xF650, 0xECA1, 0xECE4, 0xECE3, 0xECE3, 0xECE3, 0xECE3,
  0xECE3, 0xECE3, 0xECE3, 0xECE3, 0xECE3, 0xECE3, 0xECE3, 0xECE3, 0xECE3, 0xECE3, 0xECE3, 0xECE3,
  0xECE3, 0xECE3, 0xECE3, 0xECE3, 0xECE3, 0xECE3, 0xF503, 0xCC23, 0x20E4, 0x20E3, 0x20E3, 0x20E4,
  0x2104, 0x2104, 0x20E4, 0x2104, 0x20E4, 0x2104, 0x20E4, 0x20E4, 0x20E4, 0x20E4, 0x2104, 0x20E4,
  0x20E3, 0x20E4, 0x2104, 0x20E4, 0x20E4, 0x2104, 0x20E4, 0x20E4, 0x2103, 0x20E4, 0x20E4, 0x2103,
  0x20E4, 0x20E4, 0x20E3, 0x20E3, 0x20E4, 0x20E4, 0x20E4, 0x20E3, 0x20E3, 0x20E4, 0x20E4, 0x20E4,
  0x20E3, 0x20E4, 0x2104, 0x20E4, 0x2104, 0x20E4, 0x20E3, 0x20E4, 0x20E4, 0x2104, 0x2104, 0x20E4,
  0x20E4, 0x2104, 0x2104, 0x2104, 0x2104, 0x2104, 0x2104, 0x2104, 0x2104, 0x2104, 0x20E4, 0x2104,
  0x2104, 0x2104, 0x20E3, 0x20E3, 0x20E3, 0x20E3, 0x20E4, 0x20E3, 0x20E4, 0x20E4, 0x20E3, 0x20E3,
  0x20E4, 0x20E4, 0x20E3, 0x20E4, 0x20E3, 0x20E4, 0x2104, 0x20E4, 0x20E4, 0x20E4, 0x2104, 0x20E3,
  0x20E4, 0x2104, 0x20E4, 0x20E4, 0x20E3, 0x20E4, 0x2104, 0x2104, 0x20E3, 0x2104, 0x20E3, 0x20E3,
  0x20E4, 0x20E3, 0x20E4, 0x20E4, 0x20E4, 0x2104, 0x2104, 0x20E4, 0x2104, 0x20E4, 0x20E3, 0x20E4,
  0x20E4, 0x2104, 0x20E4, 0x2104, 0x20E4, 0x2104, 0x20E4, 0x20E4, 0x20E4, 0x20E3, 0x20E3, 0x2104,
  0x20E4, 0x2104, 0x2104, 0x20E3, 0x20E4, 0x20E3, 0x20E4, 0x20E3, 0x20E4, 0x2104, 0x20E4, 0x20E4,
  0x20E4, 0x20E4, 0x20E4, 0x20E4, 0x20E4, 0x20E3, 0x20E4, 0x20E4, 0x20E4, 0x20E4, 0x20E4, 0x20E4,
  0x20E4, 0x20E4, 0x20E4, 0x2104, 0x20E4, 0x20E4, 0x20E4, 0x20E4, 0x20E3, 0x20E4, 0x20E3, 0x20E3,
  0xECE3, 0xECE3, 0xECE3, 0xECE3, 0xECE3, 0xECE3, 0xECE3, 0xECE3, 0xECE3, 0xECE3, 0xECE3, 0xECE3,
  0xECE3, 0xECE3, 0xECE3, 0xECE3, 0xECE3, 0xECE3, 0xECE3, 0xECE3, 0xECE3, 0xECE3, 0xECE3, 0xECE3,
  0xECE3, 0xECE4, 0xFF9B, 0xFFFF, 0xFFFF, 0xFFFF, 0xFFFF, 0xFFFF, 0xFF38, 0xED46, 0xECA1, 0xECE4,
  0xECE3, 0xECE3, 0xECE3, 0xECE3, 0xECE3, 0xECE3, 0xECE3, 0xECE4, 0xECE4, 0xECA1, 0xED68, 0xFF5A,
  0xFFFF, 0xFFFF, 0xFFFF, 0xFFFF, 0xFFFF, 0xFF59, 0xECC3, 0xECE3, 0xECE3, 0xECE3, 0xECE3, 0xECE3,
  0xECE3, 0xECE3, 0xECE3, 0xECE3, 0xECE3, 0xECE3, 0xECE3, 0xECE3, 0xECE3, 0xECE3, 0xECE3, 0xECE3,
  0xECE3, 0xECE3, 0xECE3, 0xECE3, 0xECE3, 0xECE3, 0xF503, 0xCC23, 0x20E4, 0x20E3, 0x2103, 0x20E4,
  0x20E4, 0x2104, 0x20E4, 0x20E4, 0x20E4, 0x20E4, 0x20E4, 0x20E4, 0x20E4, 0x20E4, 0x20E4, 0x20E4,
  0x2104, 0x20E4, 0x20E4, 0x20E3, 0x20E4, 0x20E4, 0x20E4, 0x2104, 0x20E4, 0x2104, 0x2104, 0x20E4,
  0x20E3, 0x20E4, 0x20E3, 0x20E4, 0x20E3, 0x20E4, 0x20E4, 0x20E4, 0x20E3, 0x20E4, 0x20E4, 0x20E4,
  0x20E4, 0x20E4, 0x20E3, 0x20E4, 0x20E4, 0x20E4, 0x20E3, 0x20E3, 0x20E3, 0x20E4, 0x2104, 0x2104,
  0x2104, 0x2104, 0x2104, 0x2104, 0x2104, 0x2104, 0x2104, 0x2104, 0x2104, 0x20E4, 0x2104, 0x2104,
  0x2104, 0x20E4, 0x20E4, 0x20E4, 0x20E4, 0x20E3, 0x20E4, 0x2103, 0x2104, 0x20E4, 0x20E4, 0x20E4,
  0x20E3, 0x20E3, 0x20E3, 0x20E4, 0x20E4, 0x20E4, 0x2104, 0x20E4, 0x20E4, 0x20E3, 0x2104, 0x20E4,
  0x20E4, 0x20E4, 0x20E3, 0x20E4, 0x20E4, 0x20E4, 0x20E3, 0x20E4, 0x20E4, 0x20E4, 0x20E3, 0x20E4,
  0x20E4, 0x20E4, 0x2104, 0x20E3, 0x2103, 0x20E4, 0x20E4, 0x2104, 0x20E4, 0x20E4, 0x20E4, 0x2104,
  0x20E4, 0x2104, 0x2104, 0x2104, 0x20E4, 0x2104, 0x20E4, 0x2104, 0x20E4, 0x20E4, 0x2104, 0x20E4,
  0x2104, 0x20E4, 0x20E4, 0x20E4, 0x20E4, 0x2104, 0x20E4, 0x20E4, 0x2104, 0x20E3, 0x2104, 0x20E4,
  0x20E4, 0x2104, 0x20E4, 0x2104, 0x20E4, 0x2104, 0x2104, 0x2104, 0x2104, 0x20E4, 0x20E4, 0x20E4,
  0x20E4, 0x20E4, 0x20E4, 0x20E4, 0x2104, 0x20E4, 0x2104, 0x2104, 0x2104, 0x2104, 0x20E4, 0x20E3,
  0xECE3, 0xECE3, 0xECE3, 0xECE3, 0xECE3, 0xECE3, 0xECE3, 0xECE3, 0xECE3, 0xECE3, 0xECE3, 0xECE3,
  0xECE3, 0xECE3, 0xECE3, 0xECE3, 0xECE3, 0xECE3, 0xECE3, 0xECE3, 0xECE3, 0xECE3, 0xECE3, 0xECE4,
  0xECC2, 0xEDAA, 0xFFFF, 0xFFFF, 0xFFFF, 0xFFFF, 0xFFFF, 0xF64F, 0xECC2, 0xECC3, 0xECE4, 0xECE3,
  0xECE3, 0xECE3, 0xECE3, 0xECE3, 0xECE3, 0xECE3, 0xECE3, 0xECE3, 0xECE3, 0xECE4, 0xECC2, 0xECE3,
  0xF671, 0xFFFF, 0xFFFF, 0xFFFF, 0xFFFF, 0xFFFF, 0xED68, 0xECC2, 0xECE4, 0xECE3, 0xECE3, 0xECE3,
  0xECE3, 0xECE3, 0xECE3, 0xECE3, 0xECE3, 0xECE3, 0xECE3, 0xECE3, 0xECE3, 0xECE3, 0xECE3, 0xECE3,
  0xECE3, 0xECE3, 0xECE3, 0xECE3, 0xECE3, 0xECE3, 0xF503, 0xCC23, 0x20E4, 0x20E3, 0x20E4, 0x20E4,
  0x20E4, 0x20E4, 0x2104, 0x2104, 0x20E4, 0x2104, 0x2104, 0x2104, 0x20E4, 0x2104, 0x2104, 0x2104,
  0x20E4, 0x2104, 0x2104, 0x20E4, 0x20E4, 0x2104, 0x20E4, 0x2104, 0x20E4, 0x20E4, 0x2104, 0x2104,
  0x20E4, 0x2104, 0x20E3, 0x20E3, 0x20E3, 0x20E3, 0x20E4, 0x2104, 0x20E4, 0x20E4, 0x20E4, 0x2104,
  0x2104, 0x2104, 0x2104, 0x20E4, 0x2104, 0x20E4, 0x20E4, 0x2104, 0x2103, 0x20E4, 0x2104, 0x2104,
  0x2104, 0x2104, 0x2104, 0x2104, 0x20E4, 0x2104, 0x2104, 0x20E4, 0x20E4, 0x2104, 0x2104, 0x20E4,
  0x20E4, 0x20E4, 0x20E3, 0x20E4, 0x20E3, 0x20E3, 0x20E3, 0x2103, 0x20E4, 0x20E4, 0x20E4, 0x20E4,
  0x2104, 0x20E3, 0x20E4, 0x2104, 0x20E4, 0x2104, 0x20E4, 0x20E4, 0x2104, 0x2104, 0x2104, 0x20E4,
  0x20E4, 0x20E4, 0x2104, 0x20E4, 0x2104, 0x20E4, 0x2103, 0x20E4, 0x20E4, 0x2104, 0x2103, 0x20E3,
  0x20E4, 0x2104, 0x20E4, 0x2104, 0x20E4, 0x20E4, 0x20E4, 0x20E4, 0x20E4, 0x2104, 0x20E4, 0x2104,
  0x2104, 0x20E4, 0x2104, 0x2104, 0x2104, 0x20E4, 0x2104, 0x2104, 0x2104, 0x20E4, 0x20E4, 0x2104,
  0x2104, 0x20E4, 0x2104, 0x20E4, 0x2104, 0x2104, 0x2104, 0x2104, 0x2104, 0x2103, 0x20E3, 0x20E4,
  0x20E4, 0x20E4, 0x2104, 0x20E4, 0x2104, 0x2104, 0x20E4, 0x20E4, 0x20E4, 0x20E4, 0x20E4, 0x20E4,
  0x20E4, 0x20E4, 0x2104, 0x20E4, 0x20E4, 0x2104, 0x2104, 0x20E4, 0x20E4, 0x2104, 0x20E4, 0x20E3,
  0xECE3, 0xECE3, 0xECE3, 0xECE3, 0xECE3, 0xECE3, 0xECE3, 0xECE3, 0xECE3, 0xECE3, 0xECE3, 0xECE3,
  0xECE3, 0xECE3, 0xECE3, 0xECE3, 0xECE3, 0xECE3, 0xECE3, 0xECE3, 0xECE3, 0xECE3, 0xECE3, 0xED04,
  0xECC2, 0xF6B4, 0xFFFF, 0xFFDF, 0xFFFF, 0xFF5A, 0xED68, 0xECA1, 0xECE3, 0xECE3, 0xECE3, 0xECE3,
  0xECE3, 0xECE3, 0xECE3, 0xECE3, 0xECE3, 0xECE3, 0xECE3, 0xECE3, 0xECE3, 0xECE3, 0xECE4, 0xECE3,
  0xECA1, 0xF5AA, 0xFF9C, 0xFFFF, 0xFFDF, 0xFFFF, 0xF692, 0xECC2, 0xECE4, 0xECE3, 0xECE3, 0xECE3,
  0xECE3, 0xECE3, 0xECE3, 0xECE3, 0xECE3, 0xECE3, 0xECE3, 0xECE3, 0xECE3, 0xECE3, 0xECE3, 0xECE3,
  0xECE3, 0xECE3, 0xECE3, 0xECE3, 0xECE3, 0xECE3, 0xF503, 0xCC23, 0x20E4, 0x20E3, 0x20E3, 0x20E3,
  0x20E4, 0x20E4, 0x2104, 0x2104, 0x2104, 0x20E4, 0x20E4, 0x2104, 0x20E4, 0x2104, 0x2104, 0x20E4,
  0x2104, 0x2104, 0x2104, 0x20E4, 0x2104, 0x2104, 0x20E4, 0x20E4, 0x20E4, 0x20E4, 0x2104, 0x2104,
  0x20E4, 0x20E4, 0x20E3, 0x20E3, 0x20E4, 0x20E4, 0x2104, 0x20E4, 0x20E4, 0x2104, 0x2104, 0x2104,
  0x2104, 0x20E4, 0x20E4, 0x20E4, 0x20E4, 0x20E4, 0x2104, 0x20E4, 0x20E4, 0x20E4, 0x2104, 0x20E4,
  0x20E4, 0x20E4, 0x20E4, 0x2104, 0x20E4, 0x20E4, 0x20E4, 0x20E4, 0x2104, 0x20E4, 0x20E4, 0x20E4,
  0x20E4, 0x2104, 0x2104, 0x2103, 0x20E4, 0x20E4, 0x20E4, 0x2104, 0x20E4, 0x20E4, 0x2104, 0x20E4,
  0x20E3, 0x2104, 0x2104, 0x2104, 0x20E4, 0x20E4, 0x2104, 0x20E4, 0x2104, 0x2104, 0x2104, 0x2104,
  0x20E4, 0x20E4, 0x20E4, 0x20E4, 0x2104, 0x20E4, 0x20E4, 0x20E4, 0x20E4, 0x20E3, 0x2104, 0x20E4,
  0x20E4, 0x2104, 0x20E3, 0x2104, 0x20E4, 0x20E4, 0x20E4, 0x2104, 0x2104, 0x20E3, 0x20E4, 0x20E4,
  0x20E4, 0x2104, 0x2104, 0x2104, 0x2104, 0x2104, 0x20E4, 0x2104, 0x2104, 0x2104, 0x20E4, 0x20E4,
  0x20E4, 0x20E4, 0x20E4, 0x20E4, 0x20E4, 0x20E4, 0x20E4, 0x2103, 0x20E4, 0x20E4, 0x20E3, 0x20E4,
  0x20E4, 0x20E4, 0x20E4, 0x2104, 0x2104, 0x20E4, 0x20E4, 0x20E4, 0x20E4, 0x20E4, 0x20E4, 0x2104,
  0x20E4, 0x20E4, 0x2104, 0x2104, 0x20E4, 0x2104, 0x20E4, 0x20E4, 0x2104, 0x2104, 0x20E4, 0x20E4,
  0xECE3, 0xECE3, 0xECE3, 0xECE3, 0xECE3, 0xECE3, 0xECE3, 0xECE3, 0xECE3, 0xECE3, 0xECE3, 0xECE3,
  0xECE3, 0xECE3, 0xECE3, 0xECE3, 0xECE3, 0xECE3, 0xECE3, 0xECE3, 0xECE3, 0xECE3, 0xECE3, 0xECE3,
  0xED04, 0xFF9C, 0xFFFF, 0xFFFF, 0xF671, 0xECE3, 0xECC2, 0xED04, 0xECE3, 0xECE3, 0xECE3, 0xECE3,
  0xECE3, 0xECE3, 0xECE3, 0xECE3, 0xECE3, 0xECE3, 0xECE3, 0xECE3, 0xECE3, 0xECE3, 0xECE3, 0xECE3,
  0xED04, 0xECC2, 0xED04, 0xF6B4, 0xFFFF, 0xFFFF, 0xFF7A, 0xECE3, 0xECE3, 0xECE3, 0xECE3, 0xECE3,
  0xECE3, 0xECE3, 0xECE3, 0xECE3, 0xECE3, 0xECE3, 0xECE3, 0xECE3, 0xECE3, 0xECE3, 0xECE3, 0xECE3,
  0xECE3, 0xECE3, 0xECE3, 0xECE3, 0xECE3, 0xECE3, 0xF503, 0xCC23, 0x20E4, 0x20E3, 0x20E3, 0x20E4,
  0x20E3, 0x20E4, 0x20E4, 0x2104, 0x20E4, 0x20E4, 0x20E4, 0x20E4, 0x20E4, 0x20E4, 0x20E4, 0x2104,
  0x2104, 0x2104, 0x2103, 0x2103, 0x20E4, 0x20E4, 0x2104, 0x2104, 0x20E4, 0x2104, 0x20E4, 0x20E4,
  0x20E4, 0x2104, 0x20E4, 0x20E3, 0x20E4, 0x2104, 0x20E4, 0x20E4, 0x20E4, 0x2104, 0x20E4, 0x2104,
  0x20E4, 0x20E4, 0x20E4, 0x20E4, 0x20E4, 0x20E4, 0x2104, 0x20E4, 0x2104, 0x20E4, 0x2104, 0x2104,
  0x20E4, 0x20E4, 0x20E4, 0x20E4, 0x2104, 0x2104, 0x20E4, 0x20E4, 0x2104, 0x20E4, 0x20E3, 0x20E4,
  0x20E3, 0x20E4, 0x2104, 0x2104, 0x20E4, 0x20E4, 0x20E4, 0x20E4, 0x20E3, 0x20E3, 0x20E4, 0x2104,
  0x2104, 0x20E4, 0x2104, 0x2104, 0x2104, 0x2104, 0x20E4, 0x20E4, 0x20E4, 0x2104, 0x2104, 0x20E4,
  0x2104, 0x20E4, 0x2104, 0x2104, 0x20E4, 0x20E3, 0x20E4, 0x20E4, 0x2104, 0x20E4, 0x2103, 0x20E4,
  0x2104, 0x20E4, 0x20E4, 0x20E4, 0x20E4, 0x2104, 0x20E4, 0x2104, 0x2104, 0x2104, 0x20E3, 0x20E4,
  0x20E3, 0x20E4, 0x20E4, 0x20E4, 0x2103, 0x2104, 0x2104, 0x20E4, 0x20E4, 0x20E4, 0x20E4, 0x20E4,
  0x2103, 0x20E4, 0x20E4, 0x20E4, 0x20E4, 0x2104, 0x20E4, 0x20E4, 0x20E3, 0x20E3, 0x20E3, 0x20E4,
  0x2103, 0x20E4, 0x2104, 0x2104, 0x20E4, 0x2104, 0x20E4, 0x20E4, 0x20E4, 0x20E4, 0x20E4, 0x20E4,
  0x20E4, 0x20E4, 0x20E4, 0x2104, 0x2104, 0x2104, 0x2104, 0x2104, 0x2104, 0x20E4, 0x2104, 0x2104,
  0xECE3, 0xECE3, 0xECE3, 0xECE3, 0xECE3, 0xECE3, 0xECE3, 0xECE3, 0xECE3, 0xECE3, 0xECE3, 0xECE3,
  0xECE3, 0xECE3, 0xECE3, 0xECE3, 0xECE3, 0xECE3, 0xECE3, 0xECE3, 0xECE3, 0xECE3, 0xED04, 0xECA2,
  0xEDCC, 0xFFFF, 0xFF7A, 0xED8A, 0xECA2, 0xECE3, 0xECE4, 0xECE3, 0xECE3, 0xECE3, 0xECE3, 0xECE3,
  0xECE3, 0xECE3, 0xECE3, 0xECE3, 0xECE3, 0xECE3, 0xECE3, 0xECE3, 0xECE3, 0xECE3, 0xECE3, 0xECE3,
  0xECE3, 0xECE4, 0xECE3, 0xECC2, 0xF5EC, 0xFFBC, 0xFFFF, 0xED69, 0xECA2, 0xECE4, 0xECE3, 0xECE3,
  0xECE3, 0xECE3, 0xECE3, 0xECE3, 0xECE3, 0xECE3, 0xECE3, 0xECE3, 0xECE3, 0xECE3, 0xECE3, 0xECE3,
  0xECE3, 0xECE3, 0xECE3, 0xECE3, 0xECE3, 0xECE3, 0xF503, 0xCC23, 0x20E4, 0x20E3, 0x2103, 0x20E3,
  0x20E4, 0x20E4, 0x20E4, 0x20E4, 0x20E4, 0x20E4, 0x20E4, 0x20E3, 0x20E3, 0x20E3, 0x20E3, 0x20E4,
  0x20E4, 0x20E3, 0x20E3, 0x20E4, 0x2103, 0x20E3, 0x2104, 0x2104, 0x2104, 0x20E4, 0x20E4, 0x20E3,
  0x2104, 0x20E4, 0x2104, 0x2104, 0x20E4, 0x20E3, 0x2104, 0x2104, 0x20E4, 0x20E4, 0x2104, 0x20E4,
  0x20E4, 0x20E4, 0x2104, 0x2104, 0x20E4, 0x20E4, 0x2104, 0x2104, 0x2104, 0x2104, 0x2104, 0x20E4,
  0x2104, 0x2104, 0x20E4, 0x2104, 0x2104, 0x20E4, 0x20E4, 0x20E4, 0x20E4, 0x20E3, 0x2104, 0x2104,
  0x20E4, 0x2104, 0x20E4, 0x2104, 0x20E4, 0x20E4, 0x20E4, 0x20E3, 0x20E3, 0x20E4, 0x2104, 0x2104,
  0x20E4, 0x2104, 0x2104, 0x2104, 0x2104, 0x2104, 0x20E4, 0x2104, 0x2104, 0x2104, 0x20E4, 0x20E4,
  0x2104, 0x20E4, 0x20E4, 0x2104, 0x20E4, 0x20E4, 0x2104, 0x20E4, 0x20E3, 0x20E4, 0x2103, 0x20E4,
  0x20E4, 0x2104, 0x20E4, 0x2104, 0x20E4, 0x20E3, 0x20E3, 0x20E3, 0x20E3, 0x20E4, 0x20E4, 0x20E4,
  0x2103, 0x2104, 0x20E4, 0x20E4, 0x20E4, 0x20E4, 0x20E4, 0x20E4, 0x20E4, 0x20E3, 0x2104, 0x2104,
  0x20E4, 0x20E4, 0x20E4, 0x20E4, 0x20E3, 0x20E4, 0x20E4, 0x20E4, 0x20E3, 0x20E3, 0x20E4, 0x20E4,
  0x20E4, 0x2104, 0x2104, 0x2104, 0x20E4, 0x2104, 0x2104, 0x20E4, 0x20E4, 0x20E4, 0x20E4, 0x20E4,
  0x20E3, 0x20E4, 0x20E4, 0x2104, 0x20E4, 0x20E4, 0x2104, 0x2104, 0x2104, 0x2104, 0x2104, 0x2104,
  0xECE3, 0xECE3, 0xECE3, 0xECE3, 0xECE3, 0xECE3, 0xECE3, 0xECE3, 0xECE3, 0xECE3, 0xECE3, 0xECE3,
  0xECE3, 0xECE3, 0xECE3, 0xECE3, 0xECE3, 0xECE3, 0xECE3, 0xECE3, 0xECE3, 0xECE3, 0xECE3, 0xECC2,
  0xFF17, 0xFEF5, 0xECE3, 0xECA2, 0xECE4, 0xECE3, 0xECE3, 0xECE3, 0xECE3, 0xECE3, 0xECE3, 0xECE3,
  0xECE3, 0xECE3, 0xECE3, 0xECE3, 0xECE3, 0xECE3, 0xECE3, 0xECE3, 0xECE3, 0xECE3, 0xECE3, 0xECE3,
  0xECE3, 0xECE3, 0xECE3, 0xED04, 0xECA1, 0xED05, 0xFF38, 0xF6D5, 0xECC2, 0xECE4, 0xECE3, 0xECE3,
  0xECE3, 0xECE3, 0xECE3, 0xECE3, 0xECE3, 0xECE3, 0xECE3, 0xECE3, 0xECE3, 0xECE3, 0xECE3, 0xECE3,
  0xECE3, 0xECE3, 0xECE3, 0xECE3, 0xECE3, 0xECE3, 0xF503, 0xCC23, 0x20E4, 0x20E3, 0x20E3, 0x20E4,
  0x20E4, 0x20E4, 0x20E4, 0x20E4, 0x20E3, 0x20E4, 0x20E4, 0x20E4, 0x20E4, 0x2103, 0x20E3, 0x20E3,
  0x20E4, 0x20E3, 0x20E4, 0x2103, 0x20E3, 0x2104, 0x2104, 0x20E4, 0x2104, 0x2103, 0x2104, 0x20E3,
  0x20E3, 0x20E4, 0x20E3, 0x2103, 0x20E4, 0x20E4, 0x2104, 0x20E4, 0x20E3, 0x20E4, 0x2104, 0x2104,
  0x20E4, 0x20E4, 0x2104, 0x2104, 0x20E4, 0x20E4, 0x20E4, 0x2104, 0x20E4, 0x2104, 0x2104, 0x20E4,
  0x2104, 0x2103, 0x20E4, 0x20E4, 0x2104, 0x20E4, 0x20E4, 0x20E4, 0x20E4, 0x2104, 0x2104, 0x20E4,
  0x20E4, 0x2104, 0x20E4, 0x2104, 0x20E4, 0x20E3, 0x20E3, 0x20E4, 0x20E3, 0x20E4, 0x20E3, 0x20E4,
  0x20E4, 0x20E4, 0x2104, 0x2104, 0x2104, 0x20E4, 0x2104, 0x2104, 0x20E4, 0x20E4, 0x2104, 0x2104,
  0x20E4, 0x2104, 0x2104, 0x2104, 0x2104, 0x20E4, 0x20E3, 0x20E3, 0x20E4, 0x20E3, 0x20E3, 0x20E4,
  0x20E4, 0x20E4, 0x20E4, 0x20E4, 0x20E3, 0x20E4, 0x20E4, 0x20E3, 0x20E4, 0x20E3, 0x20E4, 0x20E4,
  0x20E4, 0x20E4, 0x20E4, 0x2103, 0x20E4, 0x2104, 0x20E3, 0x20E4, 0x20E4, 0x2104, 0x20E4, 0x20E3,
  0x20E4, 0x20E4, 0x20E4, 0x20E4, 0x2104, 0x2104, 0x20E4, 0x20E4, 0x20E4, 0x20E3, 0x20E3, 0x20E4,
  0x20E4, 0x2104, 0x2104, 0x2104, 0x2104, 0x20E4, 0x20E4, 0x2104, 0x2104, 0x20E3, 0x2104, 0x20E4,
  0x20E4, 0x20E4, 0x20E4, 0x20E4, 0x2104, 0x2104, 0x20E4, 0x2104, 0x2104, 0x2104, 0x2104, 0x2104,
  0xECE3, 0xECE3, 0xECE3, 0xECE3, 0xECE3, 0xECE3, 0xECE3, 0xECE3, 0xECE3, 0xECE3, 0xECE3, 0xECE3,
  0xECE3, 0xECE3, 0xECE3, 0xECE3, 0xECE3, 0xECE3, 0xECE3, 0xECE3, 0xECE3, 0xECE3, 0xECE3, 0xED05,
  0xF5AA, 0xECC2, 0xECC3, 0xECE4, 0xECE3, 0xECE3, 0xECE3, 0xECE3, 0xECE3, 0xECE3, 0xECE3, 0xECE3,
  0xECE3, 0xECE3, 0xECE3, 0xECE3, 0xECE3, 0xECE3, 0xECE3, 0xECE3, 0xECE3, 0xECE3, 0xECE3, 0xECE3,
  0xECE3, 0xECE3, 0xECE3, 0xECE3, 0xECE4, 0xECE3, 0xECC2, 0xF5CC, 0xED05, 0xECE3, 0xECE3, 0xECE3,
  0xECE3, 0xECE3, 0xECE3, 0xECE3, 0xECE3, 0xECE3, 0xECE3, 0xECE3, 0xECE3, 0xECE3, 0xECE3, 0xECE3,
  0xECE3, 0xECE3, 0xECE3, 0xECE3, 0xECE3, 0xECE3, 0xF503, 0xCC23, 0x20E4, 0x20E3, 0x20E3, 0x20E3,
  0x20E4, 0x20E3, 0x20E4, 0x20E4, 0x20E4, 0x20E4, 0x20E4, 0x20E4, 0x20E3, 0x20E4, 0x20E4, 0x20E4,
  0x2104, 0x20E4, 0x20E3, 0x20E4, 0x2104, 0x2104, 0x20E4, 0x20E4, 0x20E4, 0x20E4, 0x20E4, 0x20E4,
  0x20E3, 0x20E3, 0x20E4, 0x20E3, 0x20E3, 0x20E4, 0x20E4, 0x20E4, 0x20E4, 0x20E4, 0x20E4, 0x20E4,
  0x20E4, 0x20E4, 0x2104, 0x20E4, 0x20E4, 0x20E4, 0x20E4, 0x20E4, 0x2104, 0x20E4, 0x20E4, 0x20E4,
  0x2104, 0x20E4, 0x20E4, 0x20E4, 0x2104, 0x2104, 0x20E4, 0x20E4, 0x20E3, 0x20E4, 0x2104, 0x2104,
  0x20E4, 0x20E4, 0x20E4, 0x2104, 0x20E4, 0x20E3, 0x2104, 0x20E4, 0x20E4, 0x20E3, 0x20E4, 0x2104,
  0x20E4, 0x20E4, 0x2104, 0x2104, 0x20E4, 0x20E4, 0x2104, 0x20E4, 0x2104, 0x2104, 0x2104, 0x20E4,
  0x20E4, 0x20E4, 0x2104, 0x20E4, 0x20E4, 0x20E3, 0x20E3, 0x20E4, 0x20E3, 0x20E3, 0x20E3, 0x20E4,
  0x20E3, 0x20E3, 0x20E3, 0x20E4, 0x20E3, 0x20E3, 0x20E3, 0x20E3, 0x20E4, 0x20E3, 0x20E3, 0x20E4,
  0x20E4, 0x20E4, 0x20E4, 0x20E3, 0x20E3, 0x20E3, 0x20E4, 0x20E4, 0x20E3, 0x20E4, 0x20E4, 0x20E3,
  0x20E3, 0x20E4, 0x20E3, 0x20E3, 0x2104, 0x2104, 0x20E3, 0x20E4, 0x2104, 0x20E4, 0x20E4, 0x20E4,
  0x20E4, 0x20E4, 0x2104, 0x2104, 0x2104, 0x2104, 0x2104, 0x2104, 0x20E4, 0x20E4, 0x20E4, 0x20E3,
  0x20E4, 0x20E4, 0x20E4, 0x20E4, 0x20E4, 0x2104, 0x2104, 0x2104, 0x2104, 0x2104, 0x2104, 0x2104,
  0xECE3, 0xECE3, 0xECE3, 0xECE3, 0xECE3, 0xECE3, 0xECE3, 0xECE3, 0xECE3, 0xECE3, 0xECE3, 0xECE3,
  0xECE3, 0xECE3, 0xECE3, 0xECE3, 0xECE3, 0xECE3, 0xECE3, 0xECE3, 0xECE3, 0xECE3, 0xECE3, 0xECE3,
  0xECC2, 0xECE3, 0xECE3, 0xECE3, 0xECE3, 0xECE3, 0xECE3, 0xECE3, 0xECE3, 0xECE3, 0xECE3, 0xECE3,
  0xECE3, 0xECE3, 0xECE3, 0xECE3, 0xECE3, 0xECE3, 0xECE3, 0xECE3, 0xECE3, 0xECE3, 0xECE3, 0xECE3,
  0xECE3, 0xECE3, 0xECE3, 0xECE3, 0xECE3, 0xECE3, 0xECE3, 0xECC2, 0xECE3, 0xECE3, 0xECE3, 0xECE3,
  0xECE3, 0xECE3, 0xECE3, 0xECE3, 0xECE3, 0xECE3, 0xECE3, 0xECE3, 0xECE3, 0xECE3, 0xECE3, 0xECE3,
  0xECE3, 0xECE3, 0xECE3, 0xECE3, 0xECE3, 0xECE3, 0xF503, 0xCC23, 0x20E4, 0x20E3, 0x20E4, 0x20E3,
  0x20E4, 0x20E4, 0x20E4, 0x20E4, 0x20E3, 0x20E4, 0x20E3, 0x20E4, 0x20E4, 0x20E4, 0x2104, 0x20E4,
  0x20E3, 0x20E4, 0x2104, 0x20E4, 0x20E4, 0x20E4, 0x20E4, 0x2104, 0x20E4, 0x20E3, 0x20E3, 0x20E4,
  0x20E3, 0x20E3, 0x20E3, 0x20E3, 0x20E4, 0x20E3, 0x20E4, 0x20E4, 0x20E4, 0x20E4, 0x20E3, 0x20E3,
  0x20E4, 0x20E4, 0x20E4, 0x20E4, 0x20E4, 0x20E4, 0x20E3, 0x20E4, 0x2103, 0x2104, 0x20E4, 0x20E4,
  0x20E4, 0x20E4, 0x20E3, 0x2104, 0x2104, 0x2104, 0x20E4, 0x20E4, 0x20E4, 0x20E4, 0x2104, 0x20E4,
  0x2104, 0x2104, 0x2104, 0x20E4, 0x20E4, 0x20E3, 0x20E4, 0x20E4, 0x20E4, 0x20E3, 0x20E4, 0x20E4,
  0x2104, 0x2104, 0x20E4, 0x20E3, 0x20E4, 0x20E4, 0x2104, 0x2104, 0x20E4, 0x2104, 0x2104, 0x20E4,
  0x20E4, 0x20E4, 0x20E4, 0x20E3, 0x20E3, 0x20E3, 0x20E3, 0x20E4, 0x20E3, 0x20E3, 0x20E3, 0x20E3,
  0x20E3, 0x20E3, 0x20E3, 0x20E3, 0x20E3, 0x20E3, 0x20E3, 0x20E4, 0x20E4, 0x20E3, 0x20E4, 0x20E4,
  0x20E3, 0x20E4, 0x20E3, 0x20E3, 0x20E3, 0x20E3, 0x20E3, 0x20E4, 0x20E4, 0x20E4, 0x20E3, 0x20E4,
  0x20E4, 0x20E3, 0x20E4, 0x2104, 0x20E3, 0x20E3, 0x20E4, 0x20E3, 0x20E3, 0x20E4, 0x20E3, 0x20E3,
  0x20E4, 0x20E4, 0x20E4, 0x2104, 0x20E4, 0x20E4, 0x20E4, 0x20E4, 0x20E4, 0x20E3, 0x20E4, 0x20E4,
  0x20E4, 0x20E3, 0x2104, 0x20E4, 0x20E3, 0x20E3, 0x2104, 0x20E4, 0x20E4, 0x2104, 0x2104, 0x2104,
  0xECE3, 0xECE3, 0xECE3, 0xECE3, 0xECE3, 0xECE3, 0xECE3, 0xECE3, 0xECE3, 0xECE3, 0xECE3, 0xECE3,
  0xECE3, 0xECE3, 0xECE3, 0xECE3, 0xECE3, 0xECE3, 0xECE3, 0xECE3, 0xECE3, 0xECE3, 0xECE3, 0xECE3,
  0xECE4, 0xECE3, 0xECE3, 0xECE3, 0xECE3, 0xECE3, 0xECE3, 0xECE3, 0xECE3, 0xECE3, 0xECE3, 0xECE3,
  0xECE3, 0xECE3, 0xECE3, 0xECE3, 0xECE3, 0xECE3, 0xECE3, 0xECE3, 0xECE3, 0xECE3, 0xECE3, 0xECE3,
  0xECE3, 0xECE3, 0xECE3, 0xECE3, 0xECE3, 0xECE3, 0xECE3, 0xECE3, 0xECE3, 0xECE3, 0xECE3, 0xECE3,
  0xECE3, 0xECE3, 0xECE3, 0xECE3, 0xECE3, 0xECE3, 0xECE3, 0xECE3, 0xECE3, 0xECE3, 0xECE3, 0xECE3,
  0xECE3, 0xECE3, 0xECE3, 0xECE3, 0xECE3, 0xECE3, 0xF503, 0xCC43, 0x20E4, 0x20E3, 0x20E3, 0x20E3,
  0x20E4, 0x20E4, 0x20E4, 0x20E4, 0x20E3, 0x20E4, 0x20E4, 0x20E4, 0x20E4, 0x20E3, 0x2104, 0x20E4,
  0x20E3, 0x2104, 0x20E4, 0x2104, 0x20E4, 0x20E4, 0x2104, 0x2104, 0x20E3, 0x20E4, 0x20E3, 0x20E3,
  0x20E3, 0x20E3, 0x20E3, 0x20E3, 0x20E3, 0x20E3, 0x20E4, 0x20E3, 0x20E3, 0x20E4, 0x20E3, 0x2104,
  0x20E4, 0x20E3, 0x20E4, 0x20E4, 0x20E3, 0x2103, 0x20E4, 0x20E4, 0x2104, 0x20E4, 0x20E4, 0x20E3,
  0x20E4, 0x20E3, 0x20E3, 0x20E4, 0x20E4, 0x20E4, 0x20E3, 0x20E4, 0x20E4, 0x20E4, 0x2104, 0x20E4,
  0x20E4, 0x2104, 0x2104, 0x20E4, 0x20E4, 0x2103, 0x2104, 0x20E4, 0x20E4, 0x2103, 0x20E3, 0x20E3,
  0x20E4, 0x2104, 0x20E4, 0x20E4, 0x20E4, 0x20E4, 0x20E4, 0x20E4, 0x2104, 0x2104, 0x2104, 0x20E4,
  0x20E4, 0x20E3, 0x2104, 0x20E3, 0x20E3, 0x20E3, 0x20E3, 0x20E4, 0x20E3, 0x20E3, 0x20E3, 0x20E3,
  0x20E3, 0x20E3, 0x20E3, 0x20E3, 0x20E3, 0x20E3, 0x20E3, 0x20E3, 0x20E4, 0x20E3, 0x20E3, 0x20E4,
  0x20E3, 0x20E4, 0x20E3, 0x20E3, 0x20E3, 0x20E3, 0x20E3, 0x20E3, 0x20E3, 0x20E4, 0x20E4, 0x20E3,
  0x20E3, 0x20E3, 0x20E3, 0x20E4, 0x20E3, 0x20E3, 0x20E4, 0x20E4, 0x20E3, 0x20E3, 0x20E3, 0x20E3,
  0x20E4, 0x20E4, 0x20E4, 0x20E4, 0x2104, 0x2104, 0x20E4, 0x20E4, 0x20E4, 0x20E4, 0x20E3, 0x20E4,
  0x20E3, 0x20E3, 0x20E3, 0x20E4, 0x20E3, 0x20E4, 0x2104, 0x20E3, 0x20E3, 0x2104, 0x20E4, 0x2104,
  0xECE3, 0xECE3, 0xECE3, 0xECE3, 0xECE3, 0xECE3, 0xECE3, 0xECE3, 0xECE3, 0xECE3, 0xECE3, 0xECE3,
  0xECE3, 0xECE3, 0xECE3, 0xECE3, 0xECE3, 0xECE3, 0xECE3, 0xECE3, 0xECE3, 0xECE3, 0xECE3, 0xECE3,
  0xECE3, 0xECE3, 0xECE3, 0xECE3, 0xECE3, 0xECE3, 0xECE3, 0xECE3, 0xECE3, 0xECE3, 0xECE3, 0xECE3,
  0xECE3, 0xECE3, 0xECE3, 0xECE3, 0xECE3, 0xECE3, 0xECE3, 0xECE3, 0xECE3, 0xECE3, 0xECE3, 0xECE3,
  0xECE3, 0xECE3, 0xECE3, 0xECE3, 0xECE3, 0xECE3, 0xECE3, 0xECE3, 0xECE3, 0xECE3, 0xECE3, 0xECE3,
  0xECE3, 0xECE3, 0xECE3, 0xECE3, 0xECE3, 0xECE3, 0xECE3, 0xECE3, 0xECE3, 0xECE3, 0xECE3, 0xECE3,
  0xECE3, 0xECE3, 0xECE3, 0xECE3, 0xECE3, 0xECE3, 0xF503, 0xCC43, 0x20E4, 0x20E3, 0x20E3, 0x20E4,
  0x2104, 0x2104, 0x20E4, 0x20E4, 0x2103, 0x20E4, 0x20E4, 0x20E3, 0x2103, 0x20E3, 0x20E4, 0x20E4,
  0x20E3, 0x20E4, 0x2104, 0x20E4, 0x20E4, 0x2104, 0x2104, 0x20E3, 0x20E4, 0x20E3, 0x20E3, 0x20E3,
  0x20E3, 0x20E3, 0x20E3, 0x20E3, 0x20E3, 0x20E3, 0x20E4, 0x20E3, 0x20E4, 0x20E4, 0x2104, 0x2104,
  0x20E4, 0x20E3, 0x20E4, 0x20E4, 0x20E3, 0x20E4, 0x20E4, 0x20E4, 0x20E4, 0x20E4, 0x2104, 0x20E4,
  0x20E4, 0x20E4, 0x20E4, 0x20E3, 0x20E4, 0x20E4, 0x2104, 0x2104, 0x20E4, 0x2104, 0x2104, 0x2104,
  0x2104, 0x2104, 0x20E3, 0x2104, 0x2104, 0x20E4, 0x2104, 0x2104, 0x2104, 0x20E4, 0x20E3, 0x20E3,
  0x20E4, 0x20E4, 0x2104, 0x20E4, 0x20E4, 0x20E4, 0x2104, 0x20E4, 0x2104, 0x2104, 0x20E4, 0x2104,
  0x20E4, 0x20E3, 0x20E4, 0x20E3, 0x20E3, 0x20E4, 0x20E3, 0x20E4, 0x20E3, 0x20E3, 0x20E3, 0x20E3,
  0x20E4, 0x20E3, 0x20E3, 0x20E3, 0x20E3, 0x20E4, 0x20E3, 0x20E4, 0x20E3, 0x20E3, 0x20E4, 0x20E4,
  0x20E3, 0x20E4, 0x20E3, 0x20E3, 0x20E3, 0x20E3, 0x20E3, 0x20E3, 0x20E3, 0x20E3, 0x20E3, 0x20E4,
  0x20E3, 0x20E3, 0x20E3, 0x20E4, 0x20E3, 0x20E4, 0x20E4, 0x20E3, 0x20E3, 0x20E3, 0x20E3, 0x20E4,
  0x20E3, 0x20E4, 0x20E4, 0x20E3, 0x20E4, 0x2104, 0x2104, 0x20E4, 0x20E4, 0x20E4, 0x20E4, 0x20E3,
  0x20E4, 0x20E4, 0x20E4, 0x20E4, 0x20E4, 0x20E4, 0x20E4, 0x20E4, 0x20E4, 0x20E4, 0x20E4, 0x20E4,
  0xECE3, 0xECE3, 0xECE3, 0xECE3, 0xECE3, 0xECE3, 0xECE3, 0xECE3, 0xECE3, 0xECE3, 0xECE3, 0xECE3,
  0xECE3, 0xECE3, 0xECE3, 0xECE3, 0xECE3, 0xECE3, 0xECE3, 0xECE3, 0xECE3, 0xECE3, 0xECE3, 0xECE3,
  0xECE3, 0xECE3, 0xECE3, 0xECE3, 0xECE3, 0xECE3, 0xECE3, 0xECE3, 0xECE3, 0xECE3, 0xECE3, 0xECE3,
  0xECE3, 0xECE3, 0xECE3, 0xECE3, 0xECE3, 0xECE3, 0xECE3, 0xECE3, 0xECE3, 0xECE3, 0xECE3, 0xECE3,
  0xECE3, 0xECE3, 0xECE3, 0xECE3, 0xECE3, 0xECE3, 0xECE3, 0xECE3, 0xECE3, 0xECE3, 0xECE3, 0xECE3,
  0xECE3, 0xECE3, 0xECE3, 0xECE3, 0xECE3, 0xECE3, 0xECE3, 0xECE3, 0xECE3, 0xECE3, 0xECE3, 0xECE3,
  0xECE3, 0xECE3, 0xECE3, 0xECE3, 0xECE3, 0xECE3, 0xF503, 0xCC23, 0x20E4, 0x20E3, 0x20E3, 0x20E3,
  0x20E3, 0x20E4, 0x2104, 0x2104, 0x20E4, 0x20E4, 0x2104, 0x2104, 0x20E4, 0x2104, 0x20E4, 0x20E4,
  0x20E3, 0x20E4, 0x2104, 0x20E3, 0x2104, 0x2104, 0x20E3, 0x20E3, 0x20E3, 0x20E3, 0x20E4, 0x20E4,
  0x2104, 0x2103, 0x20E3, 0x20E3, 0x20E3, 0x20E4, 0x20E3, 0x20E3, 0x20E4, 0x20E4, 0x20E4, 0x20E4,
  0x20E4, 0x20E4, 0x2104, 0x20E4, 0x20E4, 0x20E3, 0x20E4, 0x20E4, 0x2103, 0x2104, 0x20E4, 0x20E4,
  0x20E4, 0x20E4, 0x20E3, 0x20E3, 0x2104, 0x20E4, 0x20E4, 0x20E4, 0x20E4, 0x20E4, 0x2104, 0x2104,
  0x18C3, 0x18C3, 0x2104, 0x20E4, 0x20E4, 0x20E3, 0x2104, 0x18C3, 0x18A3, 0x2104, 0x2104, 0x20E3,
  0x2103, 0x2104, 0x2104, 0x20E4, 0x20E4, 0x2104, 0x2104, 0x2104, 0x20E4, 0x20E4, 0x2104, 0x20E4,
  0x20E4, 0x2104, 0x2104, 0x20E4, 0x20E4, 0x20E4, 0x20E4, 0x20E4, 0x20E3, 0x20E4, 0x20E3, 0x20E3,
  0x20E4, 0x20E3, 0x20E3, 0x20E3, 0x20E3, 0x20E3, 0x20E4, 0x20E4, 0x20E4, 0x20E3, 0x20E3, 0x20E3,
  0x20E3, 0x20E3, 0x20E4, 0x20E4, 0x2104, 0x20E4, 0x20E3, 0x20E3, 0x20E3, 0x20E4, 0x20E3, 0x20E3,
  0x20E4, 0x20E3, 0x20E4, 0x20E4, 0x20E3, 0x20E4, 0x20E3, 0x20E3, 0x20E3, 0x2103, 0x2103, 0x20E3,
  0x20E3, 0x20E4, 0x20E4, 0x20E4, 0x20E4, 0x20E4, 0x20E4, 0x2104, 0x20E4, 0x20E4, 0x2104, 0x20E3,
  0x20E3, 0x20E3, 0x20E4, 0x20E3, 0x2103, 0x20E4, 0x2104, 0x20E4, 0x20E4, 0x20E4, 0x20E4, 0x20E3,
  0xECE3, 0xECE3, 0xECE3, 0xECE3, 0xECE3, 0xECE3, 0xECE3, 0xECE3, 0xECE3, 0xECE3, 0xECE3, 0xECE3,
  0xECE3, 0xECE3, 0xECE3, 0xECE3, 0xECE3, 0xECE3, 0xECE3, 0xECE3, 0xECE3, 0xECE3, 0xECE3, 0xECE3,
  0xECE3, 0xECE3, 0xECE3, 0xECE3, 0xECE3, 0xECE3, 0xECE3, 0xECE3, 0xECE3, 0xECE3, 0xECE3, 0xECE3,
  0xECE3, 0xECE3, 0xECE3, 0xECE3, 0xECE3, 0xECE3, 0xECE3, 0xECE3, 0xECE3, 0xECE3, 0xECE3, 0xECE3,
  0xECE3, 0xECE3, 0xECE3, 0xECE3, 0xECE3, 0xECE3, 0xECE3, 0xECE3, 0xECE3, 0xECE3, 0xECE3, 0xECE3,
  0xECE3, 0xECE3, 0xECE3, 0xECE3, 0xECE3, 0xECE3, 0xECE3, 0xECE3, 0xECE3, 0xECE3, 0xECE3, 0xECE3,
  0xECE3, 0xECE3, 0xECE3, 0xECE3, 0xECE3, 0xECE3, 0xF503, 0xCC23, 0x20E4, 0x20E3, 0x20E3, 0x20E3,
  0x20E4, 0x2104, 0x2104, 0x2104, 0x20E4, 0x20E3, 0x20E3, 0x20E4, 0x2104, 0x20E4, 0x2104, 0x20E4,
  0x20E4, 0x20E4, 0x20E3, 0x20E4, 0x20E4, 0x20E4, 0x20E4, 0x20E3, 0x20E4, 0x20E4, 0x20E4, 0x20E3,
  0x18C4, 0x18E4, 0x20E3, 0x20E3, 0x20E3, 0x20E3, 0x20E4, 0x20E3, 0x20E3, 0x20E4, 0x20E3, 0x2103,
  0x2904, 0x20E4, 0x20E4, 0x20E3, 0x20E4, 0x20E3, 0x20E3, 0x20E3, 0x20E4, 0x18C4, 0x2924, 0x20E4,
  0x2903, 0x20E4, 0x20E4, 0x2104, 0x20E4, 0x2104, 0x20E4, 0x20E4, 0x2104, 0x2104, 0x20E3, 0x18A2,
  0x39E7, 0x3186, 0x18A2, 0x2104, 0x20E3, 0x2104, 0x18A2, 0x3165, 0x41E7, 0x18C3, 0x20E3, 0x2104,
  0x20E3, 0x20E4, 0x20E4, 0x20E4, 0x2104, 0x20E4, 0x2104, 0x2104, 0x2104, 0x2104, 0x2104, 0x20E4,
  0x2103, 0x18C4, 0x18C4, 0x20E3, 0x20E4, 0x20E3, 0x20E3, 0x20E4, 0x20E3, 0x20E4, 0x20E4, 0x20E4,
  0x20E4, 0x2104, 0x20E3, 0x2104, 0x20E4, 0x20E4, 0x20E3, 0x2924, 0x2104, 0x20E3, 0x20E3, 0x20E3,
  0x20E3, 0x20E3, 0x20E3, 0x2103, 0x18C3, 0x2904, 0x2104, 0x20E3, 0x20E3, 0x20E4, 0x20E3, 0x20E3,
  0x20E3, 0x20E4, 0x20E3, 0x20E3, 0x20E3, 0x20E4, 0x20E3, 0x20E3, 0x20E3, 0x18C3, 0x18C3, 0x2104,
  0x20E3, 0x20E3, 0x20E4, 0x20E3, 0x20E4, 0x2104, 0x2104, 0x20E4, 0x2904, 0x20E4, 0x18E4, 0x2104,
  0x20E3, 0x20E4, 0x20E3, 0x20E3, 0x20E4, 0x20E3, 0x20E4, 0x20E4, 0x2104, 0x20E3, 0x20E3, 0x20E3,
  0xECE3, 0xECE3, 0xECE3, 0xECE3, 0xECE3, 0xECE3, 0xECE3, 0xECE3, 0xECE3, 0xECE3, 0xECE3, 0xECE3,
  0xECE3, 0xECE3, 0xECE3, 0xECE3, 0xECE3, 0xECE3, 0xECE3, 0xECE3, 0xECE3, 0xECE3, 0xECE3, 0xECE3,
  0xECE3, 0xECE3, 0xECE3, 0xECE3, 0xECE3, 0xECE3, 0xECE3, 0xECE3, 0xECE3, 0xECE3, 0xECE3, 0xECE3,
  0xECE3, 0xECE3, 0xECE3, 0xECE3, 0xECE3, 0xECE3, 0xECE3, 0xECE3, 0xECE3, 0xECE3, 0xECE3, 0xECE3,
  0xECE3, 0xECE3, 0xECE3, 0xECE3, 0xECE3, 0xECE3, 0xECE3, 0xECE3, 0xECE3, 0xECE3, 0xECE3, 0xECE3,
  0xECE3, 0xECE3, 0xECE3, 0xECE3, 0xECE3, 0xECE3, 0xECE3, 0xECE3, 0xECE3, 0xECE3, 0xECE3, 0xECE3,
  0xECE3, 0xECE3, 0xECE3, 0xECE3, 0xECE3, 0xECE3, 0xF503, 0xCC23, 0x20E4, 0x20E3, 0x20E3, 0x20E3,
  0x20E4, 0x20E4, 0x20E4, 0x20E4, 0x2104, 0x20E4, 0x2104, 0x20E4, 0x2104, 0x2104, 0x20E4, 0x2104,
  0x20E4, 0x20E4, 0x2103, 0x2104, 0x2104, 0x2104, 0x2104, 0x2104, 0x2104, 0x20E3, 0x2104, 0x2104,
  0x6243, 0x3983, 0x18E3, 0x2103, 0x2104, 0x2104, 0x2104, 0x2104, 0x20E4, 0x2904, 0x10A4, 0x6243,
  0xB3E3, 0x18C4, 0x2104, 0x2104, 0x2104, 0x20E4, 0x20E3, 0x2103, 0x10A4, 0x9344, 0x72A3, 0x0883,
  0x49E4, 0xB404, 0x2104, 0x18E3, 0x20E4, 0x20E4, 0x20E4, 0x2104, 0x2104, 0x2104, 0x2104, 0xA534,
  0xCE79, 0xD69A, 0x738E, 0x18A3, 0x2924, 0x18C3, 0x6B2C, 0xD69A, 0xCE58, 0xB596, 0x2104, 0x20E3,
  0x20E4, 0x20E4, 0x20E4, 0x20E4, 0x2104, 0x20E4, 0x2104, 0x2104, 0x2104, 0x2104, 0x2104, 0x2104,
  0x18E4, 0x5A23, 0x49E4, 0x18E4, 0x2103, 0x20E3, 0x2103, 0x2104, 0x20E4, 0x2104, 0x2104, 0x2104,
  0x20E4, 0x2104, 0x2104, 0x20E4, 0x2104, 0x2104, 0x2104, 0xC423, 0x41A3, 0x18C4, 0x2104, 0x2104,
  0x20E4, 0x20E3, 0x2103, 0x10A3, 0x5A23, 0xA383, 0x18C4, 0x2104, 0x2104, 0x20E4, 0x20E4, 0x2104,
  0x20E4, 0x20E4, 0x2104, 0x20E4, 0x20E3, 0x2104, 0x2103, 0x2104, 0x18E4, 0x49C3, 0x5A03, 0x18E4,
  0x2104, 0x20E4, 0x20E3, 0x2103, 0x2104, 0x2104, 0x2104, 0x18C4, 0x49C3, 0xB404, 0x2924, 0x18E4,
  0x20E3, 0x20E4, 0x20E4, 0x20E3, 0x20E4, 0x20E3, 0x20E3, 0x20E3, 0x20E4, 0x20E4, 0x20E3, 0x20E3,
  0xECE3, 0xECE3, 0xECE3, 0xECE3, 0xECE3, 0xECE3, 0xECE3, 0xECE3, 0xECE3, 0xECE3, 0xECE3, 0xECE3,
  0xECE3, 0xECE3, 0xECE3, 0xECE3, 0xECE3, 0xECE3, 0xECE3, 0xECE3, 0xECE3, 0xECE3, 0xECE3, 0xECE3,
  0xECE3, 0xECE3, 0xECE3, 0xECE3, 0xECE3, 0xECE3, 0xECE3, 0xECE3, 0xECE3, 0xECE3, 0xECE3, 0xECE3,
  0xECE3, 0xECE3, 0xECE3, 0xECE3, 0xECE3, 0xECE3, 0xECE3, 0xECE3, 0xECE3, 0xECE3, 0xECE3, 0xECE3,
  0xECE3, 0xECE3, 0xECE3, 0xECE3, 0xECE3, 0xECE3, 0xECE3, 0xECE3, 0xECE3, 0xECE3, 0xECE3, 0xECE3,
  0xECE3, 0xECE3, 0xECE3, 0xECE3, 0xECE3, 0xECE3, 0xECE3, 0xECE3, 0xECE3, 0xECE3, 0xECE3, 0xECE3,
  0xECE3, 0xECE3, 0xECE3, 0xECE3, 0xECE3, 0xECE3, 0xF503, 0xCC23, 0x20E3, 0x20E3, 0x20E3, 0x20E3,
  0x20E3, 0x20E3, 0x20E3, 0x20E4, 0x20E4, 0x20E4, 0x20E4, 0x2104, 0x20E4, 0x18C4, 0x2104, 0x20E3,
  0x20E3, 0x20E3, 0x18C4, 0x20E4, 0x18C4, 0x1083, 0x18C3, 0x18C4, 0x18C4, 0x2104, 0x20E4, 0x0863,
  0xCC23, 0x6244, 0x0864, 0x18E4, 0x2104, 0x2104, 0x10A4, 0x18C4, 0x20E4, 0x18C3, 0x10A4, 0x72A4,
  0xC464, 0x0863, 0x18E3, 0x18C4, 0x18E4, 0x2104, 0x2104, 0x10A3, 0x82C3, 0xB3E3, 0x18E4, 0x2104,
  0x10C4, 0x82C3, 0xB3E3, 0x18C4, 0x2104, 0x2104, 0x2104, 0x2104, 0x2104, 0x1082, 0x5ACA, 0xDEDB,
  0x1061, 0x5269, 0xD69A, 0x18A2, 0x2104, 0x18C3, 0xD6BA, 0x630C, 0x0820, 0xD69A, 0x62EC, 0x1082,
  0x2104, 0x20E3, 0x20E3, 0x2104, 0x2104, 0x2104, 0x18C3, 0x10A3, 0x20E4, 0x18C4, 0x18E4, 0x2103,
  0x0864, 0xABA3, 0x82E3, 0x0044, 0x20E4, 0x2104, 0x18C4, 0x10A4, 0x20E4, 0x18C4, 0x10C4, 0x2104,
  0x2104, 0x18C4, 0x10A4, 0x20E4, 0x20E4, 0x10A4, 0x2104, 0xDCA4, 0x49C4, 0x18C3, 0x18C3, 0x10A3,
  0x2104, 0x2104, 0x18C4, 0x41A4, 0xD463, 0x3963, 0x18C3, 0x20E3, 0x10A3, 0x18C4, 0x20E4, 0x10A4,
  0x20E4, 0x20E4, 0x10A4, 0x18C4, 0x20E4, 0x10A4, 0x18E3, 0x2103, 0x0043, 0x82E3, 0xAB83, 0x0043,
  0x18C4, 0x2104, 0x20E4, 0x10A4, 0x18C3, 0x20E4, 0x18C4, 0x2104, 0x18C4, 0x8304, 0xBBE3, 0x10A3,
  0x2103, 0x20E4, 0x20E4, 0x20E4, 0x20E3, 0x20E3, 0x20E4, 0x20E3, 0x20E3, 0x20E4, 0x2104, 0x2104,
  0xECE3, 0xECE3, 0xECE3, 0xECE3, 0xECE3, 0xECE3, 0xECE3, 0xECE3, 0xECE3, 0xECE3, 0xECE3, 0xECE3,
  0xECE3, 0xECE3, 0xECE3, 0xECE3, 0xECE3, 0xECE3, 0xECE3, 0xECE3, 0xECE3, 0xECE3, 0xECE3, 0xECE3,
  0xECE3, 0xECE3, 0xECE3, 0xECE3, 0xECE3, 0xECE3, 0xECE3, 0xECE3, 0xECE3, 0xECE3, 0xECE3, 0xECE3,
  0xECE3, 0xECE3, 0xECE3, 0xECE3, 0xECE3, 0xECE3, 0xECE3, 0xECE3, 0xECE3, 0xECE3, 0xECE3, 0xECE3,
  0xECE3, 0xECE3, 0xECE3, 0xECE3, 0xECE3, 0xECE3, 0xECE3, 0xECE3, 0xECE3, 0xECE3, 0xECE3, 0xECE3,
  0xECE3, 0xECE3, 0xECE3, 0xECE3, 0xECE3, 0xECE3, 0xECE3, 0xECE3, 0xECE3, 0xECE3, 0xECE3, 0xECE3,
  0xECE3, 0xECE3, 0xECE3, 0xECE3, 0xECE3, 0xECE3, 0xF503, 0xCC23, 0x20E3, 0x20E3, 0x20E3, 0x20E3,
  0x20E3, 0x20E4, 0x20E4, 0x20E4, 0x2104, 0x20E4, 0x2104, 0x18C4, 0x5A04, 0x8B24, 0x18E4, 0x2104,
  0x2104, 0x18C4, 0x8304, 0x5A04, 0x41C4, 0xABC4, 0xB403, 0xC443, 0x7283, 0x10A3, 0x3143, 0xA383,
  0xE4C3, 0xBC03, 0xABC4, 0x7283, 0x18C4, 0x18E3, 0x72A3, 0xBC23, 0xC444, 0xB3E3, 0x2923, 0x6243,
  0xC423, 0x7284, 0xBC04, 0xC444, 0x51E3, 0x18C3, 0x20E4, 0x41A4, 0xDCA3, 0x2903, 0x18C3, 0x2104,
  0x2104, 0x10A4, 0xCC64, 0x7284, 0x10A3, 0x2104, 0x20E3, 0x20E4, 0x2104, 0x18C3, 0x4A28, 0xD6BA,
  0x18C3, 0x94B2, 0xA534, 0x10A2, 0x18C3, 0x1082, 0xC5F7, 0x630C, 0x3186, 0xD6BA, 0x39A6, 0x18A2,
  0x18A3, 0x2104, 0x20E4, 0x20E4, 0x2104, 0x18C4, 0x51E3, 0xBC03, 0xBBE3, 0xBC03, 0x5204, 0x2104,
  0x9343, 0xD484, 0xC424, 0xABA3, 0x82E3, 0x10C4, 0x51E3, 0xABC3, 0xBC24, 0xC443, 0x6A83, 0x18C4,
  0x20E4, 0x3984, 0xA383, 0xC423, 0xC444, 0x82E4, 0x18E3, 0xD484, 0x51E4, 0x0863, 0x3963, 0xA383,
  0x41A3, 0x20E4, 0x18C4, 0xC403, 0x7284, 0x0884, 0x2904, 0x20E4, 0x82C3, 0xC444, 0xBC03, 0x9B62,
  0x2103, 0x2944, 0x9344, 0xB404, 0xC443, 0xA383, 0x2923, 0x18C3, 0x82E3, 0xD483, 0xCC43, 0xA382,
  0x8B23, 0x20E4, 0x2104, 0x8B24, 0xBC03, 0xBBE2, 0xA363, 0x2103, 0x20E3, 0x0883, 0xBBE3, 0x72A4,
  0x10A4, 0x2104, 0x20E4, 0x20E4, 0x20E4, 0x20E3, 0x20E4, 0x20E3, 0x20E4, 0x20E3, 0x20E3, 0x2104,
  0xECE3, 0xECE3, 0xECE3, 0xECE3, 0xECE3, 0xECE3, 0xECE3, 0xECE3, 0xECE3, 0xECE3, 0xECE3, 0xECE3,
  0xECE3, 0xECE3, 0xECE3, 0xECE3, 0xECE3, 0xECE3, 0xECE3, 0xECE3, 0xECE3, 0xECE3, 0xECE3, 0xECE3,
  0xECE3, 0xECE3, 0xECE3, 0xECE3, 0xECE3, 0xECE3, 0xECE3, 0xECE3, 0xECE3, 0xECE3, 0xECE3, 0xECE3,
  0xECE3, 0xECE3, 0xECE3, 0xECE3, 0xECE3, 0xECE3, 0xECE3, 0xECE3, 0xECE3, 0xECE3, 0xECE3, 0xECE3,
  0xECE3, 0xECE3, 0xECE3, 0xECE3, 0xECE3, 0xECE3, 0xECE3, 0xECE3, 0xECE3, 0xECE3, 0xECE3, 0xECE3,
  0xECE3, 0xECE3, 0xECE3, 0xECE3, 0xECE3, 0xECE3, 0xECE3, 0xECE3, 0xECE3, 0xECE3, 0xECE3, 0xECE3,
  0xECE3, 0xECE3, 0xECE3, 0xECE3, 0xECE3, 0xECE3, 0xF503, 0xCC23, 0x20E3, 0x20E3, 0x20E3, 0x20E3,
  0x20E3, 0x20E3, 0x20E4, 0x20E3, 0x20E4, 0x20E4, 0x2104, 0x18C4, 0x5A24, 0xD463, 0x18E4, 0x20E4,
  0x20E4, 0x18C4, 0xC443, 0x51E3, 0x49E3, 0x7AC4, 0x3984, 0x5A23, 0xECE3, 0x49C4, 0x2104, 0x5204,
  0xD484, 0x82E3, 0x49C3, 0x41A3, 0x10A4, 0x9344, 0xDCA3, 0x49C3, 0x4183, 0x6243, 0x2924, 0x6244,
  0xF523, 0x8B03, 0x3163, 0x9343, 0xD464, 0x20E4, 0x1083, 0x8B03, 0xB3C3, 0x10A4, 0x2104, 0x2104,
  0x2104, 0x10A4, 0x7283, 0xC443, 0x10C4, 0x2104, 0x2104, 0x20E4, 0x2104, 0x2924, 0x1061, 0x94B2,
  0xEF7D, 0x9472, 0x20E3, 0x1082, 0x4A49, 0x2945, 0x4228, 0xEF7D, 0xC618, 0x4A69, 0x1082, 0x3186,
  0x4A49, 0x18E3, 0x2104, 0x2103, 0x18C3, 0x3163, 0xE4C4, 0x5A23, 0x2923, 0x51E3, 0x3963, 0x2104,
  0x49C4, 0xBC23, 0x9B63, 0x49C3, 0x41A3, 0x18C4, 0x6244, 0x72A4, 0x3164, 0x5A43, 0xED03, 0x41A3,
  0x2103, 0xDCC4, 0x9B64, 0x3983, 0x49E3, 0x5A24, 0x2924, 0xD484, 0x3984, 0x49C4, 0xDCA4, 0x6A63,
  0x18C3, 0x18C3, 0x49C4, 0xE4C4, 0x2924, 0x20E3, 0x10A3, 0x82E3, 0xD464, 0x3164, 0x4183, 0x51E3,
  0x2104, 0x3144, 0x7AC3, 0x49C3, 0x3163, 0xC423, 0x9B43, 0x10A4, 0x41C4, 0xA3A4, 0xB3E3, 0x49C4,
  0x51E3, 0x1083, 0x8B03, 0xC424, 0x3144, 0x4183, 0x51E3, 0x20E3, 0x2103, 0x10A4, 0x72A4, 0xCC64,
  0x18C4, 0x2104, 0x20E4, 0x20E4, 0x20E4, 0x20E3, 0x20E3, 0x20E4, 0x20E3, 0x20E4, 0x2104, 0x20E3,
  0xECE3, 0xECE3, 0xECE3, 0xECE3, 0xECE3, 0xECE3, 0xECE3, 0xECE3, 0xECE3, 0xECE3, 0xECE3, 0xECE3,
  0xECE3, 0xECE3, 0xECE3, 0xECE3, 0xECE3, 0xECE3, 0xECE3, 0xECE3, 0xECE3, 0xECE3, 0xECE3, 0xECE3,
  0xECE3, 0xECE3, 0xECE3, 0xECE3, 0xECE3, 0xECE3, 0xECE3, 0xECE3, 0xECE3, 0xECE3, 0xECE3, 0xECE3,
  0xECE3, 0xECE3, 0xECE3, 0xECE3, 0xECE3, 0xECE3, 0xECE3, 0xECE3, 0xECE3, 0xECE3, 0xECE3, 0xECE3,
  0xECE3, 0xECE3, 0xECE3, 0xECE3, 0xECE3, 0xECE3, 0xECE3, 0xECE3, 0xECE3, 0xECE3, 0xECE3, 0xECE3,
  0xECE3, 0xECE3, 0xECE3, 0xECE3, 0xECE3, 0xECE3, 0xECE3, 0xECE3, 0xECE3, 0xECE3, 0xECE3, 0xECE3,
  0xECE3, 0xECE3, 0xECE3, 0xECE3, 0xECE3, 0xECE3, 0xF503, 0xCC43, 0x20E4, 0x20E3, 0x20E3, 0x20E3,
  0x20E3, 0x20E3, 0x20E4, 0x20E3, 0x20E4, 0x2104, 0x2104, 0x18E4, 0x3964, 0xD483, 0x20E4, 0x8B03,
  0x9B63, 0x18E4, 0xCC64, 0x41A4, 0x0883, 0x0864, 0x20E3, 0x2104, 0xCC64, 0x7AC4, 0x10A4, 0x0883,
  0xBBE3, 0x5A03, 0x0884, 0x18C4, 0x3144, 0xE4E4, 0x49C4, 0x08A4, 0x18E3, 0x18C3, 0x10A4, 0x7284,
  0xCC64, 0x10C4, 0x10A3, 0x4183, 0xD483, 0x2924, 0x1083, 0xB3E3, 0x9324, 0x10A4, 0x2104, 0x20E4,
  0x2103, 0x10A3, 0x51E3, 0xE4E4, 0x2924, 0x20E4, 0x2104, 0x20E3, 0x2104, 0x18C3, 0x4208, 0xB5B6,
  0xE6FC, 0x8C30, 0x0000, 0x736D, 0xD6BA, 0x3186, 0x94B2, 0xD69A, 0xCE59, 0x10A2, 0x18E3, 0xD69A,
  0x8430, 0x1082, 0x2104, 0x20E3, 0x18E4, 0x3964, 0xE4C3, 0x7AA3, 0x3144, 0x0884, 0x10C4, 0x2103,
  0x0043, 0xA383, 0x82E4, 0x0064, 0x18E4, 0x2104, 0x10A3, 0x0063, 0x2104, 0x2924, 0xD464, 0x6244,
  0x82E4, 0xC403, 0x0884, 0x18E4, 0x18C3, 0x10A3, 0x2103, 0xCC64, 0x9B64, 0xCC64, 0x49C4, 0x10A4,
  0x2904, 0x10A4, 0x6A84, 0xCC43, 0x18C3, 0x2103, 0x10A3, 0x82C4, 0xDCA3, 0x51E3, 0x20E4, 0x0884,
  0x2104, 0x20E4, 0x0043, 0x18C3, 0x20E4, 0x82E4, 0xC424, 0x18E4, 0x0863, 0x7AC3, 0xA384, 0x0064,
  0x20E4, 0x10A3, 0x82C3, 0xCC43, 0x49A3, 0x20E3, 0x0884, 0x2104, 0x2104, 0x18C4, 0x51E4, 0xDCC3,
  0x2923, 0x20E3, 0x20E3, 0x2104, 0x20E4, 0x20E4, 0x20E4, 0x20E4, 0x20E4, 0x20E4, 0x20E4, 0x20E4,
  0xECE3, 0xECE3, 0xECE3, 0xECE3, 0xECE3, 0xECE3, 0xECE3, 0xECE3, 0xECE3, 0xECE3, 0xECE3, 0xECE3,
  0xECE3, 0xECE3, 0xECE3, 0xECE3, 0xECE3, 0xECE3, 0xECE3, 0xECE3, 0xECE3, 0xECE3, 0xECE3, 0xECE3,
  0xECE3, 0xECE3, 0xECE3, 0xECE3, 0xECE3, 0xECE3, 0xECE3, 0xECE3, 0xECE3, 0xECE3, 0xECE3, 0xECE3,
  0xECE3, 0xECE3, 0xECE3, 0xECE3, 0xECE3, 0xECE3, 0xECE3, 0xECE3, 0xECE3, 0xECE3, 0xECE3, 0xECE3,
  0xECE3, 0xECE3, 0xECE3, 0xECE3, 0xECE3, 0xECE3, 0xECE3, 0xECE3, 0xECE3, 0xECE3, 0xECE3, 0xECE3,
  0xECE3, 0xECE3, 0xECE3, 0xECE3, 0xECE3, 0xECE3, 0xECE3, 0xECE3, 0xECE3, 0xECE3, 0xECE3, 0xECE3,
  0xECE3, 0xECE3, 0xECE3, 0xECE3, 0xECE3, 0xECE3, 0xF503, 0xCC43, 0x20E4, 0x20E3, 0x20E3, 0x20E3,
  0x20E3, 0x20E3, 0x20E3, 0x2104, 0x20E4, 0x2104, 0x2104, 0x2104, 0x2103, 0xCC43, 0x5A24, 0xC423,
  0xCC43, 0x5A04, 0xC423, 0x2924, 0x3983, 0xABA3, 0xB3C3, 0xA3A4, 0xE4E4, 0x6A63, 0x10A3, 0x18C3,
  0xBC03, 0x6243, 0x18C4, 0x20E4, 0x41A4, 0xDC83, 0x2923, 0x2104, 0x2104, 0x2924, 0x10A3, 0x6243,
  0xBC03, 0x18C3, 0x18E4, 0x49E4, 0xD483, 0x2103, 0x10A3, 0xC424, 0x8B24, 0x10A4, 0x2103, 0x20E3,
  0x2104, 0x18C4, 0x5204, 0xE4E4, 0x2923, 0x18E3, 0x2104, 0x2104, 0x20E3, 0x20E4, 0xD69A, 0x6B2C,
  0x1082, 0xE71C, 0x6B6D, 0xBDF7, 0x31A6, 0x7BCF, 0xC638, 0x0000, 0x9492, 0xB596, 0x83F0, 0xA514,
  0x0841, 0x2104, 0x20E4, 0x2104, 0x2104, 0x18C3, 0x49C3, 0xC424, 0xDCC4, 0xC403, 0x4183, 0x20E4,
  0x10C4, 0xABA4, 0x8B04, 0x10A4, 0x2924, 0x18E4, 0x4183, 0xABC3, 0xABC3, 0xA383, 0xE4A3, 0x5A24,
  0xA3A4, 0x9B64, 0x10A4, 0x2904, 0x2104, 0x2104, 0x20E3, 0xCC43, 0xDCA3, 0xD442, 0x2923, 0x18C4,
  0x2924, 0x10A4, 0x72A3, 0xCC22, 0x10A3, 0x2104, 0x2104, 0x20E3, 0x7AC3, 0xD484, 0xDCC4, 0x8B03,
  0x18E3, 0x2104, 0x9344, 0xB3E3, 0xA363, 0xCC44, 0xB404, 0x18C4, 0x10A3, 0x8304, 0xA383, 0x10A3,
  0x2903, 0x2104, 0x2104, 0x82E3, 0xD483, 0xDCC4, 0x9324, 0x20E3, 0x20E3, 0x18C3, 0x4183, 0xE4A3,
  0x3144, 0x18E3, 0x2104, 0x20E4, 0x20E4, 0x20E4, 0x2104, 0x20E4, 0x2104, 0x20E4, 0x20E3, 0x20E4,
  0xECE3, 0xECE3, 0xECE3, 0xECE3, 0xECE3, 0xECE3, 0xECE3, 0xECE3, 0xECE3, 0xECE3, 0xECE3, 0xECE3,
  0xECE3, 0xECE3, 0xECE3, 0xECE3, 0xECE3, 0xECE3, 0xECE3, 0xECE3, 0xECE3, 0xECE3, 0xECE3, 0xECE3,
  0xECE3, 0xECE3, 0xECE3, 0xECE3, 0xECE3, 0xECE3, 0xECE3, 0xECE3, 0xECE3, 0xECE3, 0xECE3, 0xECE3,
  0xECE3, 0xECE3, 0xECE3, 0xECE3, 0xECE3, 0xECE3, 0xECE3, 0xECE3, 0xECE3, 0xECE3, 0xECE3, 0xECE3,
  0xECE3, 0xECE3, 0xECE3, 0xECE3, 0xECE3, 0xECE3, 0xECE3, 0xECE3, 0xECE3, 0xECE3, 0xECE3, 0xECE3,
  0xECE3, 0xECE3, 0xECE3, 0xECE3, 0xECE3, 0xECE3, 0xECE3, 0xECE3, 0xECE3, 0xECE3, 0xECE3, 0xECE3,
  0xECE3, 0xECE3, 0xECE3, 0xECE3, 0xECE3, 0xECE3, 0xF503, 0xCC43, 0x20E4, 0x20E3, 0x20E3, 0x20E3,
  0x20E4, 0x20E4, 0x20E4, 0x20E4, 0x20E4, 0x2104, 0x2104, 0x2104, 0x18C3, 0xABA3, 0xCC63, 0x7283,
  0x6A64, 0xCC43, 0xB3A3, 0x18E4, 0xCC83, 0x9344, 0x18E4, 0x0043, 0xB3C3, 0x72A4, 0x10A4, 0x18E4,
  0xCC64, 0x6244, 0x10A4, 0x18C3, 0x2923, 0xE4E4, 0x49C4, 0x0883, 0x20E4, 0x18E4, 0x1083, 0x6A63,
  0xC424, 0x18C4, 0x18C3, 0x4183, 0xD463, 0x3144, 0x10A4, 0xABA4, 0x9B43, 0x0883, 0x2103, 0x2104,
  0x2104, 0x10C4, 0x6243, 0xD463, 0x18C3, 0x20E3, 0x2104, 0x2104, 0x18A2, 0x41E7, 0xDEDB, 0x18C3,
  0x1082, 0x2924, 0xEF5D, 0xA514, 0x0000, 0xC638, 0x6B4D, 0x0000, 0x1061, 0x9CD3, 0xFFDF, 0x2124,
  0x18A2, 0x2104, 0x20E3, 0x20E3, 0x20E3, 0x20E3, 0x10A4, 0x10A4, 0x2103, 0x9B43, 0xC423, 0x18C3,
  0x1083, 0xABA3, 0x82E4, 0x0884, 0x18E4, 0x2104, 0xD483, 0x82E4, 0x18E4, 0x0063, 0xC403, 0x6244,
  0x82C3, 0xBBE3, 0x0864, 0x20E4, 0x18E4, 0x18C4, 0x2924, 0xD464, 0x3963, 0x72A3, 0xED04, 0x2944,
  0x18C4, 0x18C4, 0x5A03, 0xD463, 0x18E3, 0x20E3, 0x20E3, 0x18C3, 0x0884, 0x18C4, 0x3963, 0xDC83,
  0x6244, 0x7AC4, 0xCC64, 0x2924, 0x0064, 0x6A43, 0xBC03, 0x18C4, 0x10A3, 0x8303, 0xA384, 0x0884,
  0x18C4, 0x18E4, 0x18E4, 0x0884, 0x18E4, 0x41A4, 0xDC83, 0x6A63, 0x10A3, 0x18C3, 0x5A23, 0xD483,
  0x20E4, 0x20E4, 0x20E4, 0x20E3, 0x20E4, 0x20E4, 0x2104, 0x20E4, 0x2104, 0x2104, 0x20E4, 0x20E4,
  0xECE3, 0xECE3, 0xECE3, 0xECE3, 0xECE3, 0xECE3, 0xECE3, 0xECE3, 0xECE3, 0xECE3, 0xECE3, 0xECE3,
  0xECE3, 0xECE3, 0xECE3, 0xECE3, 0xECE3, 0xECE3, 0xECE3, 0xECE3, 0xECE3, 0xECE3, 0xECE3, 0xECE3,
  0xECE3, 0xECE3, 0xECE3, 0xECE3, 0xECE3, 0xECE3, 0xECE3, 0xECE3, 0xECE3, 0xECE3, 0xECE3, 0xECE3,
  0xECE3, 0xECE3, 0xECE3, 0xECE3, 0xECE3, 0xECE3, 0xECE3, 0xECE3, 0xECE3, 0xECE3, 0xECE3, 0xECE3,
  0xECE3, 0xECE3, 0xECE3, 0xECE3, 0xECE3, 0xECE3, 0xECE3, 0xECE3, 0xECE3, 0xECE3, 0xECE3, 0xECE3,
  0xECE3, 0xECE3, 0xECE3, 0xECE3, 0xECE3, 0xECE3, 0xECE3, 0xECE3, 0xECE3, 0xECE3, 0xECE3, 0xECE3,
  0xECE3, 0xECE3, 0xECE3, 0xECE3, 0xECE3, 0xECE3, 0xF503, 0xCC43, 0x20E4, 0x20E3, 0x20E3, 0x20E4,
  0x2104, 0x20E3, 0x20E4, 0x20E4, 0x20E4, 0x2104, 0x2104, 0x2904, 0x10A4, 0x9B63, 0xFD23, 0x2944,
  0x2924, 0xF523, 0xAB83, 0x0883, 0xDCA3, 0x82E3, 0x3144, 0x82E3, 0xF502, 0x6A83, 0x10C4, 0x18C4,
  0xC444, 0x9343, 0x2924, 0x5204, 0x18C4, 0x9323, 0xDCA3, 0x51E4, 0x3143, 0x51E3, 0x2924, 0x6A84,
  0xCC43, 0x10A3, 0x18C3, 0x49C3, 0xDCA3, 0x2924, 0x10A3, 0x5A23, 0xCC43, 0x18C4, 0x2104, 0x2104,
  0x2904, 0x0884, 0x9B63, 0x9B63, 0x1084, 0x2104, 0x20E4, 0x2104, 0x20E4, 0x2124, 0xDEFB, 0x8C71,
  0x20E3, 0x52AA, 0xD69A, 0xD6BA, 0x4208, 0x7BCF, 0xDEFB, 0x4208, 0x39A6, 0xA514, 0xEF5D, 0x8C51,
  0x2945, 0x2104, 0x2104, 0x20E3, 0x20E3, 0x2924, 0x5A04, 0x3943, 0x20E3, 0x9323, 0xBC04, 0x18C4,
  0x10A3, 0x9B63, 0xB3C3, 0x2103, 0x49C3, 0x3164, 0xE504, 0x7AA4, 0x2923, 0x8B03, 0xFD43, 0x6223,
  0x20E3, 0xE4E3, 0x9324, 0x3143, 0x3983, 0x51E4, 0x2924, 0xDCC4, 0x51E4, 0x0064, 0x9343, 0xDC83,
  0x2903, 0x18E3, 0x2904, 0xDCC4, 0x51E4, 0x18C3, 0x20E4, 0x49A4, 0x51E3, 0x3143, 0x3143, 0xD463,
  0x5A03, 0x8B24, 0xCC43, 0x2103, 0x5A03, 0xD463, 0xBBE3, 0x18C4, 0x10C4, 0x7AE4, 0xD463, 0x2903,
  0x5204, 0x3164, 0x3983, 0x49C3, 0x3123, 0x3963, 0xD463, 0x6244, 0x18C4, 0x1084, 0x9B43, 0xA363,
  0x10A4, 0x2104, 0x20E3, 0x20E3, 0x20E4, 0x2104, 0x20E4, 0x2104, 0x20E4, 0x20E4, 0x20E4, 0x20E4,
  0xECE3, 0xECE3, 0xECE3, 0xECE3, 0xECE3, 0xECE3, 0xECE3, 0xECE3, 0xECE3, 0xECE3, 0xECE3, 0xECE3,
  0xECE3, 0xECE3, 0xECE3, 0xECE3, 0xECE3, 0xECE3, 0xECE3, 0xECE3, 0xECE3, 0xECE3, 0xECE3, 0xECE3,
  0xECE3, 0xECE3, 0xECE3, 0xECE3, 0xECE3, 0xECE3, 0xECE3, 0xECE3, 0xECE3, 0xECE3, 0xECE3, 0xECE3,
  0xECE3, 0xECE3, 0xECE3, 0xECE3, 0xECE3, 0xECE3, 0xECE3, 0xECE3, 0xECE3, 0xECE3, 0xECE3, 0xECE3,
  0xECE3, 0xECE3, 0xECE3, 0xECE3, 0xECE3, 0xECE3, 0xECE3, 0xECE3, 0xECE3, 0xECE3, 0xECE3, 0xECE3,
  0xECE3, 0xECE3, 0xECE3, 0xECE3, 0xECE3, 0xECE3, 0xECE3, 0xECE3, 0xECE3, 0xECE3, 0xECE3, 0xECE3,
  0xECE3, 0xECE3, 0xECE3, 0xECE3, 0xECE3, 0xECE3, 0xF503, 0xCC43, 0x20E4, 0x20E3, 0x20E3, 0x20E4,
  0x2104, 0x20E4, 0x20E4, 0x2104, 0x20E4, 0x20E4, 0x2104, 0x2104, 0x18C4, 0x7283, 0x8B03, 0x10C3,
  0x10C3, 0x8B03, 0x7AC3, 0x10A4, 0x6244, 0xD484, 0xCC43, 0x8303, 0x8AE3, 0x6A43, 0x10C3, 0x18C3,
  0x51E3, 0xCC43, 0xC444, 0x9B84, 0x2104, 0x18C3, 0x82E3, 0xCC43, 0xC423, 0xBC03, 0x3983, 0x5204,
  0x9B63, 0x18C4, 0x18E4, 0x41A4, 0xA363, 0x20E3, 0x20E3, 0x18C3, 0xC444, 0x7AC4, 0x0884, 0x2903,
  0x10A3, 0x3963, 0xDCA3, 0x3984, 0x18E4, 0x2104, 0x20E3, 0x20E3, 0x2104, 0x18C3, 0x4A28, 0xC618,
  0xC638, 0xC618, 0x4228, 0x6B4D, 0xC638, 0x2945, 0x8C30, 0xD69A, 0xCE59, 0x8410, 0x2924, 0xBDD7,
  0x8410, 0x18A2, 0x2104, 0x20E3, 0x20E4, 0x3164, 0xB3E3, 0xBBE2, 0xC403, 0xB3C4, 0x3964, 0x20E4,
  0x18E4, 0x41A4, 0xC423, 0xC402, 0xABA2, 0x2923, 0x5A24, 0xD4A3, 0xCC63, 0x82E3, 0x8B23, 0x6A63,
  0x10A4, 0x41A4, 0xB3E3, 0xC423, 0xC444, 0x8B23, 0x18E3, 0xA384, 0x41A4, 0x18E3, 0x10A3, 0x9B63,
  0x8B03, 0x20E4, 0x10C4, 0x82E3, 0xBC03, 0x10A4, 0x18E4, 0x6A64, 0xC443, 0xBC23, 0xC403, 0x7AC3,
  0x18C3, 0x2923, 0xB3E3, 0xCC63, 0xA3A3, 0x7284, 0x9B44, 0x20E4, 0x20E4, 0x3144, 0xB3C3, 0xC423,
  0xBC03, 0x3984, 0x6A64, 0xCC43, 0xB3E2, 0xC423, 0x7AC4, 0x18E3, 0x10A3, 0x3963, 0xD483, 0x3164,
  0x18E3, 0x2104, 0x20E3, 0x20E4, 0x20E4, 0x2104, 0x20E4, 0x20E4, 0x20E3, 0x2104, 0x2104, 0x20E4,
  0xECE3, 0xECE3, 0xECE3, 0xECE3, 0xECE3, 0xECE3, 0xECE3, 0xECE3, 0xECE3, 0xECE3, 0xECE3, 0xECE3,
  0xECE3, 0xECE3, 0xECE3, 0xECE3, 0xECE3, 0xECE3, 0xECE3, 0xECE3, 0xECE3, 0xECE3, 0xECE3, 0xECE3,
  0xECE3, 0xECE3, 0xECE3, 0xECE3, 0xECE3, 0xECE3, 0xECE3, 0xECE3, 0xECE3, 0xECE3, 0xECE3, 0xECE3,
  0xECE3, 0xECE3, 0xECE3, 0xECE3, 0xECE3, 0xECE3, 0xECE3, 0xECE3, 0xECE3, 0xECE3, 0xECE3, 0xECE3,
  0xECE3, 0xECE3, 0xECE3, 0xECE3, 0xECE3, 0xECE3, 0xECE3, 0xECE3, 0xECE3, 0xECE3, 0xECE3, 0xECE3,
  0xECE3, 0xECE3, 0xECE3, 0xECE3, 0xECE3, 0xECE3, 0xECE3, 0xECE3, 0xECE3, 0xECE3, 0xECE3, 0xECE3,
  0xECE3, 0xECE3, 0xECE3, 0xECE3, 0xECE3, 0xECE3, 0xF503, 0xCC43, 0x20E4, 0x20E3, 0x20E4, 0x2104,
  0x2104, 0x2104, 0x2104, 0x2104, 0x2104, 0x2104, 0x2104, 0x2104, 0x2104, 0x18E4, 0x18C4, 0x2103,
  0x2104, 0x18E4, 0x18E4, 0x2104, 0x18C4, 0x18E3, 0x20E3, 0x10A3, 0x18E4, 0x20E4, 0x20E4, 0x2104,
  0x18E4, 0x18E4, 0x2103, 0x18C4, 0x2104, 0x2104, 0x10A3, 0x18C3, 0x2903, 0x18C3, 0x18C3, 0x20E4,
  0x18E4, 0x2104, 0x2104, 0x20E3, 0x18C3, 0x20E3, 0x2103, 0x18E4, 0x3964, 0xCC43, 0x51E3, 0x10C3,
  0x3144, 0xC423, 0x6223, 0x10A4, 0x2104, 0x20E4, 0x20E4, 0x20E4, 0x20E3, 0x2104, 0x18A2, 0x1082,
  0x2945, 0x18A2, 0x18A2, 0x18A2, 0x18A2, 0x20E4, 0x1082, 0x2104, 0x2104, 0x1082, 0x18C3, 0x1082,
  0x20E3, 0x2104, 0x20E4, 0x20E3, 0x2104, 0x20E4, 0x18C3, 0x2103, 0x2903, 0x10A4, 0x18E3, 0x2104,
  0x2104, 0x18E4, 0x18C3, 0x2103, 0x18C4, 0x20E4, 0x18C4, 0x20E4, 0x2104, 0x10A4, 0x18C3, 0x20E3,
  0x2104, 0x18C3, 0x10A3, 0x2903, 0x2103, 0x18C4, 0x20E3, 0x18C3, 0x20E4, 0x2104, 0x20E3, 0x10A4,
  0x20E4, 0x2104, 0x2103, 0x10A3, 0xA3A3, 0x8B23, 0x18C4, 0x18C3, 0x18E3, 0x2924, 0x18E3, 0x10A3,
  0x2103, 0x18E3, 0x10A3, 0x2904, 0x18C4, 0x18C4, 0x18E4, 0x20E3, 0x20E3, 0x18E3, 0x18C4, 0x2924,
  0x18C3, 0x18E3, 0x18E4, 0x2104, 0x2903, 0x18C3, 0x10C4, 0x20E4, 0x3144, 0xC443, 0x6224, 0x10A3,
  0x2103, 0x20E4, 0x20E3, 0x20E4, 0x20E4, 0x2104, 0x20E4, 0x2104, 0x20E4, 0x2104, 0x2104, 0x20E4,
  0xECE3, 0xECE3, 0xECE3, 0xECE3, 0xECE3, 0xECE3, 0xECE3, 0xECE3, 0xECE3, 0xECE3, 0xECE3, 0xECE3,
  0xECE3, 0xECE3, 0xECE3, 0xECE3, 0xECE3, 0xECE3, 0xECE3, 0xECE3, 0xECE3, 0xECE3, 0xECE3, 0xECE3,
  0xECE3, 0xECE3, 0xECE3, 0xECE3, 0xECE3, 0xECE3, 0xECE3, 0xECE3, 0xECE3, 0xECE3, 0xECE3, 0xECE3,
  0xECE3, 0xECE3, 0xECE3, 0xECE3, 0xECE3, 0xECE3, 0xECE3, 0xECE3, 0xECE3, 0xECE3, 0xECE3, 0xECE3,
  0xECE3, 0xECE3, 0xECE3, 0xECE3, 0xECE3, 0xECE3, 0xECE3, 0xECE3, 0xECE3, 0xECE3, 0xECE3, 0xECE3,
  0xECE3, 0xECE3, 0xECE3, 0xECE3, 0xECE3, 0xECE3, 0xECE3, 0xECE3, 0xECE3, 0xECE3, 0xECE3, 0xECE3,
  0xECE3, 0xECE3, 0xECE3, 0xECE3, 0xECE3, 0xECE3, 0xF503, 0xCC43, 0x20E4, 0x20E4, 0x20E3, 0x20E4,
  0x20E4, 0x2104, 0x2104, 0x2104, 0x2104, 0x2104, 0x2104, 0x2104, 0x2104, 0x2104, 0x2104, 0x2104,
  0x2104, 0x2104, 0x2104, 0x20E4, 0x2103, 0x2103, 0x20E4, 0x2104, 0x2104, 0x2103, 0x20E3, 0x20E4,
  0x2104, 0x20E3, 0x20E3, 0x2103, 0x20E4, 0x2104, 0x2104, 0x20E3, 0x20E3, 0x20E3, 0x2104, 0x2103,
  0x2103, 0x20E3, 0x20E3, 0x20E3, 0x2103, 0x20E3, 0x20E4, 0x2104, 0x18C4, 0x3983, 0x5203, 0x10A4,
  0x4183, 0x5A03, 0x10A4, 0x2104, 0x20E4, 0x20E4, 0x20E3, 0x20E4, 0x2104, 0x20E3, 0x2104, 0x2104,
  0x20E3, 0x2104, 0x2104, 0x2104, 0x2104, 0x20E4, 0x2104, 0x20E3, 0x20E3, 0x2104, 0x2104, 0x2104,
  0x2104, 0x2104, 0x20E4, 0x20E4, 0x20E4, 0x20E3, 0x2103, 0x20E4, 0x20E4, 0x2103, 0x20E3, 0x20E4,
  0x20E4, 0x2104, 0x2104, 0x20E4, 0x2104, 0x2104, 0x2104, 0x20E3, 0x20E3, 0x2103, 0x2103, 0x20E3,
  0x20E3, 0x2104, 0x2104, 0x20E3, 0x20E3, 0x2103, 0x2104, 0x2104, 0x2104, 0x20E3, 0x2104, 0x2104,
  0x20E4, 0x20E4, 0x2104, 0x20E4, 0x2103, 0x6243, 0x2104, 0x2103, 0x20E3, 0x20E3, 0x20E3, 0x2104,
  0x20E3, 0x2104, 0x2104, 0x20E3, 0x2103, 0x2103, 0x2104, 0x20E4, 0x2104, 0x2104, 0x2104, 0x20E4,
  0x2104, 0x2104, 0x2103, 0x20E3, 0x20E3, 0x2103, 0x2103, 0x18E4, 0x41A3, 0x5A03, 0x10A3, 0x2103,
  0x20E3, 0x20E4, 0x20E4, 0x20E4, 0x2104, 0x20E4, 0x2104, 0x2104, 0x20E4, 0x20E4, 0x2103, 0x2104,
  0xECE3, 0xECE3, 0xECE3, 0xECE3, 0xECE3, 0xECE3, 0xECE3, 0xECE3, 0xECE3, 0xECE3, 0xECE3, 0xECE3,
  0xECE3, 0xECE3, 0xECE3, 0xECE3, 0xECE3, 0xECE3, 0xECE3, 0xECE3, 0xECE3, 0xECE3, 0xECE3, 0xECE3,
  0xECE3, 0xECE3, 0xECE3, 0xECE3, 0xECE3, 0xECE3, 0xECE3, 0xECE3, 0xECE3, 0xECE3, 0xECE3, 0xECE3,
  0xECE3, 0xECE3, 0xECE3, 0xECE3, 0xECE3, 0xECE3, 0xECE3, 0xECE3, 0xECE3, 0xECE3, 0xECE3, 0xECE3,
  0xECE3, 0xECE3, 0xECE3, 0xECE3, 0xECE3, 0xECE3, 0xECE3, 0xECE3, 0xECE3, 0xECE3, 0xECE3, 0xECE3,
  0xECE3, 0xECE3, 0xECE3, 0xECE3, 0xECE3, 0xECE3, 0xECE3, 0xECE3, 0xECE3, 0xECE3, 0xECE3, 0xECE3,
  0xECE3, 0xECE3, 0xECE3, 0xECE3, 0xECE3, 0xECE3, 0xF503, 0xCC43, 0x20E4, 0x20E4, 0x20E4, 0x20E3,
  0x2104, 0x20E4, 0x2104, 0x2104, 0x2104, 0x2104, 0x2104, 0x2104, 0x2104, 0x2104, 0x2104, 0x2104,
  0x2104, 0x2104, 0x20E4, 0x2104, 0x2104, 0x2104, 0x2103, 0x20E4, 0x2104, 0x2104, 0x2104, 0x2104,
  0x20E4, 0x2104, 0x2104, 0x20E3, 0x20E4, 0x20E4, 0x20E3, 0x20E3, 0x20E3, 0x20E3, 0x20E3, 0x20E3,
  0x20E3, 0x20E3, 0x20E4, 0x20E3, 0x20E4, 0x20E3, 0x20E4, 0x20E4, 0x2104, 0x18E4, 0x18C4, 0x2104,
  0x18E4, 0x18C3, 0x2104, 0x20E4, 0x20E4, 0x20E4, 0x20E4, 0x20E3, 0x20E3, 0x2104, 0x2104, 0x2104,
  0x2104, 0x2104, 0x20E3, 0x2104, 0x2104, 0x2104, 0x2104, 0x2104, 0x2104, 0x2104, 0x2104, 0x2104,
  0x2104, 0x2104, 0x20E4, 0x20E4, 0x2104, 0x20E4, 0x2104, 0x2103, 0x2104, 0x20E3, 0x20E3, 0x2104,
  0x2104, 0x2104, 0x2104, 0x2104, 0x2104, 0x2104, 0x20E4, 0x2104, 0x2104, 0x20E4, 0x20E4, 0x20E4,
  0x2104, 0x20E4, 0x20E3, 0x2104, 0x2104, 0x2104, 0x2103, 0x20E4, 0x20E4, 0x20E3, 0x20E4, 0x2104,
  0x2104, 0x20E4, 0x20E4, 0x2103, 0x20E3, 0x10A4, 0x20E3, 0x20E3, 0x20E3, 0x20E3, 0x2104, 0x2104,
  0x2104, 0x20E4, 0x2104, 0x2104, 0x2104, 0x2104, 0x2104, 0x20E4, 0x2104, 0x20E4, 0x2104, 0x2104,
  0x2104, 0x2104, 0x2104, 0x2104, 0x2104, 0x2104, 0x20E4, 0x2103, 0x18E4, 0x18C4, 0x2104, 0x20E4,
  0x20E4, 0x20E3, 0x20E3, 0x2104, 0x20E4, 0x20E4, 0x2104, 0x20E4, 0x2104, 0x2104, 0x2104, 0x20E3,
  0xECE3, 0xECE3, 0xECE3, 0xECE3, 0xECE3, 0xECE3, 0xECE3, 0xECE3, 0xECE3, 0xECE3, 0xECE3, 0xECE3,
  0xECE3, 0xECE3, 0xECE3, 0xECE3, 0xECE3, 0xECE3, 0xECE3, 0xECE3, 0xECE3, 0xECE3, 0xECE3, 0xECE3,
  0xECE3, 0xECE3, 0xECE3, 0xECE3, 0xECE3, 0xECE3, 0xECE3, 0xECE3, 0xECE3, 0xECE3, 0xECE3, 0xECE3,
  0xECE3, 0xECE3, 0xECE3, 0xECE3, 0xECE3, 0xECE3, 0xECE3, 0xECE3, 0xECE3, 0xECE3, 0xECE3, 0xECE3,
  0xECE3, 0xECE3, 0xECE3, 0xECE3, 0xECE3, 0xECE3, 0xECE3, 0xECE3, 0xECE3, 0xECE3, 0xECE3, 0xECE3,
  0xECE3, 0xECE3, 0xECE3, 0xECE3, 0xECE3, 0xECE3, 0xECE3, 0xECE3, 0xECE3, 0xECE3, 0xECE3, 0xECE3,
  0xECE3, 0xECE3, 0xECE3, 0xECE3, 0xECE3, 0xECC3, 0xF503, 0xCC43, 0x20E4, 0x20E3, 0x20E3, 0x20E3,
  0x20E4, 0x20E4, 0x20E4, 0x2104, 0x2104, 0x2104, 0x2104, 0x20E4, 0x20E4, 0x20E4, 0x2104, 0x20E4,
  0x2104, 0x2104, 0x20E4, 0x2104, 0x20E4, 0x20E3, 0x20E4, 0x20E3, 0x20E3, 0x20E4, 0x2104, 0x20E4,
  0x2104, 0x20E4, 0x20E4, 0x2104, 0x20E4, 0x20E3, 0x20E3, 0x20E4, 0x20E4, 0x20E3, 0x20E3, 0x2104,
  0x20E3, 0x20E3, 0x20E3, 0x20E3, 0x20E3, 0x20E3, 0x20E4, 0x2104, 0x2104, 0x2104, 0x2104, 0x20E4,
  0x2104, 0x2103, 0x20E4, 0x20E4, 0x20E4, 0x20E3, 0x20E4, 0x20E4, 0x20E4, 0x20E4, 0x20E3, 0x20E4,
  0x20E4, 0x20E4, 0x20E4, 0x20E3, 0x2104, 0x20E4, 0x2104, 0x20E4, 0x20E4, 0x2104, 0x2104, 0x20E4,
  0x2104, 0x2103, 0x20E3, 0x20E4, 0x2104, 0x20E4, 0x2104, 0x20E3, 0x20E3, 0x20E4, 0x20E3, 0x20E4,
  0x20E4, 0x2104, 0x2104, 0x20E4, 0x2104, 0x20E4, 0x20E3, 0x20E4, 0x20E3, 0x20E4, 0x2103, 0x20E4,
  0x2104, 0x20E4, 0x2103, 0x2104, 0x20E4, 0x2103, 0x20E4, 0x20E4, 0x20E3, 0x20E4, 0x2103, 0x20E4,
  0x20E4, 0x20E3, 0x20E3, 0x20E4, 0x20E4, 0x2103, 0x20E3, 0x20E4, 0x20E4, 0x20E4, 0x20E3, 0x20E4,
  0x20E4, 0x20E4, 0x2104, 0x2104, 0x2104, 0x2104, 0x20E3, 0x2104, 0x20E4, 0x20E3, 0x20E4, 0x20E4,
  0x20E4, 0x20E4, 0x2104, 0x20E4, 0x20E4, 0x20E3, 0x2104, 0x20E4, 0x2103, 0x2104, 0x20E4, 0x20E4,
  0x20E4, 0x20E4, 0x2104, 0x2104, 0x20E3, 0x20E4, 0x2104, 0x2104, 0x2104, 0x20E4, 0x20E4, 0x20E3,
  0xECE3, 0xECE3, 0xECE3, 0xECE3, 0xECE3, 0xECE3, 0xECE3, 0xECE3, 0xECE3, 0xECE3, 0xECE3, 0xECE3,
  0xECE3, 0xECE3, 0xECE3, 0xECE3, 0xECE3, 0xECE3, 0xECE3, 0xECE3, 0xECE3, 0xECE3, 0xECE3, 0xECE3,
  0xECE3, 0xECE3, 0xECE3, 0xECE3, 0xECE3, 0xECE3, 0xECE3, 0xECE3, 0xECE3, 0xECE3, 0xECE3, 0xECE3,
  0xECE3, 0xECE3, 0xECE3, 0xECE3, 0xECE3, 0xECE3, 0xECE3, 0xECE3, 0xECE3, 0xECE3, 0xECE3, 0xECE3,
  0xECE3, 0xECE3, 0xECE3, 0xECE3, 0xECE3, 0xECE3, 0xECE3, 0xECE3, 0xECE3, 0xECE3, 0xECE3, 0xECE3,
  0xECE3, 0xECE3, 0xECE3, 0xECE3, 0xECE3, 0xECE3, 0xECE3, 0xECE3, 0xECE3, 0xECE3, 0xECE3, 0xECE3,
  0xECE3, 0xECE3, 0xECE3, 0xECE3, 0xECE3, 0xECE3, 0xF503, 0xCC23, 0x20E4, 0x20E4, 0x20E3, 0x20E3,
  0x20E3, 0x20E4, 0x2104, 0x2104, 0x20E4, 0x20E4, 0x20E4, 0x20E4, 0x2104, 0x2104, 0x20E4, 0x2104,
  0x2104, 0x2104, 0x20E4, 0x20E4, 0x2103, 0x2104, 0x20E3, 0x20E4, 0x20E4, 0x20E3, 0x20E4, 0x2104,
  0x2104, 0x2104, 0x2104, 0x20E4, 0x20E4, 0x2104, 0x20E4, 0x20E4, 0x20E4, 0x20E4, 0x20E3, 0x20E3,
  0x20E4, 0x20E4, 0x20E4, 0x20E3, 0x20E3, 0x20E3, 0x20E4, 0x20E4, 0x20E4, 0x2104, 0x20E4, 0x2103,
  0x20E4, 0x20E3, 0x20E4, 0x20E4, 0x2104, 0x20E4, 0x20E4, 0x20E4, 0x2104, 0x20E4, 0x2104, 0x20E4,
  0x20E4, 0x20E3, 0x20E4, 0x20E4, 0x20E3, 0x2104, 0x20E4, 0x20E4, 0x20E4, 0x20E3, 0x2103, 0x20E4,
  0x2104, 0x20E4, 0x2104, 0x20E3, 0x20E4, 0x2103, 0x20E3, 0x20E3, 0x20E4, 0x20E3, 0x20E3, 0x20E3,
  0x2104, 0x20E4, 0x2104, 0x20E4, 0x20E4, 0x20E4, 0x20E3, 0x20E4, 0x20E3, 0x20E3, 0x2104, 0x2104,
  0x20E3, 0x2104, 0x2104, 0x20E4, 0x2104, 0x2103, 0x20E3, 0x20E4, 0x20E3, 0x20E3, 0x20E3, 0x20E4,
  0x20E3, 0x2104, 0x20E4, 0x20E4, 0x20E4, 0x20E3, 0x20E3, 0x20E4, 0x20E4, 0x20E4, 0x20E4, 0x20E4,
  0x20E3, 0x20E4, 0x2104, 0x20E4, 0x20E4, 0x2104, 0x20E4, 0x20E4, 0x20E3, 0x20E4, 0x20E4, 0x20E4,
  0x20E4, 0x2103, 0x2104, 0x2104, 0x20E4, 0x20E4, 0x20E4, 0x20E4, 0x20E4, 0x20E4, 0x2104, 0x20E3,
  0x20E3, 0x2104, 0x20E4, 0x20E4, 0x20E4, 0x2104, 0x2104, 0x20E4, 0x2104, 0x20E4, 0x20E4, 0x2104,
  0xECE3, 0xECE3, 0xECE3, 0xECE3, 0xECE3, 0xECE3, 0xECE3, 0xECE3, 0xECE3, 0xECE3, 0xECE3, 0xECE3,
  0xECE3, 0xECE3, 0xECE3, 0xECE3, 0xECE3, 0xECE3, 0xECE3, 0xECE3, 0xECE3, 0xECE3, 0xECE3, 0xECE3,
  0xECE3, 0xECE3, 0xECE3, 0xECE3, 0xECE3, 0xECE3, 0xECE3, 0xECE3, 0xECE3, 0xECE3, 0xECE3, 0xECE3,
  0xECE3, 0xECE3, 0xECE3, 0xECE3, 0xECE3, 0xECE3, 0xECE3, 0xECE3, 0xECE3, 0xECE3, 0xECE3, 0xECE3,
  0xECE3, 0xECE3, 0xECE3, 0xECE3, 0xECE3, 0xECE3, 0xECE3, 0xECE3, 0xECE3, 0xECE3, 0xECE3, 0xECE3,
  0xECE3, 0xECE3, 0xECE3, 0xECE3, 0xECE3, 0xECE3, 0xECE3, 0xECE3, 0xECE3, 0xECE3, 0xECE3, 0xECE3,
  0xECE3, 0xECE3, 0xECE3, 0xECE3, 0xECE3, 0xECE3, 0xF503, 0xCC23, 0x20E4, 0x20E3, 0x20E3, 0x20E3,
  0x20E3, 0x20E4, 0x2104, 0x2104, 0x20E4, 0x2104, 0x2104, 0x2104, 0x2104, 0x2104, 0x2104, 0x2104,
  0x20E4, 0x2104, 0x2104, 0x20E4, 0x20E4, 0x2103, 0x20E3, 0x20E4, 0x2104, 0x20E4, 0x2104, 0x2104,
  0x20E4, 0x2104, 0x2104, 0x2104, 0x2104, 0x20E4, 0x20E4, 0x2104, 0x20E3, 0x20E3, 0x20E3, 0x20E3,
  0x2104, 0x2104, 0x20E4, 0x20E4, 0x20E4, 0x20E4, 0x20E4, 0x20E4, 0x20E4, 0x20E4, 0x20E4, 0x20E4,
  0x20E3, 0x20E4, 0x20E4, 0x20E4, 0x20E4, 0x20E3, 0x20E4, 0x20E4, 0x2104, 0x20E4, 0x2104, 0x20E4,
  0x20E4, 0x20E4, 0x20E3, 0x20E4, 0x20E3, 0x20E4, 0x2104, 0x2104, 0x20E3, 0x2104, 0x20E4, 0x2104,
  0x2104, 0x20E4, 0x2103, 0x20E4, 0x20E4, 0x20E4, 0x20E3, 0x20E4, 0x20E3, 0x20E4, 0x20E4, 0x20E3,
  0x20E4, 0x2104, 0x20E4, 0x2103, 0x20E3, 0x20E4, 0x20E4, 0x20E3, 0x20E4, 0x20E3, 0x20E4, 0x2104,
  0x20E4, 0x2104, 0x20E4, 0x2103, 0x2104, 0x20E3, 0x20E3, 0x20E3, 0x20E4, 0x20E4, 0x20E4, 0x20E4,
  0x20E3, 0x20E4, 0x20E3, 0x20E4, 0x20E4, 0x2103, 0x2104, 0x2104, 0x2104, 0x20E4, 0x20E3, 0x20E4,
  0x20E4, 0x20E4, 0x20E4, 0x2104, 0x20E4, 0x20E3, 0x2104, 0x2104, 0x2104, 0x20E3, 0x2104, 0x2104,
  0x2104, 0x20E4, 0x2104, 0x20E4, 0x2104, 0x2104, 0x20E4, 0x20E3, 0x20E4, 0x20E4, 0x2104, 0x20E4,
  0x2104, 0x20E4, 0x20E4, 0x20E4, 0x2104, 0x20E4, 0x2104, 0x2104, 0x2104, 0x2104, 0x2104, 0x2104,
  0xECE3, 0xECE3, 0xECE3, 0xECE3, 0xECE3, 0xECE3, 0xECE3, 0xECE3, 0xECE3, 0xECE3, 0xECE3, 0xECE3,
  0xECE3, 0xECE3, 0xECE3, 0xECE3, 0xECE3, 0xECE3, 0xECE3, 0xECE3, 0xECE3, 0xECE3, 0xECE3, 0xECE3,
  0xECE3, 0xECE3, 0xECE3, 0xECE3, 0xECE3, 0xECE3, 0xECE3, 0xECE3, 0xECE3, 0xECE3, 0xECE3, 0xECE3,
  0xECE3, 0xECE3, 0xECE3, 0xECE3, 0xECE3, 0xECE3, 0xECE3, 0xECE3, 0xECE3, 0xECE3, 0xECE3, 0xECE3,
  0xECE3, 0xECE3, 0xECE3, 0xECE3, 0xECE3, 0xECE3, 0xECE3, 0xECE3, 0xECE3, 0xECE3, 0xECE3, 0xECE3,
  0xECE3, 0xECE3, 0xECE3, 0xECE3, 0xECE3, 0xECE3, 0xECE3, 0xECE3, 0xECE3, 0xECE3, 0xECE3, 0xECE3,
  0xECE3, 0xECE3, 0xECE3, 0xECE3, 0xECE3, 0xECE3, 0xF503, 0xCC43, 0x20E4, 0x20E3, 0x20E3, 0x20E3,
  0x20E3, 0x2103, 0x20E4, 0x20E4, 0x20E4, 0x20E4, 0x2104, 0x20E4, 0x2104, 0x2104, 0x2104, 0x2104,
  0x2104, 0x2104, 0x20E4, 0x2104, 0x2104, 0x20E4, 0x20E4, 0x20E3, 0x20E4, 0x2104, 0x2104, 0x20E4,
  0x20E4, 0x2104, 0x20E4, 0x20E4, 0x20E4, 0x2104, 0x20E4, 0x20E3, 0x2103, 0x20E3, 0x20E4, 0x2103,
  0x2104, 0x2104, 0x20E4, 0x2104, 0x20E4, 0x2104, 0x2104, 0x2104, 0x20E4, 0x20E4, 0x20E4, 0x20E3,
  0x20E3, 0x20E4, 0x20E4, 0x20E4, 0x20E3, 0x20E4, 0x2104, 0x20E4, 0x2104, 0x2104, 0x20E4, 0x20E3,
  0x2104, 0x20E3, 0x20E3, 0x20E4, 0x20E3, 0x2104, 0x20E4, 0x20E4, 0x20E4, 0x2104, 0x20E4, 0x20E4,
  0x2104, 0x2104, 0x20E4, 0x2104, 0x20E4, 0x20E3, 0x20E3, 0x20E4, 0x20E3, 0x20E4, 0x20E4, 0x20E4,
  0x20E3, 0x20E4, 0x20E4, 0x20E4, 0x20E4, 0x20E3, 0x20E3, 0x20E3, 0x20E4, 0x20E4, 0x20E3, 0x2104,
  0x2104, 0x2104, 0x20E4, 0x20E4, 0x20E4, 0x20E3, 0x20E4, 0x2104, 0x20E4, 0x20E4, 0x2103, 0x20E4,
  0x20E3, 0x20E4, 0x2104, 0x2104, 0x20E4, 0x20E4, 0x20E4, 0x2104, 0x20E4, 0x20E4, 0x20E4, 0x20E4,
  0x2104, 0x20E4, 0x20E4, 0x2104, 0x2104, 0x20E4, 0x2104, 0x2104, 0x20E4, 0x20E3, 0x2104, 0x20E4,
  0x2104, 0x2104, 0x20E4, 0x20E4, 0x20E4, 0x20E3, 0x2104, 0x2104, 0x2103, 0x20E4, 0x20E4, 0x20E4,
  0x20E4, 0x20E3, 0x20E4, 0x20E4, 0x2104, 0x20E4, 0x2104, 0x2104, 0x2104, 0x2104, 0x2104, 0x20E4,
  0xECE3, 0xECE3, 0xECE3, 0xECE3, 0xECE3, 0xECE3, 0xECE3, 0xECE3, 0xECE3, 0xECE3, 0xECE3, 0xECE3,
  0xECE3, 0xECE3, 0xECE3, 0xECE3, 0xECE3, 0xECE3, 0xECE3, 0xECE3, 0xECE3, 0xECE3, 0xECE3, 0xECE3,
  0xECE3, 0xECE3, 0xECE3, 0xECE3, 0xECE3, 0xECE3, 0xECE3, 0xECE3, 0xECE3, 0xECE3, 0xECE3, 0xECE3,
  0xECE3, 0xECE3, 0xECE3, 0xECE3, 0xECE3, 0xECE3, 0xECE3, 0xECE3, 0xECE3, 0xECE3, 0xECE3, 0xECE3,
  0xECE3, 0xECE3, 0xECE3, 0xECE3, 0xECE3, 0xECE3, 0xECE3, 0xECE3, 0xECE3, 0xECE3, 0xECE3, 0xECE3,
  0xECE3, 0xECE3, 0xECE3, 0xECE3, 0xECE3, 0xECE3, 0xECE3, 0xECE3, 0xECE3, 0xECE3, 0xECE3, 0xECE3,
  0xECE3, 0xECE3, 0xECE3, 0xECE3, 0xECE3, 0xECE3, 0xF503, 0xCC43, 0x20E4, 0x20E3, 0x20E4, 0x20E4,
  0x20E4, 0x20E3, 0x20E4, 0x2104, 0x20E4, 0x20E4, 0x2104, 0x2104, 0x2104, 0x2104, 0x20E4, 0x2104,
  0x2104, 0x20E4, 0x20E4, 0x20E4, 0x20E4, 0x20E4, 0x2104, 0x20E4, 0x20E4, 0x2104, 0x20E4, 0x20E4,
  0x2104, 0x20E4, 0x2104, 0x20E4, 0x2104, 0x20E4, 0x2104, 0x20E4, 0x20E4, 0x20E3, 0x20E3, 0x2104,
  0x2104, 0x20E4, 0x2104, 0x2104, 0x2104, 0x2104, 0x20E4, 0x20E3, 0x20E4, 0x20E4, 0x20E3, 0x20E4,
  0x20E4, 0x20E3, 0x2104, 0x20E4, 0x2103, 0x20E4, 0x20E3, 0x20E4, 0x2104, 0x2104, 0x20E4, 0x20E4,
  0x20E3, 0x20E4, 0x20E3, 0x20E4, 0x20E4, 0x20E4, 0x2104, 0x20E4, 0x20E4, 0x2104, 0x20E4, 0x20E4,
  0x2104, 0x20E4, 0x20E4, 0x20E4, 0x2104, 0x2104, 0x20E3, 0x20E4, 0x20E3, 0x20E4, 0x20E4, 0x20E3,
  0x20E4, 0x20E4, 0x20E4, 0x20E4, 0x20E4, 0x20E4, 0x20E3, 0x20E3, 0x20E4, 0x20E3, 0x20E4, 0x20E4,
  0x20E4, 0x20E4, 0x20E4, 0x20E4, 0x2104, 0x2103, 0x2104, 0x20E4, 0x20E4, 0x20E4, 0x2104, 0x20E4,
  0x20E3, 0x20E3, 0x20E4, 0x20E3, 0x2104, 0x20E4, 0x2103, 0x20E4, 0x2104, 0x20E4, 0x20E4, 0x20E4,
  0x2104, 0x20E4, 0x20E4, 0x20E4, 0x20E4, 0x2104, 0x20E4, 0x20E4, 0x20E4, 0x20E3, 0x20E4, 0x20E4,
  0x20E4, 0x2104, 0x2104, 0x20E4, 0x20E3, 0x20E3, 0x2104, 0x2104, 0x20E4, 0x2104, 0x20E4, 0x20E4,
  0x2104, 0x20E4, 0x20E4, 0x2104, 0x2104, 0x2104, 0x2104, 0x2104, 0x2104, 0x2104, 0x2104, 0x20E3,
  0xECE3, 0xECE3, 0xECE3, 0xECE3, 0xECE3, 0xECE3, 0xECE3, 0xECE3, 0xECE3, 0xECE3, 0xECE3, 0xECE3,
  0xECE3, 0xECE3, 0xECE3, 0xECE3, 0xECE3, 0xECE3, 0xECE3, 0xECE3, 0xECE3, 0xECE3, 0xECE3, 0xECE3,
  0xECE3, 0xECE3, 0xECE3, 0xECE3, 0xECE3, 0xECE3, 0xECE3, 0xECE3, 0xECE3, 0xECE3, 0xECE3, 0xECE3,
  0xECE3, 0xECE3, 0xECE3, 0xECE3, 0xECE3, 0xECE3, 0xECE3, 0xECE3, 0xECE3, 0xECE3, 0xECE3, 0xECE3,
  0xECE3, 0xECE3, 0xECE3, 0xECE3, 0xECE3, 0xECE3, 0xECE3, 0xECE3, 0xECE3, 0xECE3, 0xECE3, 0xECE3,
  0xECE3, 0xECE3, 0xECE3, 0xECE3, 0xECE3, 0xECE3, 0xECE3, 0xECE3, 0xECE3, 0xECE3, 0xECE3, 0xECE3,
  0xECE3, 0xECE3, 0xECE3, 0xECE3, 0xECE3, 0xECE3, 0xF503, 0xCC43, 0x20E4, 0x20E4, 0x2103, 0x20E4,
  0x20E3, 0x20E3, 0x20E4, 0x20E4, 0x2104, 0x2104, 0x2104, 0x2104, 0x20E4, 0x20E4, 0x2104, 0x20E4,
  0x2104, 0x2104, 0x20E4, 0x20E3, 0x20E3, 0x20E4, 0x2103, 0x20E3, 0x20E4, 0x20E4, 0x20E3, 0x2104,
  0x20E4, 0x20E3, 0x20E3, 0x2104, 0x2104, 0x20E4, 0x20E3, 0x20E3, 0x20E3, 0x20E3, 0x20E4, 0x20E3,
  0x2104, 0x2104, 0x20E3, 0x20E4, 0x20E4, 0x2104, 0x20E4, 0x20E4, 0x20E3, 0x20E4, 0x20E3, 0x20E3,
  0x20E4, 0x2103, 0x20E4, 0x20E4, 0x20E4, 0x20E3, 0x20E4, 0x20E3, 0x20E4, 0x20E4, 0x20E4, 0x20E4,
  0x20E4, 0x20E4, 0x20E4, 0x20E3, 0x20E4, 0x20E4, 0x2104, 0x2104, 0x2104, 0x2104, 0x20E4, 0x20E4,
  0x20E4, 0x20E4, 0x20E4, 0x2103, 0x2104, 0x2104, 0x20E4, 0x20E4, 0x20E3, 0x20E4, 0x20E3, 0x20E3,
  0x20E4, 0x20E4, 0x20E3, 0x20E3, 0x20E3, 0x20E3, 0x2104, 0x20E4, 0x20E3, 0x20E4, 0x20E3, 0x20E3,
  0x20E3, 0x20E3, 0x2104, 0x20E4, 0x2104, 0x20E3, 0x20E4, 0x20E4, 0x2103, 0x2104, 0x20E4, 0x20E4,
  0x20E4, 0x20E3, 0x20E4, 0x20E4, 0x20E4, 0x20E4, 0x20E4, 0x20E4, 0x2104, 0x2104, 0x20E4, 0x20E3,
  0x20E4, 0x2104, 0x20E4, 0x20E4, 0x20E4, 0x2104, 0x20E4, 0x20E4, 0x20E4, 0x2104, 0x20E4, 0x2104,
  0x20E4, 0x20E4, 0x2103, 0x20E4, 0x20E4, 0x20E4, 0x20E4, 0x20E4, 0x2104, 0x20E4, 0x20E4, 0x2104,
  0x20E4, 0x2104, 0x2104, 0x20E4, 0x2104, 0x2104, 0x2104, 0x2104, 0x2104, 0x2104, 0x2104, 0x2104,
  0xECE3, 0xECE3, 0xECE3, 0xECE3, 0xECE3, 0xECE3, 0xECE3, 0xECE3, 0xECE3, 0xECE3, 0xECE3, 0xECE3,
  0xECE3, 0xECE3, 0xECE3, 0xECE3, 0xECE3, 0xECE3, 0xECE3, 0xECE3, 0xECE3, 0xECE3, 0xECE3, 0xECE3,
  0xECE3, 0xECE3, 0xECE3, 0xECE3, 0xECE3, 0xECE3, 0xECE3, 0xECE3, 0xECE3, 0xECE3, 0xECE3, 0xECE3,
  0xECE3, 0xECE3, 0xECE3, 0xECE3, 0xECE3, 0xECE3, 0xECE3, 0xECE3, 0xECE3, 0xECE3, 0xECE3, 0xECE3,
  0xECE3, 0xECE3, 0xECE3, 0xECE3, 0xECE3, 0xECE3, 0xECE3, 0xECE3, 0xECE3, 0xECE3, 0xECE3, 0xECE3,
  0xECE3, 0xECE3, 0xECE3, 0xECE3, 0xECE3, 0xECE3, 0xECE3, 0xECE3, 0xECE3, 0xECE3, 0xECE3, 0xECE3,
  0xECE3, 0xECE3, 0xECE3, 0xECE3, 0xECE3, 0xECE3, 0xF503, 0xCC23, 0x20E4, 0x20E3, 0x20E4, 0x2104,
  0x20E4, 0x2104, 0x2104, 0x2104, 0x20E4, 0x2104, 0x20E4, 0x20E4, 0x2104, 0x20E4, 0x20E4, 0x2104,
  0x2104, 0x20E4, 0x2104, 0x2104, 0x20E4, 0x2104, 0x20E4, 0x20E3, 0x20E4, 0x20E3, 0x2104, 0x20E4,
  0x2103, 0x2103, 0x20E3, 0x20E3, 0x20E4, 0x20E4, 0x20E4, 0x2103, 0x20E3, 0x20E3, 0x20E4, 0x20E4,
  0x2104, 0x2103, 0x20E4, 0x2104, 0x2104, 0x2104, 0x20E4, 0x20E4, 0x20E3, 0x20E4, 0x20E4, 0x20E4,
  0x20E4, 0x20E4, 0x20E4, 0x20E4, 0x20E3, 0x20E4, 0x20E3, 0x20E4, 0x20E4, 0x20E4, 0x2104, 0x2104,
  0x20E4, 0x20E3, 0x20E4, 0x20E4, 0x20E3, 0x2104, 0x20E4, 0x2104, 0x20E3, 0x20E4, 0x20E3, 0x20E3,
  0x20E3, 0x20E4, 0x20E3, 0x20E4, 0x2104, 0x2104, 0x20E4, 0x20E4, 0x20E4, 0x20E3, 0x20E3, 0x20E4,
  0x20E3, 0x2104, 0x20E4, 0x20E4, 0x20E4, 0x20E3, 0x20E4, 0x20E4, 0x2104, 0x20E4, 0x2104, 0x20E4,
  0x20E4, 0x2104, 0x2104, 0x2104, 0x2104, 0x2104, 0x2104, 0x20E4, 0x20E4, 0x20E4, 0x2104, 0x2104,
  0x20E3, 0x20E3, 0x2104, 0x20E4, 0x20E4, 0x20E4, 0x20E4, 0x20E4, 0x20E4, 0x20E4, 0x20E4, 0x20E4,
  0x20E3, 0x2104, 0x20E3, 0x20E4, 0x20E4, 0x2104, 0x20E4, 0x2104, 0x20E4, 0x2104, 0x20E4, 0x2104,
  0x2104, 0x20E4, 0x20E4, 0x2104, 0x20E4, 0x20E4, 0x20E4, 0x20E3, 0x20E4, 0x20E4, 0x20E3, 0x2103,
  0x20E4, 0x2104, 0x2104, 0x2104, 0x2104, 0x2104, 0x2104, 0x2104, 0x2104, 0x2104, 0x2104, 0x2104,
  0xECE3, 0xECE3, 0xECE3, 0xECE3, 0xECE3, 0xECE3, 0xECE3, 0xECE3, 0xECE3, 0xECE3, 0xECE3, 0xECE3,
  0xECE3, 0xECE3, 0xECE3, 0xECE3, 0xECE3, 0xECE3, 0xECE3, 0xECE3, 0xECE3, 0xECE3, 0xECE3, 0xECE3,
  0xECE3, 0xECE3, 0xECE3, 0xECE3, 0xECE3, 0xECE3, 0xECE3, 0xECE3, 0xECE3, 0xECE3, 0xECE3, 0xECE3,
  0xECE3, 0xECE3, 0xECE3, 0xECE3, 0xECE3, 0xECE3, 0xECE3, 0xECE3, 0xECE3, 0xECE3, 0xECE3, 0xECE3,
  0xECE3, 0xECE3, 0xECE3, 0xECE3, 0xECE3, 0xECE3, 0xECE3, 0xECE3, 0xECE3, 0xECE3, 0xECE3, 0xECE3,
  0xECE3, 0xECE3, 0xECE3, 0xECE3, 0xECE3, 0xECE3, 0xECE3, 0xECE3, 0xECE3, 0xECE3, 0xECE3, 0xECE3,
  0xECE3, 0xECE3, 0xECE3, 0xECE3, 0xECE3, 0xECE3, 0xF503, 0xCC23, 0x20E4, 0x20E3, 0x20E4, 0x20E4,
  0x2104, 0x20E4, 0x2104, 0x2104, 0x2104, 0x20E4, 0x20E4, 0x2104, 0x20E4, 0x2104, 0x20E4, 0x2104,
  0x2103, 0x2104, 0x2104, 0x2104, 0x20E4, 0x20E4, 0x2104, 0x20E3, 0x20E4, 0x20E4, 0x20E3, 0x20E4,
  0x20E4, 0x20E4, 0x2104, 0x20E4, 0x20E4, 0x20E3, 0x20E4, 0x2103, 0x2104, 0x20E4, 0x20E4, 0x2104,
  0x2104, 0x20E4, 0x2104, 0x2104, 0x20E4, 0x2104, 0x20E3, 0x20E4, 0x2103, 0x20E4, 0x20E4, 0x20E4,
  0x20E4, 0x2104, 0x2104, 0x20E4, 0x20E4, 0x20E4, 0x20E3, 0x20E4, 0x20E4, 0x20E4, 0x20E4, 0x20E4,
  0x2104, 0x2104, 0x20E4, 0x20E4, 0x20E4, 0x2104, 0x20E4, 0x2104, 0x20E4, 0x20E3, 0x2104, 0x20E3,
  0x20E4, 0x20E3, 0x20E4, 0x2104, 0x2104, 0x2104, 0x20E4, 0x20E4, 0x20E3, 0x20E3, 0x20E4, 0x20E4,
  0x20E3, 0x2104, 0x20E4, 0x20E3, 0x20E4, 0x20E4, 0x2104, 0x20E4, 0x20E4, 0x2104, 0x2103, 0x2104,
  0x2104, 0x2104, 0x20E4, 0x2104, 0x2104, 0x2104, 0x20E3, 0x20E3, 0x2103, 0x2104, 0x20E4, 0x2104,
  0x20E3, 0x20E3, 0x20E3, 0x2104, 0x2104, 0x2104, 0x20E3, 0x20E4, 0x20E4, 0x20E4, 0x2104, 0x2104,
  0x20E3, 0x20E3, 0x20E4, 0x20E4, 0x20E3, 0x20E3, 0x2104, 0x2104, 0x20E4, 0x2104, 0x2104, 0x2104,
  0x2104, 0x2104, 0x20E4, 0x2104, 0x20E4, 0x20E3, 0x20E4, 0x20E4, 0x20E4, 0x20E4, 0x2104, 0x2104,
  0x2104, 0x2104, 0x2104, 0x2104, 0x2104, 0x2104, 0x2104, 0x2104, 0x2104, 0x2104, 0x2104, 0x2104,
  0xECE3, 0xECE3, 0xECE3, 0xECE3, 0xECE3, 0xECE3, 0xECE3, 0xECE3, 0xECE3, 0xECE3, 0xECE3, 0xECE3,
  0xECE3, 0xECE3, 0xECE3, 0xECE3, 0xECE3, 0xECE3, 0xECE3, 0xECE3, 0xECE3, 0xECE3, 0xECE3, 0xECE3,
  0xECE3, 0xECE3, 0xECE3, 0xECE3, 0xECE3, 0xECE3, 0xECE3, 0xECE3, 0xECE3, 0xECE3, 0xECE3, 0xECE3,
  0xECE3, 0xECE3, 0xECE3, 0xECE3, 0xECE3, 0xECE3, 0xECE3, 0xECE3, 0xECE3, 0xECE3, 0xECE3, 0xECE3,
  0xECE3, 0xECE3, 0xECE3, 0xECE3, 0xECE3, 0xECE3, 0xECE3, 0xECE3, 0xECE3, 0xECE3, 0xECE3, 0xECE3,
  0xECE3, 0xECE3, 0xECE3, 0xECE3, 0xECE3, 0xECE3, 0xECE3, 0xECE3, 0xECE3, 0xECE3, 0xECE3, 0xECE3,
  0xECE3, 0xECE3, 0xECE3, 0xECE3, 0xECE3, 0xECE3, 0xF503, 0xCC43, 0x20E4, 0x20E3, 0x2103, 0x20E4,
  0x2104, 0x2104, 0x2104, 0x2104, 0x2104, 0x20E4, 0x20E4, 0x2104, 0x2104, 0x20E4, 0x20E4, 0x2104,
  0x2104, 0x20E4, 0x2104, 0x2104, 0x2104, 0x2104, 0x2104, 0x20E4, 0x2104, 0x20E4, 0x20E3, 0x20E3,
  0x20E4, 0x20E3, 0x20E4, 0x20E3, 0x20E4, 0x20E4, 0x2104, 0x20E3, 0x20E3, 0x20E4, 0x2104, 0x20E4,
  0x2104, 0x20E4, 0x20E4, 0x2104, 0x2104, 0x2104, 0x20E4, 0x20E3, 0x2104, 0x20E4, 0x20E3, 0x20E3,
  0x2103, 0x2104, 0x20E4, 0x2104, 0x2104, 0x2104, 0x20E4, 0x20E4, 0x20E4, 0x20E4, 0x20E4, 0x20E4,
  0x20E4, 0x20E4, 0x2103, 0x20E4, 0x20E4, 0x20E4, 0x20E4, 0x20E4, 0x20E4, 0x20E4, 0x2104, 0x20E3,
  0x20E4, 0x20E4, 0x20E4, 0x20E4, 0x20E4, 0x2104, 0x20E4, 0x2104, 0x2104, 0x20E4, 0x20E4, 0x2104,
  0x20E3, 0x2103, 0x2104, 0x2104, 0x2104, 0x20E4, 0x2104, 0x20E4, 0x2104, 0x2104, 0x20E4, 0x20E4,
  0x20E4, 0x20E4, 0x2104, 0x2104, 0x2104, 0x20E4, 0x2104, 0x2104, 0x20E4, 0x20E4, 0x2103, 0x2103,
  0x2104, 0x20E3, 0x2104, 0x20E4, 0x2104, 0x2104, 0x20E4, 0x2104, 0x20E4, 0x2104, 0x20E4, 0x20E4,
  0x2104, 0x20E3, 0x20E4, 0x20E4, 0x20E3, 0x20E3, 0x20E4, 0x20E4, 0x20E4, 0x2104, 0x2104, 0x2104,
  0x2104, 0x2104, 0x2104, 0x2104, 0x20E4, 0x2104, 0x20E3, 0x2104, 0x2104, 0x20E4, 0x2104, 0x2104,
  0x2104, 0x2104, 0x2104, 0x2104, 0x2104, 0x2104, 0x2104, 0x2104, 0x2104, 0x2104, 0x2104, 0x2104,
  0xECE3, 0xECE3, 0xECE3, 0xECE3, 0xECE3, 0xECE3, 0xECE3, 0xECE3, 0xECE3, 0xECE3, 0xECE3, 0xECE3,
  0xECE3, 0xECE3, 0xECE3, 0xECE3, 0xECE3, 0xECE3, 0xECE3, 0xECE3, 0xECE3, 0xECE3, 0xECE3, 0xECE3,
  0xECE3, 0xECE3, 0xECE3, 0xECE3, 0xECE3, 0xECE3, 0xECE3, 0xECE3, 0xECE3, 0xECE3, 0xECE3, 0xECE3,
  0xECE3, 0xECE3, 0xECE3, 0xECE3, 0xECE3, 0xECE3, 0xECE3, 0xECE3, 0xECE3, 0xECE3, 0xECE3, 0xECE3,
  0xECE3, 0xECE3, 0xECE3, 0xECE3, 0xECE3, 0xECE3, 0xECE3, 0xECE3, 0xECE3, 0xECE3, 0xECE3, 0xECE3,
  0xECE3, 0xECE3, 0xECE3, 0xECE3, 0xECE3, 0xECE3, 0xECE3, 0xECE3, 0xECE3, 0xECE3, 0xECE3, 0xECE3,
  0xECE3, 0xECE3, 0xECE3, 0xECE3, 0xECE3, 0xECE3, 0xF503, 0xCC23, 0x20E4, 0x20E3, 0x20E4, 0x2104,
  0x2104, 0x2104, 0x2104, 0x2104, 0x2104, 0x2104, 0x2104, 0x20E4, 0x2104, 0x2104, 0x20E4, 0x2104,
  0x20E4, 0x20E4, 0x2104, 0x20E4, 0x2104, 0x2104, 0x2104, 0x2104, 0x2104, 0x20E4, 0x20E4, 0x20E4,
  0x20E4, 0x20E3, 0x20E3, 0x20E3, 0x20E3, 0x20E3, 0x20E4, 0x20E4, 0x2104, 0x20E4, 0x2104, 0x20E4,
  0x20E4, 0x20E4, 0x20E4, 0x20E4, 0x20E4, 0x20E4, 0x20E4, 0x20E4, 0x20E4, 0x20E3, 0x20E4, 0x20E4,
  0x20E4, 0x20E3, 0x20E4, 0x20E4, 0x2104, 0x20E4, 0x20E4, 0x20E3, 0x2104, 0x20E4, 0x20E4, 0x2104,
  0x20E4, 0x2104, 0x20E4, 0x20E4, 0x20E4, 0x20E4, 0x2104, 0x2104, 0x20E4, 0x20E4, 0x2104, 0x2104,
  0x2104, 0x2104, 0x2104, 0x20E4, 0x2104, 0x2104, 0x20E4, 0x2104, 0x20E4, 0x20E4, 0x20E3, 0x20E3,
  0x20E4, 0x20E4, 0x2104, 0x20E4, 0x2104, 0x2104, 0x2104, 0x2104, 0x2104, 0x20E4, 0x2104, 0x2104,
  0x2104, 0x2104, 0x2104, 0x2104, 0x20E4, 0x2104, 0x20E4, 0x2104, 0x20E3, 0x2104, 0x20E4, 0x20E4,
  0x2103, 0x2104, 0x2104, 0x2104, 0x2104, 0x2104, 0x2104, 0x20E4, 0x20E4, 0x2104, 0x20E4, 0x20E4,
  0x20E4, 0x2104, 0x2104, 0x20E4, 0x20E3, 0x20E4, 0x20E3, 0x20E3, 0x20E4, 0x2104, 0x2104, 0x2104,
  0x2104, 0x2104, 0x20E4, 0x2104, 0x2104, 0x20E4, 0x20E4, 0x20E4, 0x2104, 0x2104, 0x20E4, 0x2104,
  0x2104, 0x2104, 0x2104, 0x2104, 0x2104, 0x2104, 0x20E4, 0x2104, 0x2104, 0x2104, 0x2104, 0x2104,
  0xECE3, 0xECE3, 0xECE3, 0xECE3, 0xECE3, 0xECE3, 0xECE3, 0xECE3, 0xECE3, 0xECE3, 0xECE3, 0xECE3,
  0xECE3, 0xECE3, 0xECE3, 0xECE3, 0xECE3, 0xECE3, 0xECE3, 0xECE3, 0xECE3, 0xECE3, 0xECE3, 0xECE3,
  0xECE3, 0xECE3, 0xECE3, 0xECE3, 0xECE3, 0xECE3, 0xECE3, 0xECE3, 0xECE3, 0xECE3, 0xECE3, 0xECE3,
  0xECE3, 0xECE3, 0xECE3, 0xECE3, 0xECE3, 0xECE3, 0xECE3, 0xECE3, 0xECE3, 0xECE3, 0xECE3, 0xECE3,
  0xECE3, 0xECE3, 0xECE3, 0xECE3, 0xECE3, 0xECE3, 0xECE3, 0xECE3, 0xECE3, 0xECE3, 0xECE3, 0xECE3,
  0xECE3, 0xECE3, 0xECE3, 0xECE3, 0xECE3, 0xECE3, 0xECE3, 0xECE3, 0xECE3, 0xECE3, 0xECE3, 0xECE3,
  0xECE3, 0xECE3, 0xECE3, 0xECE3, 0xECE3, 0xECE3, 0xF503, 0xCC23, 0x20E4, 0x20E3, 0x20E4, 0x2104,
  0x2104, 0x2104, 0x2104, 0x2104, 0x2104, 0x2104, 0x2104, 0x20E4, 0x2104, 0x2103, 0x2104, 0x20E4,
  0x2104, 0x20E4, 0x2104, 0x20E4, 0x2104, 0x2104, 0x2104, 0x2104, 0x20E4, 0x2104, 0x20E4, 0x20E4,
  0x2104, 0x20E4, 0x20E3, 0x20E4, 0x20E3, 0x20E3, 0x20E4, 0x20E4, 0x20E4, 0x20E4, 0x20E4, 0x2104,
  0x2104, 0x20E4, 0x20E4, 0x2104, 0x20E4, 0x20E4, 0x20E4, 0x20E3, 0x2104, 0x2104, 0x20E4, 0x2104,
  0x2104, 0x20E4, 0x20E4, 0x20E4, 0x2103, 0x2104, 0x2104, 0x2104, 0x20E4, 0x2104, 0x2104, 0x20E4,
  0x2104, 0x2104, 0x20E4, 0x2104, 0x2104, 0x2104, 0x2104, 0x2104, 0x20E4, 0x2104, 0x20E4, 0x2104,
  0x20E4, 0x2104, 0x20E4, 0x2104, 0x2104, 0x20E4, 0x20E4, 0x2104, 0x20E3, 0x2103, 0x20E3, 0x20E3,
  0x20E4, 0x20E4, 0x2104, 0x2104, 0x2104, 0x20E4, 0x2103, 0x2104, 0x2104, 0x2104, 0x2104, 0x2104,
  0x2104, 0x20E4, 0x2104, 0x2104, 0x2104, 0x2104, 0x20E4, 0x20E3, 0x2104, 0x20E4, 0x20E4, 0x20E4,
  0x20E4, 0x2104, 0x20E4, 0x2104, 0x2104, 0x2104, 0x2104, 0x2104, 0x20E4, 0x20E4, 0x20E4, 0x2104,
  0x20E4, 0x20E3, 0x20E3, 0x20E4, 0x20E4, 0x20E4, 0x20E4, 0x20E3, 0x20E4, 0x2104, 0x20E4, 0x2104,
  0x2104, 0x20E4, 0x2104, 0x2104, 0x2104, 0x20E4, 0x2104, 0x20E4, 0x20E4, 0x2104, 0x2104, 0x20E4,
  0x2104, 0x2104, 0x2104, 0x2104, 0x2104, 0x2104, 0x20E4, 0x2104, 0x20E4, 0x2104, 0x2104, 0x2104,
  0xECE3, 0xECE3, 0xECE3, 0xECE3, 0xECE3, 0xECE3, 0xECE3, 0xECE3, 0xECE3, 0xECE3, 0xECE3, 0xECE3,
  0xECE3, 0xECE3, 0xECE3, 0xECE3, 0xECE3, 0xECE3, 0xECE3, 0xECE3, 0xECE3, 0xECE3, 0xECE3, 0xECE3,
  0xECE3, 0xECE3, 0xECE3, 0xECE3, 0xECE3, 0xECE3, 0xECE3, 0xECE3, 0xECE3, 0xECE3, 0xECE3, 0xECE3,
  0xECE3, 0xECE3, 0xECE3, 0xECE3, 0xECE3, 0xECE3, 0xECE3, 0xECE3, 0xECE3, 0xECE3, 0xECE3, 0xECE3,
  0xECE3, 0xECE3, 0xECE3, 0xECE3, 0xECE3, 0xECE3, 0xECE3, 0xECE3, 0xECE3, 0xECE3, 0xECE3, 0xECE3,
  0xECE3, 0xECE3, 0xECE3, 0xECE3, 0xECE3, 0xECE3, 0xECE3, 0xECE3, 0xECE3, 0xECE3, 0xECE3, 0xECE3,
  0xECE3, 0xECE3, 0xECE3, 0xECE3, 0xECE3, 0xECE3, 0xF503, 0xCC23, 0x20E4, 0x20E3, 0x2104, 0x20E4,
  0x2104, 0x2104, 0x2104, 0x2104, 0x2104, 0x2104, 0x2104, 0x20E4, 0x2104, 0x20E4, 0x20E4, 0x20E4,
  0x2104, 0x20E4, 0x20E4, 0x2104, 0x2104, 0x20E4, 0x2104, 0x20E4, 0x2104, 0x20E4, 0x20E4, 0x20E4,
  0x2104, 0x20E4, 0x20E3, 0x20E4, 0x20E3, 0x20E3, 0x20E3, 0x20E3, 0x20E4, 0x2104, 0x2104, 0x20E4,
  0x20E4, 0x2104, 0x2104, 0x2104, 0x2104, 0x20E4, 0x20E4, 0x20E4, 0x2104, 0x2104, 0x2104, 0x20E4,
  0x20E4, 0x20E4, 0x2103, 0x20E3, 0x2104, 0x2104, 0x2104, 0x2104, 0x2104, 0x20E4, 0x20E4, 0x20E4,
  0x20E4, 0x20E4, 0x2104, 0x20E4, 0x2104, 0x2104, 0x2104, 0x2104, 0x2104, 0x2104, 0x2104, 0x2104,
  0x2104, 0x2104, 0x2104, 0x2104, 0x20E4, 0x20E4, 0x20E4, 0x20E4, 0x20E3, 0x20E4, 0x2103, 0x20E4,
  0x20E4, 0x2104, 0x20E4, 0x2104, 0x2104, 0x2104, 0x2104, 0x2104, 0x20E4, 0x2104, 0x2104, 0x2104,
  0x2104, 0x2104, 0x2104, 0x2104, 0x2104, 0x2104, 0x20E4, 0x20E4, 0x20E4, 0x20E3, 0x20E4, 0x2104,
  0x2104, 0x20E4, 0x2104, 0x2104, 0x2104, 0x2104, 0x20E4, 0x20E4, 0x20E3, 0x20E3, 0x20E4, 0x2104,
  0x2104, 0x20E4, 0x2104, 0x20E3, 0x2104, 0x20E4, 0x20E3, 0x20E3, 0x20E3, 0x20E4, 0x2104, 0x2104,
  0x20E4, 0x2104, 0x2104, 0x20E4, 0x2104, 0x20E4, 0x20E3, 0x2104, 0x20E4, 0x2104, 0x2104, 0x20E4,
  0x2104, 0x2104, 0x2104, 0x2104, 0x20E4, 0x2104, 0x20E4, 0x2104, 0x2104, 0x2104, 0x2104, 0x2104,
  0xECE3, 0xECE3, 0xECE3, 0xECE3, 0xECE3, 0xECE3, 0xECE3, 0xECE3, 0xECE3, 0xECE3, 0xECE3, 0xECE3,
  0xECE3, 0xECE3, 0xECE3, 0xECE3, 0xECE3, 0xECE3, 0xECE3, 0xECE3, 0xECE3, 0xECE3, 0xECE3, 0xECE3,
  0xECE3, 0xECE3, 0xECE3, 0xECE3, 0xECE3, 0xECE3, 0xECE3, 0xECE3, 0xECE3, 0xECE3, 0xECE3, 0xECE3,
  0xECE3, 0xECE3, 0xECE3, 0xECE3, 0xECE3, 0xECE3, 0xECE3, 0xECE3, 0xECE3, 0xECE3, 0xECE3, 0xECE3,
  0xECE3, 0xECE3, 0xECE3, 0xECE3, 0xECE3, 0xECE3, 0xECE3, 0xECE3, 0xECE3, 0xECE3, 0xECE3, 0xECE3,
  0xECE3, 0xECE3, 0xECE3, 0xECE3, 0xECE3, 0xECE3, 0xECE3, 0xECE3, 0xECE3, 0xECE3, 0xECE3, 0xECE3,
  0xECE3, 0xECE3, 0xECE3, 0xECE3, 0xECE3, 0xECE3, 0xF503, 0xCC23, 0x20E4, 0x20E3, 0x2104, 0x2104,
  0x2104, 0x2104, 0x2104, 0x2104, 0x2104, 0x2104, 0x2104, 0x2104, 0x20E3, 0x20E4, 0x2104, 0x20E4,
  0x20E3, 0x20E4, 0x20E4, 0x2104, 0x2104, 0x2104, 0x2104, 0x20E3, 0x2104, 0x20E4, 0x2104, 0x20E4,
  0x2104, 0x2103, 0x20E4, 0x20E3, 0x20E3, 0x20E4, 0x20E4, 0x20E4, 0x20E4, 0x2104, 0x2104, 0x20E4,
  0x20E4, 0x20E4, 0x2104, 0x2104, 0x2104, 0x20E4, 0x20E4, 0x2104, 0x2104, 0x20E4, 0x2104, 0x20E4,
  0x20E3, 0x20E4, 0x20E4, 0x2104, 0x20E4, 0x2104, 0x20E4, 0x20E4, 0x20E4, 0x20E4, 0x20E3, 0x20E3,
  0x20E3, 0x20E4, 0x2104, 0x20E4, 0x20E4, 0x2104, 0x2104, 0x2104, 0x2104, 0x2104, 0x20E4, 0x2104,
  0x2104, 0x2104, 0x2104, 0x2104, 0x2104, 0x2104, 0x2104, 0x20E4, 0x2104, 0x20E3, 0x20E4, 0x20E3,
  0x20E4, 0x20E3, 0x2104, 0x2104, 0x20E4, 0x2104, 0x2104, 0x2104, 0x2104, 0x2104, 0x20E4, 0x2104,
  0x2104, 0x2104, 0x2104, 0x2104, 0x2104, 0x2104, 0x2104, 0x20E4, 0x20E3, 0x20E3, 0x20E3, 0x2104,
  0x20E4, 0x2104, 0x2104, 0x2104, 0x2104, 0x2104, 0x20E4, 0x20E4, 0x20E4, 0x20E4, 0x2104, 0x20E4,
  0x20E4, 0x2103, 0x20E4, 0x2104, 0x20E4, 0x20E4, 0x20E3, 0x20E3, 0x20E3, 0x20E4, 0x20E4, 0x2104,
  0x2104, 0x2104, 0x20E4, 0x2104, 0x2104, 0x20E4, 0x20E4, 0x20E4, 0x2104, 0x2104, 0x2104, 0x20E4,
  0x2104, 0x20E4, 0x2104, 0x2104, 0x20E4, 0x2104, 0x2104, 0x2104, 0x2104, 0x2104, 0x2104, 0x2104,
  0xECE3, 0xECE3, 0xECE3, 0xECE3, 0xECE3, 0xECE3, 0xECE3, 0xECE3, 0xECE3, 0xECE3, 0xECE3, 0xECE3,
  0xECE3, 0xECE3, 0xECE3, 0xECE3, 0xECE3, 0xECE3, 0xECE3, 0xECE3, 0xECE3, 0xECE3, 0xECE3, 0xECE3,
  0xECE3, 0xECE3, 0xECE3, 0xECE3, 0xECE3, 0xECE3, 0xECE3, 0xECE3, 0xECE3, 0xECE3, 0xECE3, 0xECE3,
  0xECE3, 0xECE3, 0xECE3, 0xECE3, 0xECE3, 0xECE3, 0xECE3, 0xECE3, 0xECE3, 0xECE3, 0xECE3, 0xECE3,
  0xECE3, 0xECE3, 0xECE3, 0xECE3, 0xECE3, 0xECE3, 0xECE3, 0xECE3, 0xECE3, 0xECE3, 0xECE3, 0xECE3,
  0xECE3, 0xECE3, 0xECE3, 0xECE3, 0xECE3, 0xECE3, 0xECE3, 0xECE3, 0xECE3, 0xECE3, 0xECE3, 0xECE3,
  0xECE3, 0xECE3, 0xECE3, 0xECE3, 0xECE3, 0xECE3, 0xF503, 0xCC23, 0x20E4, 0x20E3, 0x2104, 0x2104,
  0x2104, 0x2104, 0x2104, 0x2104, 0x2104, 0x2104, 0x20E4, 0x2104, 0x20E4, 0x20E3, 0x20E3, 0x20E4,
  0x20E4, 0x20E4, 0x20E4, 0x2104, 0x2104, 0x20E4, 0x20E4, 0x2104, 0x20E4, 0x2104, 0x2104, 0x20E4,
  0x2104, 0x2104, 0x20E4, 0x20E3, 0x2104, 0x20E4, 0x20E3, 0x20E4, 0x20E4, 0x20E4, 0x20E4, 0x20E4,
  0x2104, 0x20E4, 0x2104, 0x20E4, 0x2104, 0x2103, 0x20E4, 0x2104, 0x20E4, 0x20E4, 0x20E4, 0x2104,
  0x20E4, 0x2104, 0x2104, 0x2104, 0x2104, 0x20E4, 0x20E4, 0x20E4, 0x20E4, 0x20E4, 0x20E4, 0x20E3,
  0x20E4, 0x2104, 0x20E3, 0x20E4, 0x20E4, 0x20E4, 0x2104, 0x2104, 0x2104, 0x2104, 0x2104, 0x2104,
  0x2104, 0x20E4, 0x20E4, 0x2104, 0x2104, 0x2104, 0x2104, 0x20E4, 0x20E4, 0x2103, 0x20E4, 0x2104,
  0x20E4, 0x20E4, 0x2104, 0x20E4, 0x2104, 0x2104, 0x2104, 0x2104, 0x2104, 0x2104, 0x20E4, 0x20E4,
  0x2104, 0x2104, 0x2104, 0x20E4, 0x20E4, 0x2104, 0x20E4, 0x2104, 0x20E4, 0x20E4, 0x20E3, 0x2104,
  0x2104, 0x2104, 0x2104, 0x20E4, 0x2104, 0x20E4, 0x20E4, 0x20E3, 0x20E4, 0x20E4, 0x20E3, 0x20E4,
  0x20E4, 0x20E4, 0x2104, 0x20E4, 0x20E4, 0x20E3, 0x20E4, 0x20E4, 0x20E4, 0x20E4, 0x20E3, 0x20E4,
  0x20E4, 0x20E4, 0x2104, 0x20E3, 0x20E4, 0x2104, 0x2103, 0x20E4, 0x2104, 0x2104, 0x2104, 0x2104,
  0x2104, 0x20E4, 0x20E4, 0x2104, 0x2104, 0x2104, 0x2104, 0x2104, 0x2104, 0x2104, 0x2104, 0x2104,
  0xECE3, 0xECE3, 0xECE3, 0xECE3, 0xECE3, 0xECE3, 0xECE3, 0xECE3, 0xECE3, 0xECE3, 0xECE3, 0xECE3,
  0xECE3, 0xECE3, 0xECE3, 0xECE3, 0xECE3, 0xECE3, 0xECE3, 0xECE3, 0xECE3, 0xECE3, 0xECE3, 0xECE3,
  0xECE3, 0xECE3, 0xECE3, 0xECE3, 0xECE3, 0xECE3, 0xECE3, 0xECE3, 0xECE3, 0xECE3, 0xECE3, 0xECE3,
  0xECE3, 0xECE3, 0xECE3, 0xECE3, 0xECE3, 0xECE3, 0xECE3, 0xECE3, 0xECE3, 0xECE3, 0xECE3, 0xECE3,
  0xECE3, 0xECE3, 0xECE3, 0xECE3, 0xECE3, 0xECE3, 0xECE3, 0xECE3, 0xECE3, 0xECE3, 0xECE3, 0xECE3,
  0xECE3, 0xECE3, 0xECE3, 0xECE3, 0xECE3, 0xECE3, 0xECE3, 0xECE3, 0xECE3, 0xECE3, 0xECE3, 0xECE3,
  0xECE3, 0xECE3, 0xECE3, 0xECE3, 0xECE3, 0xECE3, 0xF503, 0xCC23, 0x20E4, 0x20E3, 0x2104, 0x2104,
  0x20E4, 0x2104, 0x2104, 0x20E4, 0x2104, 0x2104, 0x2104, 0x20E3, 0x20E3, 0x20E3, 0x2103, 0x20E4,
  0x20E4, 0x20E4, 0x2104, 0x20E4, 0x20E4, 0x20E4, 0x2104, 0x20E4, 0x20E4, 0x2104, 0x20E3, 0x20E3,
  0x2104, 0x20E4, 0x20E4, 0x2104, 0x20E4, 0x2104, 0x20E4, 0x20E3, 0x20E4, 0x20E4, 0x20E4, 0x20E3,
  0x2104, 0x20E4, 0x20E4, 0x20E4, 0x2104, 0x20E4, 0x20E4, 0x20E4, 0x2104, 0x2104, 0x20E4, 0x2104,
  0x20E4, 0x2104, 0x2104, 0x2104, 0x20E4, 0x2104, 0x2104, 0x20E4, 0x20E4, 0x20E3, 0x20E3, 0x20E4,
  0x20E3, 0x20E4, 0x20E3, 0x20E3, 0x20E3, 0x20E4, 0x20E4, 0x2103, 0x2104, 0x20E4, 0x2104, 0x2104,
  0x2104, 0x2104, 0x2104, 0x20E4, 0x20E4, 0x20E4, 0x2104, 0x20E4, 0x2104, 0x20E4, 0x2103, 0x20E4,
  0x20E4, 0x2104, 0x20E4, 0x2104, 0x20E4, 0x20E4, 0x2104, 0x20E4, 0x20E3, 0x2104, 0x2104, 0x20E4,
  0x2104, 0x2104, 0x2104, 0x20E4, 0x20E4, 0x2104, 0x2104, 0x2104, 0x20E3, 0x20E4, 0x20E4, 0x20E3,
  0x2104, 0x2104, 0x2104, 0x2104, 0x2104, 0x2104, 0x20E4, 0x20E4, 0x2104, 0x2104, 0x20E4, 0x20E4,
  0x20E3, 0x20E4, 0x2104, 0x20E4, 0x2104, 0x20E4, 0x20E4, 0x20E4, 0x20E4, 0x20E3, 0x20E4, 0x20E3,
  0x2104, 0x2104, 0x20E4, 0x20E3, 0x2104, 0x20E4, 0x20E4, 0x20E4, 0x20E4, 0x2104, 0x2104, 0x2104,
  0x2104, 0x20E4, 0x2104, 0x2104, 0x2104, 0x2104, 0x20E4, 0x20E4, 0x20E4, 0x2104, 0x2104, 0x20E4,
  0xECE3, 0xECE3, 0xECE3, 0xECE3, 0xECE3, 0xECE3, 0xECE3, 0xECE3, 0xECE3, 0xECE3, 0xECE3, 0xECE3,
  0xECE3, 0xECE3, 0xECE3, 0xECE3, 0xECE3, 0xECE3, 0xECE3, 0xECE3, 0xECE3, 0xECE3, 0xECE3, 0xECE3,
  0xECE3, 0xECE3, 0xECE3, 0xECE3, 0xECE3, 0xECE3, 0xECE3, 0xECE3, 0xECE3, 0xECE3, 0xECE3, 0xECE3,
  0xECE3, 0xECE3, 0xECE3, 0xECE3, 0xECE3, 0xECE3, 0xECE3, 0xECE3, 0xECE3, 0xECE3, 0xECE3, 0xECE3,
  0xECE3, 0xECE3, 0xECE3, 0xECE3, 0xECE3, 0xECE3, 0xECE3, 0xECE3, 0xECE3, 0xECE3, 0xECE3, 0xECE3,
  0xECE3, 0xECE3, 0xECE3, 0xECE3, 0xECE3, 0xECE3, 0xECE3, 0xECE3, 0xECE3, 0xECE3, 0xECE3, 0xECE3,
  0xECE3, 0xECE3, 0xECE3, 0xECE3, 0xECE3, 0xECE3, 0xF503, 0xCC23, 0x20E4, 0x20E3, 0x2104, 0x20E4,
  0x2104, 0x20E4, 0x2104, 0x2104, 0x20E4, 0x20E3, 0x20E4, 0x20E3, 0x20E3, 0x20E4, 0x20E3, 0x20E4,
  0x2104, 0x20E4, 0x20E4, 0x20E4, 0x20E4, 0x20E4, 0x2104, 0x20E4, 0x20E4, 0x20E4, 0x2103, 0x20E4,
  0x20E3, 0x2104, 0x20E4, 0x20E4, 0x20E4, 0x2104, 0x20E4, 0x20E3, 0x20E3, 0x20E3, 0x20E3, 0x20E4,
  0x2104, 0x2103, 0x2103, 0x2104, 0x20E3, 0x20E3, 0x20E4, 0x20E4, 0x20E4, 0x20E4, 0x20E4, 0x20E4,
  0x2104, 0x2104, 0x2104, 0x2104, 0x20E4, 0x20E4, 0x20E3, 0x20E4, 0x20E3, 0x20E4, 0x20E3, 0x20E4,
  0x20E3, 0x20E4, 0x20E3, 0x20E3, 0x20E3, 0x20E4, 0x20E3, 0x20E4, 0x2104, 0x2104, 0x2104, 0x20E4,
  0x20E4, 0x20E4, 0x20E4, 0x2104, 0x20E4, 0x2104, 0x20E4, 0x2104, 0x2104, 0x20E4, 0x2104, 0x20E3,
  0x20E4, 0x2104, 0x20E3, 0x20E4, 0x2104, 0x20E3, 0x20E4, 0x2103, 0x2104, 0x2104, 0x20E4, 0x20E4,
  0x2104, 0x20E4, 0x2104, 0x2104, 0x20E3, 0x2104, 0x2104, 0x2104, 0x20E3, 0x20E4, 0x20E4, 0x20E3,
  0x20E4, 0x2104, 0x2104, 0x2104, 0x20E4, 0x2104, 0x20E4, 0x20E4, 0x20E3, 0x20E3, 0x20E4, 0x20E4,
  0x20E4, 0x20E4, 0x20E4, 0x20E4, 0x2104, 0x2104, 0x20E4, 0x20E4, 0x2104, 0x2104, 0x20E3, 0x20E4,
  0x20E3, 0x2104, 0x20E4, 0x20E3, 0x20E4, 0x20E3, 0x20E3, 0x20E4, 0x20E3, 0x20E3, 0x20E4, 0x2104,
  0x20E3, 0x2104, 0x2104, 0x20E4, 0x2104, 0x2104, 0x20E4, 0x20E3, 0x2104, 0x20E4, 0x20E4, 0x2104,
  0xECE3, 0xECE3, 0xECE3, 0xECE3, 0xECE3, 0xECE3, 0xECE3, 0xECE3, 0xECE3, 0xECE3, 0xECE3, 0xECE3,
  0xECE3, 0xECE3, 0xECE3, 0xECE3, 0xECE3, 0xECE3, 0xECE3, 0xECE3, 0xECE3, 0xECE3, 0xECE3, 0xECE3,
  0xECE3, 0xECE3, 0xECE3, 0xECE3, 0xECE3, 0xECE3, 0xECE3, 0xECE3, 0xECE3, 0xECE3, 0xECE3, 0xECE3,
  0xECE3, 0xECE3, 0xECE3, 0xECE3, 0xECE3, 0xECE3, 0xECE3, 0xECE3, 0xECE3, 0xECE3, 0xECE3, 0xECE3,
  0xECE3, 0xECE3, 0xECE3, 0xECE3, 0xECE3, 0xECE3, 0xECE3, 0xECE3, 0xECE3, 0xECE3, 0xECE3, 0xECE3,
  0xECE3, 0xECE3, 0xECE3, 0xECE3, 0xECE3, 0xECE3, 0xECE3, 0xECE3, 0xECE3, 0xECE3, 0xECE3, 0xECE3,
  0xECE3, 0xECE3, 0xECE3, 0xECE3, 0xECE3, 0xECE3, 0xF503, 0xCC23, 0x20E4, 0x20E3, 0x2104, 0x20E4,
  0x20E4, 0x2104, 0x20E4, 0x2104, 0x2104, 0x20E3, 0x20E4, 0x20E4, 0x20E4, 0x20E3, 0x2104, 0x2103,
  0x20E4, 0x20E4, 0x20E3, 0x2104, 0x20E4, 0x2104, 0x20E4, 0x2104, 0x20E4, 0x20E4, 0x20E4, 0x20E4,
  0x20E4, 0x20E4, 0x20E4, 0x20E4, 0x20E3, 0x20E3, 0x20E4, 0x20E4, 0x2103, 0x20E3, 0x20E3, 0x20E3,
  0x20E3, 0x2104, 0x20E4, 0x20E4, 0x20E3, 0x20E4, 0x20E4, 0x20E3, 0x2104, 0x2104, 0x20E3, 0x20E4,
  0x2104, 0x20E4, 0x20E4, 0x2104, 0x2104, 0x20E3, 0x20E4, 0x20E4, 0x20E4, 0x20E3, 0x20E4, 0x20E3,
  0x20E4, 0x2104, 0x20E3, 0x20E4, 0x20E3, 0x20E3, 0x20E4, 0x20E3, 0x20E4, 0x2104, 0x20E4, 0x2104,
  0x2104, 0x2104, 0x2104, 0x2104, 0x2104, 0x20E4, 0x2104, 0x2104, 0x20E4, 0x2104, 0x20E4, 0x20E4,
  0x2104, 0x20E3, 0x20E3, 0x20E3, 0x20E4, 0x2104, 0x20E4, 0x20E3, 0x20E4, 0x20E4, 0x20E4, 0x2103,
  0x2104, 0x2104, 0x20E4, 0x20E3, 0x2104, 0x2104, 0x2104, 0x20E4, 0x20E3, 0x20E4, 0x20E4, 0x20E4,
  0x2104, 0x2104, 0x2104, 0x2104, 0x2104, 0x20E4, 0x20E4, 0x20E3, 0x20E4, 0x20E4, 0x2104, 0x20E4,
  0x2104, 0x2104, 0x2104, 0x2104, 0x2104, 0x20E4, 0x2104, 0x20E3, 0x2104, 0x2104, 0x20E4, 0x20E4,
  0x20E3, 0x20E3, 0x20E3, 0x2104, 0x20E3, 0x20E3, 0x20E4, 0x20E4, 0x20E3, 0x20E4, 0x20E4, 0x20E4,
  0x2104, 0x20E4, 0x20E4, 0x2104, 0x2104, 0x2104, 0x20E4, 0x20E3, 0x20E4, 0x2104, 0x2104, 0x20E3,
  0xECE3, 0xECE3, 0xECE3, 0xECE3, 0xECE3, 0xECE3, 0xECE3, 0xECE3, 0xECE3, 0xECE3, 0xECE3, 0xECE3,
  0xECE3, 0xECE3, 0xECE3, 0xECE3, 0xECE3, 0xECE3, 0xECE3, 0xECE3, 0xECE3, 0xECE3, 0xECE3, 0xECE3,
  0xECE3, 0xECE3, 0xECE3, 0xECE3, 0xECE3, 0xECE3, 0xECE3, 0xECE3, 0xECE3, 0xECE3, 0xECE3, 0xECE3,
  0xECE3, 0xECE3, 0xECE3, 0xECE3, 0xECE3, 0xECE3, 0xECE3, 0xECE3, 0xECE3, 0xECE3, 0xECE3, 0xECE3,
  0xECE3, 0xECE3, 0xECE3, 0xECE3, 0xECE3, 0xECE3, 0xECE3, 0xECE3, 0xECE3, 0xECE3, 0xECE3, 0xECE3,
  0xECE3, 0xECE3, 0xECE3, 0xECE3, 0xECE3, 0xECE3, 0xECE3, 0xECE3, 0xECE3, 0xECE3, 0xECE3, 0xECE3,
  0xECE3, 0xECE3, 0xECE3, 0xECE3, 0xECE3, 0xECE3, 0xF503, 0xCC43, 0x20E4, 0x20E3, 0x20E4, 0x20E4,
  0x20E4, 0x2103, 0x2104, 0x2104, 0x20E4, 0x2104, 0x2103, 0x2104, 0x20E3, 0x20E3, 0x20E4, 0x20E4,
  0x20E4, 0x20E4, 0x20E4, 0x20E4, 0x20E4, 0x20E4, 0x2104, 0x2104, 0x20E4, 0x20E4, 0x20E4, 0x20E3,
  0x2104, 0x2104, 0x20E4, 0x20E4, 0x2103, 0x20E4, 0x20E4, 0x20E4, 0x20E4, 0x20E3, 0x20E4, 0x20E3,
  0x20E4, 0x2104, 0x20E4, 0x20E4, 0x20E4, 0x2104, 0x2103, 0x20E4, 0x20E4, 0x20E3, 0x20E4, 0x20E4,
  0x20E4, 0x2104, 0x20E4, 0x2104, 0x20E4, 0x20E4, 0x20E4, 0x20E3, 0x20E3, 0x20E3, 0x20E3, 0x20E4,
  0x20E4, 0x20E3, 0x20E4, 0x20E4, 0x2104, 0x20E3, 0x20E3, 0x20E4, 0x20E4, 0x20E3, 0x20E4, 0x2104,
  0x2104, 0x2104, 0x2104, 0x20E4, 0x20E4, 0x2104, 0x20E4, 0x2104, 0x2104, 0x2104, 0x20E4, 0x2104,
  0x2104, 0x20E3, 0x20E3, 0x20E4, 0x20E4, 0x20E4, 0x20E3, 0x20E3, 0x20E4, 0x20E3, 0x20E4, 0x20E4,
  0x2104, 0x2104, 0x2104, 0x20E4, 0x20E4, 0x20E3, 0x2103, 0x20E4, 0x20E4, 0x2104, 0x2104, 0x20E4,
  0x2104, 0x2104, 0x2104, 0x2104, 0x2104, 0x20E4, 0x2104, 0x2104, 0x2104, 0x20E4, 0x2104, 0x20E4,
  0x20E4, 0x20E4, 0x2104, 0x20E4, 0x20E4, 0x2104, 0x2104, 0x2104, 0x20E4, 0x2104, 0x2104, 0x20E3,
  0x20E4, 0x20E4, 0x20E3, 0x20E4, 0x20E4, 0x20E3, 0x20E4, 0x20E4, 0x20E3, 0x20E4, 0x20E4, 0x20E4,
  0x2103, 0x2104, 0x20E4, 0x2104, 0x2104, 0x20E4, 0x20E4, 0x20E4, 0x20E3, 0x2104, 0x20E4, 0x20E4,
  0xECE3, 0xECE3, 0xECE3, 0xECE3, 0xECE3, 0xECE3, 0xECE3, 0xECE3, 0xECE3, 0xECE3, 0xECE3, 0xECE3,
  0xECE3, 0xECE3, 0xECE3, 0xECE3, 0xECE3, 0xECE3, 0xECE3, 0xECE3, 0xECE3, 0xECE3, 0xECE3, 0xECE3,
  0xECE3, 0xECE3, 0xECE3, 0xECE3, 0xECE3, 0xECE3, 0xECE3, 0xECE3, 0xECE3, 0xECE3, 0xECE3, 0xECE3,
  0xECE3, 0xECE3, 0xECE3, 0xECE3, 0xECE3, 0xECE3, 0xECE3, 0xECE3, 0xECE3, 0xECE3, 0xECE3, 0xECE3,
  0xECE3, 0xECE3, 0xECE3, 0xECE3, 0xECE3, 0xECE3, 0xECE3, 0xECE3, 0xECE3, 0xECE3, 0xECE3, 0xECE3,
  0xECE3, 0xECE3, 0xECE3, 0xECE3, 0xECE3, 0xECE3, 0xECE3, 0xECE3, 0xECE3, 0xECE3, 0xECE3, 0xECE3,
  0xECE3, 0xECE3, 0xECE3, 0xECE3, 0xECE3, 0xECE3, 0xF503, 0xCC23, 0x20E4, 0x20E3, 0x20E3, 0x20E4,
  0x20E3, 0x20E4, 0x20E3, 0x20E4, 0x20E4, 0x20E4, 0x20E3, 0x20E3, 0x2103, 0x20E4, 0x20E4, 0x20E4,
  0x20E3, 0x20E4, 0x20E4, 0x20E3, 0x20E4, 0x2104, 0x2104, 0x2104, 0x20E4, 0x2104, 0x2104, 0x2104,
  0x2103, 0x2104, 0x2104, 0x20E4, 0x2104, 0x20E4, 0x2104, 0x20E4, 0x20E3, 0x20E4, 0x20E3, 0x20E4,
  0x20E4, 0x20E4, 0x20E4, 0x2104, 0x20E3, 0x20E4, 0x20E4, 0x20E4, 0x20E4, 0x20E4, 0x2104, 0x2103,
  0x2104, 0x2104, 0x20E4, 0x20E4, 0x2104, 0x20E4, 0x20E4, 0x20E3, 0x20E3, 0x20E3, 0x20E3, 0x20E4,
  0x20E4, 0x20E3, 0x20E3, 0x2104, 0x2104, 0x20E4, 0x20E3, 0x20E4, 0x20E4, 0x20E4, 0x2104, 0x20E4,
  0x2104, 0x2104, 0x20E4, 0x2104, 0x2104, 0x2104, 0x20E3, 0x2104, 0x2104, 0x20E4, 0x2104, 0x20E3,
  0x20E3, 0x20E3, 0x20E3, 0x20E4, 0x20E3, 0x20E4, 0x20E4, 0x2103, 0x2104, 0x20E3, 0x20E4, 0x2104,
  0x20E4, 0x2104, 0x20E3, 0x2104, 0x20E4, 0x20E4, 0x2104, 0x20E4, 0x2104, 0x20E4, 0x2104, 0x2104,
  0x2104, 0x20E4, 0x2104, 0x2104, 0x2104, 0x2104, 0x20E4, 0x20E4, 0x20E4, 0x20E4, 0x20E4, 0x20E4,
  0x20E4, 0x20E4, 0x2104, 0x20E4, 0x2104, 0x20E4, 0x2104, 0x2104, 0x20E4, 0x20E4, 0x2104, 0x20E4,
  0x2104, 0x2104, 0x2103, 0x20E4, 0x20E4, 0x20E4, 0x20E3, 0x20E4, 0x20E4, 0x20E4, 0x2103, 0x20E3,
  0x20E4, 0x20E4, 0x2104, 0x20E4, 0x2103, 0x2104, 0x20E4, 0x2104, 0x20E3, 0x20E3, 0x20E3, 0x20E3,
  0xECE3, 0xECE3, 0xECE3, 0xECE3, 0xECE3, 0xECE3, 0xECE3, 0xECE3, 0xECE3, 0xECE3, 0xECE3, 0xECE3,
  0xECE3, 0xECE3, 0xECE3, 0xECE3, 0xECE3, 0xECE3, 0xECE3, 0xECE3, 0xECE3, 0xECE3, 0xECE3, 0xECE3,
  0xECE3, 0xECE3, 0xECE3, 0xECE3, 0xECE3, 0xECE3, 0xECE3, 0xECE3, 0xECE3, 0xECE3, 0xECE3, 0xECE3,
  0xECE3, 0xECE3, 0xECE3, 0xECE3, 0xECE3, 0xECE3, 0xECE3, 0xECE3, 0xECE3, 0xECE3, 0xECE3, 0xECE3,
  0xECE3, 0xECE3, 0xECE3, 0xECE3, 0xECE3, 0xECE3, 0xECE3, 0xECE3, 0xECE3, 0xECE3, 0xECE3, 0xECE3,
  0xECE3, 0xECE3, 0xECE3, 0xECE3, 0xECE3, 0xECE3, 0xECE3, 0xECE3, 0xECE3, 0xECE3, 0xECE3, 0xECE3,
  0xECE3, 0xECE3, 0xECE3, 0xECE3, 0xECE3, 0xECE3, 0xF503, 0xCC23, 0x20E4, 0x20E3, 0x20E4, 0x20E4,
  0x20E4, 0x20E3, 0x20E3, 0x2103, 0x20E3, 0x20E3, 0x20E3, 0x20E4, 0x20E4, 0x20E4, 0x20E4, 0x20E3,
  0x20E3, 0x20E4, 0x20E3, 0x2103, 0x20E4, 0x20E3, 0x20E4, 0x2104, 0x2104, 0x20E4, 0x2104, 0x20E4,
  0x20E4, 0x20E4, 0x20E4, 0x20E4, 0x2104, 0x20E4, 0x2104, 0x20E4, 0x20E4, 0x2104, 0x20E4, 0x20E4,
  0x20E4, 0x2104, 0x20E4, 0x20E4, 0x2104, 0x2104, 0x2104, 0x2104, 0x2104, 0x2104, 0x20E3, 0x2104,
  0x2104, 0x2104, 0x2104, 0x20E4, 0x20E4, 0x20E3, 0x20E3, 0x20E4, 0x20E3, 0x20E4, 0x20E3, 0x20E3,
  0x20E4, 0x20E3, 0x20E4, 0x20E4, 0x2104, 0x2104, 0x20E4, 0x20E4, 0x20E4, 0x20E3, 0x20E4, 0x20E4,
  0x2104, 0x2104, 0x2104, 0x20E4, 0x20E4, 0x20E4, 0x20E3, 0x20E4, 0x20E4, 0x2104, 0x20E3, 0x20E4,
  0x20E4, 0x20E3, 0x20E4, 0x20E3, 0x20E4, 0x20E4, 0x2104, 0x20E4, 0x20E4, 0x20E4, 0x20E4, 0x20E4,
  0x2104, 0x2104, 0x20E4, 0x2104, 0x20E3, 0x2104, 0x20E4, 0x2104, 0x2104, 0x2104, 0x20E4, 0x2104,
  0x2104, 0x20E4, 0x2104, 0x2104, 0x2104, 0x2104, 0x2104, 0x2104, 0x2104, 0x20E4, 0x2104, 0x20E4,
  0x20E4, 0x20E4, 0x20E4, 0x20E4, 0x20E4, 0x20E4, 0x20E3, 0x2104, 0x2104, 0x20E4, 0x20E3, 0x2104,
  0x20E4, 0x2104, 0x20E4, 0x2104, 0x20E4, 0x2104, 0x2103, 0x20E4, 0x20E3, 0x20E4, 0x20E4, 0x20E3,
  0x2104, 0x20E4, 0x20E4, 0x20E3, 0x2104, 0x2104, 0x20E4, 0x20E3, 0x20E4, 0x2103, 0x20E3, 0x20E3,
  0xECE3, 0xECE3, 0xECE3, 0xECE3, 0xECE3, 0xECE3, 0xECE3, 0xECE3, 0xECE3, 0xECE3, 0xECE3, 0xECE3,
  0xECE3, 0xECE3, 0xECE3, 0xECE3, 0xECE3, 0xECE3, 0xECE3, 0xECE3, 0xECE3, 0xECE3, 0xECE3, 0xECE3,
  0xECE3, 0xECE3, 0xECE3, 0xECE3, 0xECE3, 0xECE3, 0xECE3, 0xECE3, 0xECE3, 0xECE3, 0xECE3, 0xECE3,
  0xECE3, 0xECE3, 0xECE3, 0xECE3, 0xECE3, 0xECE3, 0xECE3, 0xECE3, 0xECE3, 0xECE3, 0xECE3, 0xECE3,
  0xECE3, 0xECE3, 0xECE3, 0xECE3, 0xECE3, 0xECE3, 0xECE3, 0xECE3, 0xECE3, 0xECE3, 0xECE3, 0xECE3,
  0xECE3, 0xECE3, 0xECE3, 0xECE3, 0xECE3, 0xECE3, 0xECE3, 0xECE3, 0xECE3, 0xECE3, 0xECE3, 0xECE3,
  0xECE3, 0xECE3, 0xECE3, 0xECE3, 0xECE3, 0xECE3, 0xF503, 0xCC23, 0x20E4, 0x20E3, 0x20E4, 0x20E3,
  0x20E4, 0x20E4, 0x20E4, 0x20E4, 0x2104, 0x2104, 0x20E4, 0x2104, 0x20E4, 0x2104, 0x20E4, 0x20E4,
  0x20E4, 0x20E4, 0x20E4, 0x20E3, 0x20E3, 0x20E4, 0x20E3, 0x2104, 0x2104, 0x2104, 0x2104, 0x20E4,
  0x20E4, 0x2104, 0x2104, 0x2104, 0x20E4, 0x2104, 0x20E4, 0x20E3, 0x2104, 0x20E4, 0x2104, 0x2104,
  0x2104, 0x2104, 0x2104, 0x2104, 0x20E4, 0x2104, 0x2104, 0x20E4, 0x20E4, 0x2104, 0x20E3, 0x2104,
  0x2104, 0x20E3, 0x20E4, 0x2104, 0x20E4, 0x20E4, 0x20E4, 0x20E4, 0x2104, 0x20E4, 0x20E4, 0x20E4,
  0x20E4, 0x20E4, 0x20E3, 0x20E4, 0x2104, 0x20E4, 0x20E4, 0x20E3, 0x20E3, 0x20E3, 0x20E3, 0x2104,
  0x20E4, 0x20E4, 0x2104, 0x20E4, 0x20E4, 0x2103, 0x20E4, 0x20E4, 0x2103, 0x20E4, 0x20E4, 0x2104,
  0x20E4, 0x20E4, 0x20E4, 0x20E3, 0x2104, 0x20E4, 0x20E3, 0x2103, 0x20E4, 0x20E3, 0x20E4, 0x20E3,
  0x20E4, 0x2104, 0x20E4, 0x20E4, 0x20E4, 0x20E3, 0x20E3, 0x2104, 0x2104, 0x20E4, 0x2104, 0x20E4,
  0x2104, 0x20E4, 0x2104, 0x2104, 0x2104, 0x2104, 0x20E4, 0x2104, 0x2104, 0x2104, 0x20E4, 0x20E4,
  0x20E4, 0x2104, 0x20E3, 0x20E4, 0x20E3, 0x20E4, 0x20E3, 0x20E3, 0x20E3, 0x20E4, 0x20E4, 0x20E3,
  0x20E3, 0x2104, 0x20E4, 0x2104, 0x20E4, 0x2104, 0x20E4, 0x20E4, 0x20E3, 0x20E4, 0x20E4, 0x20E4,
  0x2104, 0x20E4, 0x20E3, 0x20E4, 0x2104, 0x2104, 0x20E4, 0x20E3, 0x2104, 0x20E4, 0x2103, 0x2103,
  0xECE3, 0xECE3, 0xECE3, 0xECE3, 0xECE3, 0xECE3, 0xECE3, 0xECE3, 0xECE3, 0xECE3, 0xECE3, 0xECE3,
  0xECE3, 0xECE3, 0xECE3, 0xECE3, 0xECE3, 0xECE3, 0xECE3, 0xECE3, 0xECE3, 0xECE3, 0xECE3, 0xECE3,
  0xECE3, 0xECE3, 0xECE3, 0xECE3, 0xECE3, 0xECE3, 0xECE3, 0xECE3, 0xECE3, 0xECE3, 0xECE3, 0xECE3,
  0xECE3, 0xECE3, 0xECE3, 0xECE3, 0xECE3, 0xECE3, 0xECE3, 0xECE3, 0xECE3, 0xECE3, 0xECE3, 0xECE3,
  0xECE3, 0xECE3, 0xECE3, 0xECE3, 0xECE3, 0xECE3, 0xECE3, 0xECE3, 0xECE3, 0xECE3, 0xECE3, 0xECE3,
  0xECE3, 0xECE3, 0xECE3, 0xECE3, 0xECE3, 0xECE3, 0xECE3, 0xECE3, 0xECE3, 0xECE3, 0xECE3, 0xECE3,
  0xECE3, 0xECE3, 0xECE3, 0xECE3, 0xECE3, 0xECE3, 0xF503, 0xCC43, 0x20E4, 0x20E3, 0x20E3, 0x20E4,
  0x20E4, 0x20E4, 0x20E4, 0x20E4, 0x2104, 0x20E4, 0x2104, 0x20E4, 0x20E4, 0x20E4, 0x20E4, 0x20E3,
  0x20E3, 0x20E4, 0x20E3, 0x20E3, 0x20E3, 0x2104, 0x20E4, 0x20E4, 0x20E3, 0x20E3, 0x20E4, 0x20E4,
  0x2104, 0x2104, 0x2104, 0x2104, 0x20E4, 0x20E4, 0x20E3, 0x2103, 0x2104, 0x2104, 0x20E4, 0x20E4,
  0x2104, 0x2104, 0x2104, 0x2104, 0x2104, 0x2104, 0x2104, 0x2104, 0x2104, 0x20E4, 0x20E4, 0x20E4,
  0x20E4, 0x2104, 0x2104, 0x2104, 0x20E4, 0x20E4, 0x20E4, 0x2103, 0x2104, 0x20E3, 0x20E3, 0x20E3,
  0x20E4, 0x2104, 0x2104, 0x20E4, 0x2104, 0x2104, 0x20E4, 0x20E3, 0x20E4, 0x20E3, 0x2104, 0x2104,
  0x2104, 0x2104, 0x20E4, 0x2104, 0x20E4, 0x2104, 0x20E3, 0x2104, 0x20E3, 0x2104, 0x20E4, 0x2104,
  0x20E4, 0x20E4, 0x2104, 0x20E3, 0x2104, 0x20E4, 0x20E4, 0x20E4, 0x2104, 0x2104, 0x20E3, 0x20E4,
  0x20E4, 0x20E4, 0x20E4, 0x20E4, 0x20E4, 0x2104, 0x2104, 0x20E4, 0x20E4, 0x20E4, 0x2104, 0x2104,
  0x2104, 0x2104, 0x2104, 0x2104, 0x2104, 0x2104, 0x2104, 0x2104, 0x2104, 0x2104, 0x20E4, 0x2104,
  0x20E4, 0x2104, 0x20E4, 0x20E4, 0x20E3, 0x20E4, 0x20E4, 0x20E4, 0x20E3, 0x20E4, 0x20E3, 0x20E4,
  0x20E4, 0x20E3, 0x20E4, 0x2104, 0x2104, 0x20E3, 0x20E4, 0x20E3, 0x20E4, 0x20E4, 0x20E4, 0x20E4,
  0x20E4, 0x20E4, 0x2104, 0x20E4, 0x20E4, 0x20E4, 0x2104, 0x20E4, 0x2104, 0x2104, 0x20E4, 0x2104,
  0xECE3, 0xECE3, 0xECE3, 0xECE3, 0xECE3, 0xECE3, 0xECE3, 0xECE3, 0xECE3, 0xECE3, 0xECE3, 0xECE3,
  0xECE3, 0xECE3, 0xECE3, 0xECE3, 0xECE3, 0xECE3, 0xECE3, 0xECE3, 0xECE3, 0xECE3, 0xECE3, 0xECE3,
  0xECE3, 0xECE3, 0xECE3, 0xECE3, 0xECE3, 0xECE3, 0xECE3, 0xECE3, 0xECE3, 0xECE3, 0xECE3, 0xECE3,
  0xECE3, 0xECE3, 0xECE3, 0xECE3, 0xECE3, 0xECE3, 0xECE3, 0xECE3, 0xECE3, 0xECE3, 0xECE3, 0xECE3,
  0xECE3, 0xECE3, 0xECE3, 0xECE3, 0xECE3, 0xECE3, 0xECE3, 0xECE3, 0xECE3, 0xECE3, 0xECE3, 0xECE3,
  0xECE3, 0xECE3, 0xECE3, 0xECE3, 0xECE3, 0xECE3, 0xECE3, 0xECE3, 0xECE3, 0xECE3, 0xECE3, 0xECE3,
  0xECE3, 0xECE3, 0xECE3, 0xECE3, 0xECE3, 0xECE3, 0xF503, 0xCC43, 0x20E4, 0x20E3, 0x2103, 0x2104,
  0x2104, 0x2104, 0x20E4, 0x20E4, 0x20E4, 0x20E3, 0x2104, 0x20E4, 0x2104, 0x2104, 0x20E3, 0x20E4,
  0x20E4, 0x20E4, 0x20E3, 0x20E3, 0x20E4, 0x20E4, 0x20E4, 0x20E4, 0x2104, 0x20E4, 0x2104, 0x2104,
  0x2104, 0x2104, 0x2104, 0x20E4, 0x20E4, 0x20E4, 0x20E4, 0x20E4, 0x2104, 0x20E4, 0x20E4, 0x20E4,
  0x20E4, 0x2104, 0x2104, 0x2104, 0x2104, 0x2104, 0x2104, 0x2104, 0x20E4, 0x20E4, 0x2104, 0x20E4,
  0x20E4, 0x20E4, 0x20E4, 0x2104, 0x2104, 0x20E4, 0x2104, 0x2104, 0x20E4, 0x20E4, 0x20E4, 0x20E4,
  0x20E4, 0x20E4, 0x20E4, 0x20E4, 0x20E4, 0x2104, 0x2104, 0x2104, 0x20E4, 0x20E4, 0x20E4, 0x20E3,
  0x20E4, 0x2104, 0x2104, 0x20E4, 0x2104, 0x20E4, 0x20E4, 0x2104, 0x20E4, 0x2103, 0x20E4, 0x2104,
  0x20E3, 0x20E3, 0x20E4, 0x20E4, 0x2104, 0x2104, 0x20E4, 0x2104, 0x2104, 0x20E4, 0x20E3, 0x20E4,
  0x20E4, 0x20E4, 0x20E4, 0x20E4, 0x20E4, 0x2104, 0x2104, 0x20E3, 0x20E4, 0x20E4, 0x20E4, 0x2104,
  0x20E4, 0x2104, 0x2104, 0x2104, 0x2104, 0x2104, 0x2104, 0x2104, 0x2104, 0x2104, 0x20E4, 0x20E3,
  0x2104, 0x20E4, 0x20E3, 0x20E4, 0x20E4, 0x20E4, 0x20E4, 0x20E3, 0x20E3, 0x20E4, 0x20E3, 0x20E4,
  0x20E4, 0x2104, 0x2104, 0x20E4, 0x2104, 0x2104, 0x2104, 0x2104, 0x20E4, 0x2104, 0x20E4, 0x20E4,
  0x2104, 0x2104, 0x20E4, 0x20E4, 0x2104, 0x20E4, 0x2104, 0x20E4, 0x2104, 0x2104, 0x2104, 0x20E4,
  0xECE3, 0xECE3, 0xECE3, 0xECE3, 0xECE3, 0xECE3, 0xECE3, 0xECE3, 0xECE3, 0xECE3, 0xECE3, 0xECE3,
  0xECE3, 0xECE3, 0xECE3, 0xECE3, 0xECE3, 0xECE3, 0xECE3, 0xECE3, 0xECE3, 0xECE3, 0xECE3, 0xECE3,
  0xECE3, 0xECE3, 0xECE3, 0xECE3, 0xECE3, 0xECE3, 0xECE3, 0xECE3, 0xECE3, 0xECE3, 0xECE3, 0xECE3,
  0xECE3, 0xECE3, 0xECE3, 0xECE3, 0xECE3, 0xECE3, 0xECE3, 0xECE3, 0xECE3, 0xECE3, 0xECE3, 0xECE3,
  0xECE3, 0xECE3, 0xECE3, 0xECE3, 0xECE3, 0xECE3, 0xECE3, 0xECE3, 0xECE3, 0xECE3, 0xECE3, 0xECE3,
  0xECE3, 0xECE3, 0xECE3, 0xECE3, 0xECE3, 0xECE3, 0xECE3, 0xECE3, 0xECE3, 0xECE3, 0xECE3, 0xECE3,
  0xECE3, 0xECE3, 0xECE3, 0xECE3, 0xECE3, 0xECE3, 0xF503, 0xCC43, 0x20E4, 0x20E3, 0x20E3, 0x20E4,
  0x20E4, 0x20E4, 0x20E4, 0x20E3, 0x20E4, 0x20E4, 0x20E4, 0x2104, 0x20E4, 0x20E4, 0x2103, 0x20E4,
  0x20E4, 0x20E4, 0x20E4, 0x20E3, 0x20E4, 0x20E3, 0x20E4, 0x20E4, 0x20E4, 0x20E4, 0x20E3, 0x20E4,
  0x20E4, 0x2104, 0x2104, 0x20E3, 0x2104, 0x20E4, 0x20E4, 0x2104, 0x20E4, 0x2104, 0x2104, 0x2104,
  0x20E4, 0x2104, 0x2104, 0x2104, 0x2104, 0x20E4, 0x20E4, 0x20E4, 0x20E4, 0x20E4, 0x20E4, 0x20E4,
  0x20E3, 0x20E4, 0x20E4, 0x2104, 0x2104, 0x2104, 0x20E4, 0x2104, 0x2104, 0x20E4, 0x2104, 0x2104,
  0x20E4, 0x20E4, 0x20E4, 0x2104, 0x20E4, 0x20E4, 0x20E4, 0x2104, 0x20E4, 0x20E4, 0x20E3, 0x20E4,
  0x20E4, 0x2104, 0x2104, 0x2104, 0x2104, 0x20E4, 0x2104, 0x20E4, 0x2104, 0x20E4, 0x2104, 0x2104,
  0x20E4, 0x20E3, 0x2104, 0x20E4, 0x20E4, 0x2104, 0x20E3, 0x20E4, 0x20E3, 0x20E4, 0x20E4, 0x20E3,
  0x20E4, 0x20E3, 0x20E4, 0x20E4, 0x2103, 0x20E4, 0x20E4, 0x2104, 0x20E4, 0x20E4, 0x2104, 0x2104,
  0x2104, 0x2104, 0x2104, 0x2104, 0x2104, 0x2104, 0x20E4, 0x2104, 0x20E4, 0x2104, 0x20E3, 0x20E3,
  0x20E4, 0x20E4, 0x20E4, 0x20E3, 0x2104, 0x20E4, 0x20E3, 0x20E3, 0x20E3, 0x20E4, 0x20E4, 0x20E3,
  0x20E4, 0x2104, 0x20E4, 0x20E4, 0x2104, 0x20E4, 0x20E4, 0x2104, 0x20E4, 0x2104, 0x2104, 0x2104,
  0x20E4, 0x20E4, 0x2104, 0x20E4, 0x2104, 0x20E4, 0x20E4, 0x2104, 0x20E4, 0x20E4, 0x2104, 0x2104,
  0xECE3, 0xECE3, 0xECE3, 0xECE3, 0xECE3, 0xECE3, 0xECE3, 0xECE3, 0xECE3, 0xECE3, 0xECE3, 0xECE3,
  0xECE3, 0xECE3, 0xECE3, 0xECE3, 0xECE3, 0xECE3, 0xECE3, 0xECE3, 0xECE3, 0xECE3, 0xECE3, 0xECE3,
  0xECE3, 0xECE3, 0xECE3, 0xECE3, 0xECE3, 0xECE3, 0xECE3, 0xECE3, 0xECE3, 0xECE3, 0xECE3, 0xECE3,
  0xECE3, 0xECE3, 0xECE3, 0xECE3, 0xECE3, 0xECE3, 0xECE3, 0xECE3, 0xECE3, 0xECE3, 0xECE3, 0xECE3,
  0xECE3, 0xECE3, 0xECE3, 0xECE3, 0xECE3, 0xECE3, 0xECE3, 0xECE3, 0xECE3, 0xECE3, 0xECE3, 0xECE3,
  0xECE3, 0xECE3, 0xECE3, 0xECE3, 0xECE3, 0xECE3, 0xECE3, 0xECE3, 0xECE3, 0xECE3, 0xECE3, 0xECE3,
  0xECE3, 0xECE3, 0xECE3, 0xECE3, 0xECE3, 0xECE3, 0xF503, 0xCC43, 0x20E4, 0x20E3, 0x20E4, 0x20E4,
  0x20E4, 0x20E3, 0x20E3, 0x20E3, 0x20E3, 0x20E4, 0x20E4, 0x20E3, 0x2104, 0x20E4, 0x20E4, 0x2104,
  0x20E4, 0x20E3, 0x20E4, 0x20E4, 0x20E3, 0x20E3, 0x2104, 0x2104, 0x20E3, 0x20E4, 0x20E4, 0x20E4,
  0x20E4, 0x2104, 0x20E4, 0x20E4, 0x2104, 0x2103, 0x20E4, 0x2104, 0x20E4, 0x2104, 0x20E4, 0x20E4,
  0x2104, 0x2104, 0x20E4, 0x2104, 0x2104, 0x2104, 0x20E4, 0x20E4, 0x20E4, 0x20E4, 0x20E3, 0x20E4,
  0x20E4, 0x20E4, 0x20E4, 0x20E4, 0x2104, 0x20E4, 0x20E4, 0x20E4, 0x2104, 0x20E4, 0x20E4, 0x2104,
  0x20E4, 0x20E3, 0x20E4, 0x2104, 0x2103, 0x20E4, 0x20E4, 0x2104, 0x20E3, 0x20E4, 0x2104, 0x2104,
  0x2104, 0x20E4, 0x20E4, 0x20E4, 0x20E3, 0x20E4, 0x2104, 0x2104, 0x20E4, 0x2104, 0x20E4, 0x2104,
  0x20E4, 0x20E4, 0x20E4, 0x2104, 0x2104, 0x2104, 0x20E4, 0x20E3, 0x20E4, 0x20E4, 0x20E3, 0x20E3,
  0x20E4, 0x20E3, 0x20E4, 0x20E3, 0x20E4, 0x20E4, 0x20E3, 0x2104, 0x20E4, 0x20E4, 0x20E4, 0x2104,
  0x20E4, 0x2104, 0x20E4, 0x20E4, 0x2104, 0x2104, 0x20E4, 0x20E3, 0x20E3, 0x20E4, 0x20E4, 0x20E3,
  0x20E4, 0x2103, 0x2104, 0x20E4, 0x20E3, 0x20E3, 0x20E3, 0x20E3, 0x20E3, 0x2104, 0x2104, 0x2104,
  0x20E4, 0x20E4, 0x20E4, 0x20E4, 0x20E4, 0x20E4, 0x20E4, 0x20E4, 0x2104, 0x20E4, 0x2104, 0x2104,
  0x20E4, 0x2104, 0x20E3, 0x20E4, 0x20E4, 0x20E4, 0x20E4, 0x20E4, 0x2104, 0x2104, 0x2104, 0x20E3,
  0xECE3, 0xECE3, 0xECE3, 0xECE3, 0xECE3, 0xECE3, 0xECE3, 0xECE3, 0xECE3, 0xECE3, 0xECE3, 0xECE3,
  0xECE3, 0xECE3, 0xECE3, 0xECE3, 0xECE3, 0xECE3, 0xECE3, 0xECE3, 0xECE3, 0xECE3, 0xECE3, 0xECE3,
  0xECE3, 0xECE3, 0xECE3, 0xECE3, 0xECE3, 0xECE3, 0xECE3, 0xECE3, 0xECE3, 0xECE3, 0xECE3, 0xECE3,
  0xECE3, 0xECE3, 0xECE3, 0xECE3, 0xECE3, 0xECE3, 0xECE3, 0xECE3, 0xECE3, 0xECE3, 0xECE3, 0xECE3,
  0xECE3, 0xECE3, 0xECE3, 0xECE3, 0xECE3, 0xECE3, 0xECE3, 0xECE3, 0xECE3, 0xECE3, 0xECE3, 0xECE3,
  0xECE3, 0xECE3, 0xECE3, 0xECE3, 0xECE3, 0xECE3, 0xECE3, 0xECE3, 0xECE3, 0xECE3, 0xECE3, 0xECE3,
  0xECE3, 0xECE3, 0xECE3, 0xECE3, 0xECE3, 0xECE3, 0xF503, 0xCC43, 0x2104, 0x20E3, 0x20E4, 0x20E4,
  0x20E4, 0x20E3, 0x20E4, 0x20E4, 0x20E4, 0x20E3, 0x20E3, 0x20E4, 0x20E4, 0x20E3, 0x20E4, 0x20E3,
  0x20E3, 0x20E4, 0x20E3, 0x20E4, 0x20E3, 0x20E3, 0x20E3, 0x20E4, 0x20E4, 0x20E4, 0x20E3, 0x20E4,
  0x20E3, 0x2104, 0x2104, 0x2104, 0x20E4, 0x2104, 0x2104, 0x2104, 0x2104, 0x2104, 0x20E4, 0x20E4,
  0x2104, 0x20E4, 0x20E3, 0x20E4, 0x2104, 0x20E3, 0x20E4, 0x20E3, 0x20E3, 0x20E3, 0x20E4, 0x20E4,
  0x20E4, 0x20E3, 0x20E4, 0x2103, 0x20E4, 0x2104, 0x20E4, 0x2104, 0x2104, 0x20E4, 0x2104, 0x20E4,
  0x20E4, 0x20E4, 0x20E4, 0x20E4, 0x2104, 0x20E3, 0x20E4, 0x20E3, 0x20E4, 0x20E3, 0x20E4, 0x2104,
  0x2104, 0x20E4, 0x20E3, 0x20E4, 0x20E3, 0x20E4, 0x20E4, 0x2104, 0x20E4, 0x2104, 0x2104, 0x20E4,
  0x20E4, 0x2103, 0x20E4, 0x2104, 0x2104, 0x20E4, 0x20E4, 0x20E4, 0x20E4, 0x20E4, 0x20E3, 0x20E3,
  0x20E3, 0x20E4, 0x20E4, 0x20E3, 0x20E4, 0x20E4, 0x20E3, 0x20E4, 0x20E4, 0x2104, 0x2104, 0x20E4,
  0x20E4, 0x20E4, 0x20E4, 0x20E4, 0x20E3, 0x20E4, 0x20E4, 0x20E3, 0x20E3, 0x20E3, 0x20E3, 0x20E3,
  0x20E4, 0x20E4, 0x20E4, 0x2104, 0x20E3, 0x20E3, 0x20E3, 0x20E3, 0x20E3, 0x20E4, 0x20E4, 0x20E4,
  0x20E4, 0x20E4, 0x20E4, 0x20E4, 0x20E4, 0x20E4, 0x20E4, 0x20E4, 0x2104, 0x2104, 0x2104, 0x2104,
  0x20E4, 0x20E4, 0x20E3, 0x20E3, 0x20E3, 0x20E3, 0x20E3, 0x20E4, 0x2104, 0x20E4, 0x2104, 0x2104,
  0xECE3, 0xED03, 0xECE3, 0xECE3, 0xECE3, 0xECE3, 0xECE3, 0xECE3, 0xECE3, 0xECE3, 0xECE3, 0xECE3,
  0xECE3, 0xED03, 0xECE3, 0xECE3, 0xECE3, 0xECE3, 0xECE3, 0xED03, 0xECE3, 0xECE3, 0xECE3, 0xECE3,
  0xECE3, 0xECE3, 0xECE3, 0xECE3, 0xECE3, 0xECE3, 0xECE3, 0xECE3, 0xECE3, 0xECE3, 0xECE3, 0xECE3,
  0xECE3, 0xECE3, 0xECE3, 0xECE3, 0xECE3, 0xECE3, 0xECE3, 0xECE3, 0xECE3, 0xECE3, 0xECE3, 0xECE3,
  0xECE3, 0xECE3, 0xECE3, 0xECE3, 0xECE3, 0xECE3, 0xECE3, 0xECE3, 0xECE3, 0xECE3, 0xECE3, 0xECE3,
  0xECE3, 0xECE3, 0xECE3, 0xECE3, 0xECE3, 0xECE3, 0xECE3, 0xECE3, 0xECE3, 0xECE3, 0xECE3, 0xECE3,
  0xECE3, 0xECE3, 0xECE3, 0xECE3, 0xECE3, 0xECE3, 0xF503, 0xCC43, 0x2104, 0x20E3, 0x20E3, 0x20E3,
  0x20E4, 0x20E3, 0x20E3, 0x20E4, 0x20E3, 0x20E3, 0x20E3, 0x20E3, 0x20E4, 0x20E4, 0x20E4, 0x20E4,
  0x20E4, 0x20E4, 0x20E4, 0x20E3, 0x20E3, 0x20E3, 0x20E3, 0x20E3, 0x20E3, 0x20E3, 0x20E4, 0x20E3,
  0x20E4, 0x20E4, 0x20E4, 0x2104, 0x2104, 0x2104, 0x20E4, 0x20E3, 0x20E4, 0x20E4, 0x20E4, 0x2104,
  0x20E3, 0x20E3, 0x20E3, 0x20E4, 0x20E3, 0x20E3, 0x20E3, 0x20E3, 0x20E3, 0x20E3, 0x20E3, 0x20E3,
  0x20E3, 0x20E3, 0x20E3, 0x20E4, 0x20E4, 0x20E4, 0x20E4, 0x20E4, 0x20E4, 0x20E4, 0x20E4, 0x20E4,
  0x20E3, 0x20E3, 0x20E3, 0x20E3, 0x20E4, 0x20E3, 0x20E3, 0x20E3, 0x20E3, 0x20E3, 0x20E4, 0x20E4,
  0x20E4, 0x20E4, 0x20E4, 0x20E4, 0x20E3, 0x20E3, 0x20E3, 0x20E4, 0x20E4, 0x2104, 0x2104, 0x20E4,
  0x20E4, 0x2104, 0x20E4, 0x20E4, 0x20E4, 0x20E3, 0x20E4, 0x20E4, 0x20E4, 0x20E4, 0x20E4, 0x20E4,
  0x20E3, 0x20E3, 0x20E4, 0x20E4, 0x20E3, 0x20E4, 0x20E4, 0x20E4, 0x20E4, 0x2104, 0x2104, 0x20E4,
  0x20E4, 0x20E3, 0x20E3, 0x20E4, 0x20E3, 0x20E3, 0x20E3, 0x20E3, 0x20E3, 0x20E3, 0x20E3, 0x20E3,
  0x20E3, 0x2104, 0x20E4, 0x20E4, 0x2104, 0x20E3, 0x20E3, 0x20E3, 0x20E4, 0x20E4, 0x20E3, 0x20E3,
  0x20E3, 0x20E3, 0x20E4, 0x2104, 0x20E4, 0x20E4, 0x20E4, 0x20E3, 0x20E4, 0x2104, 0x20E4, 0x20E4,
  0x20E4, 0x20E3, 0x20E3, 0x20E3, 0x20E3, 0x20E3, 0x20E3, 0x20E3, 0x20E3, 0x20E4, 0x2104, 0x2104,
};
